<environmentvariabledefinition schemaname="esamk_TargetURL_EarthObservation">
  <defaultvalue>https://scaleupdev.crm4.dynamics.com/main.aspx?appid=83608c88-dc5d-4eb1-bbac-6dade776df18&amp;forceUCI=1&amp;pagetype=entityrecord&amp;etn=esamk_lut_domain&amp;id=375dd40b-80ae-f011-bbd2-7ced8d486946</defaultvalue>
  <displayname default="TargetURL_EarthObservation">
    <label description="TargetURL_EarthObservation" languagecode="1033" />
  </displayname>
  <introducedversion>1.0.0.25</introducedversion>
  <iscustomizable>1</iscustomizable>
  <isrequired>0</isrequired>
  <secretstore>0</secretstore>
  <type>100000000</type>
</environmentvariabledefinition>