<ImportExportXml xmlns:xsi="http://www.w3.org/2001/XMLSchema-instance" OrganizationVersion="9.2.25095.163" OrganizationSchemaType="Full" CRMServerServiceabilityVersion="9.2.25095.00163">
  <Entities>
    <Entity>
      <Name LocalizedName="AuthorisationOfFunding" OriginalName="AuthorisationOfFunding">esamk_LetterOfSupport1</Name>
      <EntityInfo>
        <entity Name="esamk_LetterOfSupport1" unmodified="1">
          <attributes />
        </entity>
      </EntityInfo>
      <RibbonDiffXml>
        <CustomActions>
          <CustomAction Id="esamk.ChangeSpecifiers.CustomAction" Location="Mscrm.Form.esamk_letterofsupport1.MainTab.Save.Controls._children" Sequence="10">
            <CommandUIDefinition>
              <Button Command="esamk.ChangeSpecifiers.Command" Id="ChangeSpecifiers" LabelText="$LocLabels:ChangeSpecifiers.LabelText" Sequence="10" TemplateAlias="o2" ToolTipTitle="$LocLabels:ChangeSpecifiers.ToolTipTitle" ToolTipDescription="$LocLabels:ChangeSpecifiers.ToolTipDescription" ModernImage="Edit" />
            </CommandUIDefinition>
          </CustomAction>
          <CustomAction Id="esamk.LetterOfSupport.Form.Delete.CustomAction" Location="Mscrm.Form.esamk_letterofsupport1.MainTab.Save.Controls._children" Sequence="40">
            <CommandUIDefinition>
              <Button Command="outofboxdeletecommand" Id="LetterOfSupport.Form.Delete" LabelText="$LocLabels:LetterOfSupport.Form.Delete.LabelText" Sequence="40" TemplateAlias="o2" ToolTipTitle="$LocLabels:LetterOfSupport.Form.Delete.ToolTipTitle" ToolTipDescription="$LocLabels:LetterOfSupport.Form.Delete.ToolTipDescription" ModernImage="Remove" />
            </CommandUIDefinition>
          </CustomAction>
          <CustomAction Id="esamk.LetterOfSupport.Grid.Delete.CustomAction" Location="Mscrm.HomepageGrid.esamk_letterofsupport1.MainTab.Management.Controls._children" Sequence="5">
            <CommandUIDefinition>
              <Button Command="esamk.TestDelete.Command" Id="LetterOfSupport.Grid.Delete" Image32by32="$webresource:LeadManagement/_imgs/ribbon/DeleteSelected_32.png" Image16by16="$webresource:Sales/_imgs/ribbon/Delete_16.png" LabelText="$LocLabels:LetterOfSupport.Grid.Delete.LabelText" Sequence="5" TemplateAlias="o2" ToolTipTitle="$LocLabels:LetterOfSupport.Grid.Delete.ToolTipTitle" ToolTipDescription="$LocLabels:LetterOfSupport.Grid.Delete.ToolTipDescription" />
            </CommandUIDefinition>
          </CustomAction>
          <CustomAction Id="esamk.Mscrm.Form.esamk_letterofsupport1.Delete.CustomAction" Location="Mscrm.Form.esamk_letterofsupport1.MainTab.Save.Controls._children" Sequence="70">
            <CommandUIDefinition>
              <Button Alt="$Resources:Ribbon.HomepageGrid.MainTab.Management.Delete" Command="esamk.Delete.Form.Command" Id="Mscrm.Form.esamk_letterofsupport1.Delete" Image32by32="/_imgs/Workplace/remove_32.png" Image16by16="/_imgs/ribbon/Delete_16.png" LabelText="$Resources:Ribbon.HomepageGrid.MainTab.Management.Delete" Sequence="70" TemplateAlias="o2" ToolTipTitle="$Resources:Mscrm_Form_Other_MainTab_Management_Delete_ToolTipTitle" ToolTipDescription="$Resources(EntityDisplayName):Ribbon.Form.Tooltip.Delete" ModernImage="Remove" />
            </CommandUIDefinition>
          </CustomAction>
          <CustomAction Id="esamk.Mscrm.HomepageGrid.esamk_letterofsupport1.DeleteMenu.CustomAction" Location="Mscrm.HomepageGrid.esamk_letterofsupport1.MainTab.Management.Controls._children" Sequence="50">
            <CommandUIDefinition>
              <SplitButton Alt="$Resources:Ribbon.HomepageGrid.MainTab.Management.Delete" Command="outofboxdeletecommand" Id="Mscrm.HomepageGrid.esamk_letterofsupport1.DeleteMenu" Image32by32="/_imgs/Workplace/remove_32.png" Image16by16="/_imgs/ribbon/Delete_16.png" LabelText="$Resources:Ribbon.HomepageGrid.MainTab.Management.Delete" Sequence="50" TemplateAlias="o2" ToolTipTitle="$Resources:Mscrm_HomepageGrid_Other_MainTab_Management_Delete_ToolTipTitle" ToolTipDescription="$Resources(EntityPluralDisplayName):Ribbon.HomepageGrid.Tooltip.Delete" ModernImage="Remove">
                <Menu Id="Mscrm.HomepageGrid.esamk_letterofsupport1.DeleteMenu.Menu">
                  <MenuSection Id="Mscrm.HomepageGrid.esamk_letterofsupport1.DeleteMenu.MenuSection" Sequence="10" DisplayMode="Menu16">
                    <Controls Id="Mscrm.HomepageGrid.esamk_letterofsupport1.DeleteMenu.MenuSection.Controls">
                      <Button Alt="$Resources:Ribbon.HomepageGrid.MainTab.Management.Delete" Command="outofboxdeletecommand" Id="Mscrm.HomepageGrid.esamk_letterofsupport1.Delete" Image32by32="/_imgs/Workplace/remove_32.png" Image16by16="/_imgs/ribbon/Delete_16.png" LabelText="$Resources:Ribbon.HomepageGrid.MainTab.Management.Delete" Sequence="50" ToolTipTitle="$Resources:Mscrm_HomepageGrid_Other_MainTab_Management_Delete_ToolTipTitle" ToolTipDescription="$Resources(EntityPluralDisplayName):Ribbon.HomepageGrid.Tooltip.Delete" ModernImage="Remove" />
                      <Button Command="outofboxdeletecommand" Id="Mscrm.HomepageGrid.esamk_letterofsupport1.BulkDelete" Image32by32="/_imgs/ribbon/BulkDeleteWizard_32.png" Image16by16="/_imgs/ribbon/BulkDelete_16.png" LabelText="$Resources:Ribbon.HomepageGrid.MainTab.Management.BulkDelete" Sequence="100" ToolTipTitle="$Resources:Ribbon.HomepageGrid.MainTab.Management.BulkDelete" ToolTipDescription="$Resources:Ribbon.HomepageGrid.MainTab.Management.BulkDelete.TooltipDescription" />
                    </Controls>
                  </MenuSection>
                </Menu>
              </SplitButton>
            </CommandUIDefinition>
          </CustomAction>
          <CustomAction Id="esamk.SendToDocuSign.CustomAction" Location="Mscrm.Form.esamk_letterofsupport1.MainTab.Save.Controls._children" Sequence="30">
            <CommandUIDefinition>
              <Button Command="esamk.SendToDocuSign.Command" Id="SendToDocuSign" LabelText="$LocLabels:SendToDocuSign.LabelText" Sequence="30" TemplateAlias="o2" ToolTipTitle="$LocLabels:SendToDocuSign.ToolTipTitle" ToolTipDescription="$LocLabels:SendToDocuSign.ToolTipDescription" ModernImage="Signature" />
            </CommandUIDefinition>
          </CustomAction>
          <CustomAction Id="esamk.SendToSpecifiers.CustomAction" Location="Mscrm.Form.esamk_letterofsupport1.MainTab.Save.Controls._children" Sequence="20">
            <CommandUIDefinition>
              <Button Command="esamk.SendToSpecifiers.Command" Id="SendToSpecifiers" LabelText="$LocLabels:SendToSpecifiers.LabelText" Sequence="20" TemplateAlias="o2" ToolTipTitle="$LocLabels:SendToSpecifiers.ToolTipTitle" ToolTipDescription="$LocLabels:SendToSpecifiers.ToolTipDescription" ModernImage="Mail" />
            </CommandUIDefinition>
          </CustomAction>
        </CustomActions>
        <Templates>
          <RibbonTemplates Id="Mscrm.Templates"></RibbonTemplates>
        </Templates>
        <CommandDefinitions>
          <CommandDefinition Id="esamk.ChangeSpecifiers.Command">
            <EnableRules>
              <EnableRule Id="esamk.Enable.ChangeSpecifiers" />
            </EnableRules>
            <DisplayRules />
            <Actions>
              <JavaScriptFunction FunctionName="openSpecifierPicker" Library="$webresource:esamk_esamk_buttoncontrol">
                <CrmParameter Value="PrimaryControl" />
              </JavaScriptFunction>
            </Actions>
          </CommandDefinition>
          <CommandDefinition Id="esamk.Delete.Form.Command">
            <EnableRules>
              <EnableRule Id="esamk.Enable.Form.Delete" />
              <EnableRule Id="Enable_TestDelete" />
            </EnableRules>
            <DisplayRules />
            <Actions>
              <JavaScriptFunction FunctionName="XrmCore.Commands.Delete.deletePrimaryRecord" Library="$webresource:Main_system_library.js">
                <CrmParameter Value="FirstPrimaryItemId" />
                <CrmParameter Value="PrimaryEntityTypeName" />
              </JavaScriptFunction>
            </Actions>
          </CommandDefinition>
          <CommandDefinition Id="esamk.Delete.Grid.Command">
            <EnableRules>
              <EnableRule Id="esamk.Enable.GridDeleteVisibility" />
              <EnableRule Id="esamk.Allow.Delete" />
            </EnableRules>
            <DisplayRules />
            <Actions>
              <JavaScriptFunction FunctionName="deleteFromGrid" Library="$webresource:esamk_esamk_buttoncontrol">
                <CrmParameter Value="PrimaryControl" />
              </JavaScriptFunction>
            </Actions>
          </CommandDefinition>
          <CommandDefinition Id="esamk.SendToDocuSign.Command">
            <EnableRules>
              <EnableRule Id="esamk.Enable.SendToDocuSign" />
            </EnableRules>
            <DisplayRules />
            <Actions>
              <JavaScriptFunction FunctionName="ESAMK.sendToDocuSign" Library="$webresource:esamk_esamk_buttoncontrol">
                <CrmParameter Value="PrimaryControl" />
              </JavaScriptFunction>
            </Actions>
          </CommandDefinition>
          <CommandDefinition Id="esamk.SendToSpecifiers.Command">
            <EnableRules>
              <EnableRule Id="esamk.Enable.SendToSpecifiers" />
            </EnableRules>
            <DisplayRules />
            <Actions>
              <JavaScriptFunction FunctionName="ESAMK.sendToSpecifiers" Library="$webresource:esamk_esamk_buttoncontrol">
                <CrmParameter Value="PrimaryControl" />
              </JavaScriptFunction>
            </Actions>
          </CommandDefinition>
          <CommandDefinition Id="esamk.TestDelete.Command">
            <EnableRules>
              <EnableRule Id="esamk.esamk_letterofsupport1.EnableRule7.EnableRule" />
            </EnableRules>
            <DisplayRules />
            <Actions>
              <JavaScriptFunction FunctionName="deleteSelectedRecords" Library="$webresource:esamk_esamk_buttoncontrol">
                <CrmParameter Value="SelectedControlSelectedItemIds" />
              </JavaScriptFunction>
            </Actions>
          </CommandDefinition>
          <CommandDefinition Id="outofboxdeletecommand">
            <EnableRules />
            <DisplayRules>
              <DisplayRule Id="hideoutofboxdelete" />
            </DisplayRules>
            <Actions />
          </CommandDefinition>
        </CommandDefinitions>
        <RuleDefinitions>
          <TabDisplayRules />
          <DisplayRules>
            <DisplayRule Id="hideoutofboxdelete">
              <EntityPrivilegeRule PrivilegeType="Delete" PrivilegeDepth="None" AppliesTo="PrimaryEntity" EntityName="esamk_letterofsupport1" InvertResult="true" />
            </DisplayRule>
          </DisplayRules>
          <EnableRules>
            <EnableRule Id="Enable_TestDelete">
              <CustomRule FunctionName="allowDeleteFromGrid" Library="$webresource:esamk_esamk_buttoncontrol" Default="true" InvertResult="false">
                <CrmParameter Value="PrimaryControl" />
              </CustomRule>
            </EnableRule>
            <EnableRule Id="esamk.Allow.Delete">
              <CustomRule FunctionName="allowDeleteFromGrid" Library="$webresource:esamk_esamk_buttoncontrol" Default="false" InvertResult="false" />
            </EnableRule>
            <EnableRule Id="esamk.Enable.ChangeSpecifiers">
              <CustomRule FunctionName="enableChangeSpecifiers" Library="$webresource:esamk_esamk_buttoncontrol" Default="false">
                <CrmParameter Value="PrimaryControl" />
              </CustomRule>
            </EnableRule>
            <EnableRule Id="esamk.Enable.Form.Delete">
              <CustomRule FunctionName="allowDelete" Library="$webresource:esamk_esamk_buttoncontrol" Default="true">
                <CrmParameter Value="PrimaryControl" />
              </CustomRule>
            </EnableRule>
            <EnableRule Id="esamk.Enable.GridDeleteVisibility">
              <CustomRule FunctionName="allowDeleteVisibility" Library="$webresource:esamk_esamk_buttoncontrol" Default="true" InvertResult="false" />
            </EnableRule>
            <EnableRule Id="esamk.Enable.SendToDocuSign">
              <CustomRule FunctionName="enableSendToDocuSign" Library="$webresource:esamk_esamk_buttoncontrol" Default="false">
                <CrmParameter Value="PrimaryControl" />
              </CustomRule>
            </EnableRule>
            <EnableRule Id="esamk.Enable.SendToSpecifiers">
              <CustomRule FunctionName="enableSendToSpecifiers" Library="$webresource:esamk_esamk_buttoncontrol" Default="false">
                <CrmParameter Value="PrimaryControl" />
              </CustomRule>
            </EnableRule>
            <EnableRule Id="esamk.esamk_letterofsupport1.EnableRule7.EnableRule">
              <SelectionCountRule Minimum="1" />
              <ValueRule Field="esamk_docusignstatus" Value="305290004" />
            </EnableRule>
          </EnableRules>
        </RuleDefinitions>
        <LocLabels>
          <LocLabel Id="ChangeSpecifiers.LabelText">
            <Titles>
              <Title description="Change Specifiers" languagecode="1033" />
            </Titles>
          </LocLabel>
          <LocLabel Id="ChangeSpecifiers.ToolTipDescription">
            <Titles>
              <Title description="Change the assigned Specifiers" languagecode="1033" />
            </Titles>
          </LocLabel>
          <LocLabel Id="ChangeSpecifiers.ToolTipTitle">
            <Titles>
              <Title description="Change Specifiers" languagecode="1033" />
            </Titles>
          </LocLabel>
          <LocLabel Id="LetterOfSupport.Form.Delete.LabelText">
            <Titles>
              <Title description="Delete" languagecode="1033" />
            </Titles>
          </LocLabel>
          <LocLabel Id="LetterOfSupport.Form.Delete.ToolTipDescription">
            <Titles>
              <Title description="Delete this Letter of Support" languagecode="1033" />
            </Titles>
          </LocLabel>
          <LocLabel Id="LetterOfSupport.Form.Delete.ToolTipTitle">
            <Titles>
              <Title description="Delete Record" languagecode="1033" />
            </Titles>
          </LocLabel>
          <LocLabel Id="LetterOfSupport.Grid.Delete.LabelText">
            <Titles>
              <Title description="DELETE" languagecode="1033" />
            </Titles>
          </LocLabel>
          <LocLabel Id="LetterOfSupport.Grid.Delete.ToolTipDescription">
            <Titles>
              <Title description="Deletes selected records if eligible" languagecode="1033" />
            </Titles>
          </LocLabel>
          <LocLabel Id="LetterOfSupport.Grid.Delete.ToolTipTitle">
            <Titles>
              <Title description="ESA Delete" languagecode="1033" />
            </Titles>
          </LocLabel>
          <LocLabel Id="SendToDocuSign.LabelText">
            <Titles>
              <Title description="Send To DocuSign" languagecode="1033" />
            </Titles>
          </LocLabel>
          <LocLabel Id="SendToDocuSign.ToolTipDescription">
            <Titles>
              <Title description="Send record to DocuSign for signature" languagecode="1033" />
            </Titles>
          </LocLabel>
          <LocLabel Id="SendToDocuSign.ToolTipTitle">
            <Titles>
              <Title description="Send To DocuSign" languagecode="1033" />
            </Titles>
          </LocLabel>
          <LocLabel Id="SendToSpecifiers.LabelText">
            <Titles>
              <Title description="Send To Specifiers" languagecode="1033" />
            </Titles>
          </LocLabel>
          <LocLabel Id="SendToSpecifiers.ToolTipDescription">
            <Titles>
              <Title description="Send record to selected Specifiers" languagecode="1033" />
            </Titles>
          </LocLabel>
          <LocLabel Id="SendToSpecifiers.ToolTipTitle">
            <Titles>
              <Title description="Send To Specifiers" languagecode="1033" />
            </Titles>
          </LocLabel>
        </LocLabels>
      </RibbonDiffXml>
    </Entity>
  </Entities>
  <Roles></Roles>
  <Workflows></Workflows>
  <FieldSecurityProfiles></FieldSecurityProfiles>
  <Templates />
  <EntityMaps />
  <EntityRelationships />
  <OrganizationSettings />
  <optionsets />
  <CustomControls />
  <EntityDataProviders />
  <Languages>
    <Language>1033</Language>
  </Languages>
</ImportExportXml>