<?xml version='1.0' encoding='UTF-8'?>
<ImportExportXml xmlns="http://schemas.microsoft.com/crm/2007/CoreTypes">
  <SolutionManifest>
    <UniqueName>los_user_table_fixed</UniqueName>
    <LocalizedNames/>
    <Descriptions/>
    <Version>1.0.0.0</Version>
    <Managed>false</Managed>
    <PublisherName>DefaultPublisher</PublisherName>
    <RootComponentBehavior>IncludeSubcomponents</RootComponentBehavior>
    <RootComponents>
      <RootComponent type="60" id="{00000000-0000-0000-0000-000000000000}" behavior="IncludeSubcomponents"/>
    </RootComponents>
  </SolutionManifest>
</ImportExportXml>
