<ImportExportXml xmlns:xsi="http://www.w3.org/2001/XMLSchema-instance" OrganizationVersion="9.2.25031.216" OrganizationSchemaType="Full" CRMServerServiceabilityVersion="9.2.25031.00216">
  <Entities>
    <Entity>
      <Name LocalizedName="User" OriginalName="">SystemUser</Name>
      <EntityInfo>
        <entity Name="SystemUser">
          <attributes>
            <attribute PhysicalName="esamk_UserType">
              <Type>picklist</Type>
              <Name>esamk_usertype</Name>
              <LogicalName>esamk_usertype</LogicalName>
              <RequiredLevel>none</RequiredLevel>
              <DisplayMask>ValidForAdvancedFind|ValidForForm|ValidForGrid</DisplayMask>
              <ImeMode>auto</ImeMode>
              <ValidForUpdateApi>1</ValidForUpdateApi>
              <ValidForReadApi>1</ValidForReadApi>
              <ValidForCreateApi>1</ValidForCreateApi>
              <IsCustomField>1</IsCustomField>
              <IsAuditEnabled>1</IsAuditEnabled>
              <IsSecured>0</IsSecured>
              <IntroducedVersion>1.0.0.3</IntroducedVersion>
              <IsCustomizable>1</IsCustomizable>
              <IsRenameable>1</IsRenameable>
              <CanModifySearchSettings>1</CanModifySearchSettings>
              <CanModifyRequirementLevelSettings>1</CanModifyRequirementLevelSettings>
              <CanModifyAdditionalSettings>1</CanModifyAdditionalSettings>
              <SourceType>0</SourceType>
              <IsGlobalFilterEnabled>0</IsGlobalFilterEnabled>
              <IsSortableEnabled>0</IsSortableEnabled>
              <CanModifyGlobalFilterSettings>1</CanModifyGlobalFilterSettings>
              <CanModifyIsSortableSettings>1</CanModifyIsSortableSettings>
              <IsDataSourceSecret>0</IsDataSourceSecret>
              <AutoNumberFormat></AutoNumberFormat>
              <IsSearchable>0</IsSearchable>
              <IsFilterable>0</IsFilterable>
              <IsRetrievable>0</IsRetrievable>
              <IsLocalizable>0</IsLocalizable>
              <AppDefaultValue>-1</AppDefaultValue>
              <optionset Name="esamk_systemuser_esamk_usertype">
                <OptionSetType>picklist</OptionSetType>
                <IntroducedVersion>1.0.0.3</IntroducedVersion>
                <IsCustomizable>1</IsCustomizable>
                <ExternalTypeName></ExternalTypeName>
                <displaynames>
                  <displayname description="User Type" languagecode="1033" />
                </displaynames>
                <Descriptions>
                  <Description description="" languagecode="1033" />
                </Descriptions>
                <options>
                  <option value="305290000" ExternalValue="" IsHidden="0">
                    <labels>
                      <label description="ESA User" languagecode="1033" />
                    </labels>
                    <Descriptions>
                      <Description description="" languagecode="1033" />
                    </Descriptions>
                  </option>
                  <option value="305290001" ExternalValue="" IsHidden="0">
                    <labels>
                      <label description="Delegate User" languagecode="1033" />
                    </labels>
                    <Descriptions>
                      <Description description="" languagecode="1033" />
                    </Descriptions>
                  </option>
                </options>
              </optionset>
              <displaynames>
                <displayname description="User Type" languagecode="1033" />
              </displaynames>
              <Descriptions>
                <Description description="" languagecode="1033" />
              </Descriptions>
            </attribute>
          </attributes>
        </entity>
      </EntityInfo>
      <FormXml>
        <forms type="main">
          <systemform>
            <formid>{fed39b79-41fb-ef11-bae2-6045bde11cb9}</formid>
            <IntroducedVersion>1.0.0.18</IntroducedVersion>
            <FormPresentation>1</FormPresentation>
            <FormActivationState>1</FormActivationState>
            <form showImage="true" headerdensity="HighWithControls">
              <hiddencontrols>
                <data id="emailrouteraccessapproval" datafieldname="emailrouteraccessapproval" classid="{5546E6CD-394C-4bee-94A8-4425E17EF6C6}" />
                <data id="outgoingemaildeliverymethod" datafieldname="outgoingemaildeliverymethod" classid="{5546E6CD-394C-4bee-94A8-4425E17EF6C6}" />
                <data id="incomingemaildeliverymethod" datafieldname="incomingemaildeliverymethod" classid="{5546E6CD-394C-4bee-94A8-4425E17EF6C6}" />
              </hiddencontrols>
              <tabs>
                <tab name="general" verticallayout="true" id="{ed7f865a-8800-40f6-8dcc-f01b2f04a734}" IsUserDefined="0" labelid="{0e2b5058-86ac-446a-b591-3a593ec5a0cd}">
                  <labels>
                    <label description="General" languagecode="1033" />
                  </labels>
                  <columns>
                    <column width="100%">
                      <sections>
                        <section name="onpremise account information" showlabel="true" showbar="true" id="{026B262D-3250-4d02-B491-31232EF64BB0}" IsUserDefined="0" locklevel="0" labelid="{1da436c1-d840-464b-8c7f-3cf39cff8f96}">
                          <labels>
                            <label description="Account Information" languagecode="1033" />
                          </labels>
                          <rows>
                            <row>
                              <cell auto="false" showlabel="true" locklevel="0" rowspan="1" colspan="1" id="{192a5772-6770-4c61-8f0f-8926e0d1c0a4}" labelid="{e9d8bb25-1357-4142-bb9d-e554582b2325}">
                                <labels>
                                  <label description="User Name" languagecode="1033" />
                                </labels>
                                <control id="domainname" classid="{4273EDBD-AC1D-40d3-9FB2-095C621B552D}" datafieldname="domainname" disabled="false" />
                              </cell>
                            </row>
                            <row>
                              <cell id="{641a6274-e69d-4eb8-b22e-919595b1dd84}" locklevel="0" colspan="1" rowspan="1" labelid="{9f5b42c3-2c58-4370-97b6-5795489af746}">
                                <labels>
                                  <label description="User Type" languagecode="1033" />
                                </labels>
                                <control id="esamk_usertype" classid="{3EF39988-22BB-4F0B-BBBE-64B5A3748AEE}" datafieldname="esamk_usertype" disabled="false" />
                              </cell>
                            </row>
                          </rows>
                        </section>
                        <section name="online account information" showlabel="true" showbar="true" id="{F610EBA2-2CEB-47ce-A8A9-96D0DCC3AAD5}" IsUserDefined="0" locklevel="0" visible="false" labelid="{4112d612-1d83-4076-ac9e-77c6cd2488a8}">
                          <labels>
                            <label description="Account Information" languagecode="1033" />
                          </labels>
                          <rows>
                            <row>
                              <cell id="{3946169e-878d-4a7d-afea-820d52540466}" labelid="{fcd9808b-288e-41b8-88ed-1aeffbff2bbf}">
                                <labels>
                                  <label description="Windows Live ID" languagecode="1033" />
                                </labels>
                                <control id="windowsliveid" classid="{ADA2203E-B4CD-49be-9DDF-234642B43B52}" datafieldname="windowsliveid" disabled="true" />
                              </cell>
                              <cell auto="false" showlabel="true" locklevel="0" rowspan="1" colspan="1" id="{92d26a0b-06eb-4eb8-b19d-84c2845a0bb7}" labelid="{45afdf5d-f5ff-473c-bf93-93b202792a18}">
                                <labels>
                                  <label description="Invitation Status" languagecode="1033" />
                                </labels>
                                <control id="invitestatuscode" classid="{3EF39988-22BB-4f0b-BBBE-64B5A3748AEE}" datafieldname="invitestatuscode" disabled="true" />
                              </cell>
                            </row>
                          </rows>
                        </section>
                        <section name="user information" showlabel="true" showbar="true" id="{a7f586b7-8ad4-4fbf-8567-ec4239338766}" IsUserDefined="0" locklevel="0" visible="false" labelid="{b66d894f-d94f-4b1e-9de7-61bda1a5a7ad}">
                          <labels>
                            <label description="User Information" languagecode="1033" />
                          </labels>
                          <rows>
                            <row>
                              <cell id="{eb448292-95c0-4774-86d1-a88a2064018e}" labelid="{aa054295-4adf-4617-ab76-7a08ebbf6da7}">
                                <labels>
                                  <label description="First Name" languagecode="1033" />
                                </labels>
                                <control id="firstname" classid="{4273EDBD-AC1D-40d3-9FB2-095C621B552D}" datafieldname="firstname" />
                              </cell>
                              <cell id="{adec6722-caa8-4d97-a47f-13b0f6bf2a5f}" labelid="{2e5bdcc2-e5fd-4f00-8278-1c3aca0dcb91}">
                                <labels>
                                  <label description="Main Phone" languagecode="1033" />
                                </labels>
                                <control id="address1_telephone1" classid="{4273EDBD-AC1D-40d3-9FB2-095C621B552D}" datafieldname="address1_telephone1" />
                              </cell>
                            </row>
                            <row>
                              <cell id="{f0092777-6b75-45aa-a994-193dab730fc4}" labelid="{0ac45902-dd38-4594-90fd-0c44c376bfd1}">
                                <labels>
                                  <label description="Last Name" languagecode="1033" />
                                </labels>
                                <control id="lastname" classid="{4273EDBD-AC1D-40d3-9FB2-095C621B552D}" datafieldname="lastname" />
                              </cell>
                              <cell id="{230815e2-e951-43e6-8970-88946484d82f}" labelid="{9e917a9a-0291-456a-914c-ab6ff765f4df}">
                                <labels>
                                  <label description="Other Phone" languagecode="1033" />
                                </labels>
                                <control id="address1_telephone2" classid="{4273EDBD-AC1D-40d3-9FB2-095C621B552D}" datafieldname="address1_telephone2" />
                              </cell>
                            </row>
                            <row>
                              <cell id="{7bded721-6511-47e3-a49a-5e0bd440dcae}" labelid="{e7ab8755-c79f-4339-a169-2c136890bd96}">
                                <labels>
                                  <label description="Title" languagecode="1033" />
                                </labels>
                                <control id="title" classid="{4273EDBD-AC1D-40d3-9FB2-095C621B552D}" datafieldname="title" />
                              </cell>
                              <cell id="{513bfb0e-4e9c-404b-b3e5-4b31dac653d2}" labelid="{6ac4d402-8c4a-457c-ba6b-2b4b70ba7359}">
                                <labels>
                                  <label description="Home Phone" languagecode="1033" />
                                </labels>
                                <control id="homephone" classid="{4273EDBD-AC1D-40d3-9FB2-095C621B552D}" datafieldname="homephone" />
                              </cell>
                            </row>
                            <row>
                              <cell id="{8b1bbe79-b567-4a47-b09b-3dc5eb0f3c41}" labelid="{b08f55b0-753b-4136-9a87-069faf991df6}">
                                <labels>
                                  <label description="Primary Email" languagecode="1033" />
                                </labels>
                                <control id="internalemailaddress" classid="{ADA2203E-B4CD-49be-9DDF-234642B43B52}" datafieldname="internalemailaddress" />
                              </cell>
                              <cell id="{23863fb6-b584-4b59-905d-8b403c2ee69f}" labelid="{e01c6222-9305-4df8-b700-e6cfa1c53b2f}">
                                <labels>
                                  <label description="Mobile Phone" languagecode="1033" />
                                </labels>
                                <control id="mobilephone" classid="{4273EDBD-AC1D-40d3-9FB2-095C621B552D}" datafieldname="mobilephone" />
                              </cell>
                            </row>
                            <row>
                              <cell id="{cd992a7b-96f3-44e9-b90a-a79839fc1bbd}" labelid="{9c3a626c-2ea1-4b69-a2e2-3ec8329a089d}">
                                <labels>
                                  <label description="Email 2" languagecode="1033" />
                                </labels>
                                <control id="personalemailaddress" classid="{ADA2203E-B4CD-49be-9DDF-234642B43B52}" datafieldname="personalemailaddress" />
                              </cell>
                              <cell id="{162a4bb3-8b10-404b-ad36-cb0635b31553}" labelid="{e1bd9cf3-3e59-415b-933a-65a4cb4aa711}">
                                <labels>
                                  <label description="Preferred Phone" languagecode="1033" />
                                </labels>
                                <control id="preferredphonecode" classid="{3EF39988-22BB-4f0b-BBBE-64B5A3748AEE}" datafieldname="preferredphonecode" />
                              </cell>
                            </row>
                            <row>
                              <cell id="{8088b709-235e-4d2e-8f13-995b071093c4}" labelid="{ae850222-99eb-493f-807f-967b0449fe7a}">
                                <labels>
                                  <label description="Mobile Alert Email" languagecode="1033" />
                                </labels>
                                <control id="mobilealertemail" classid="{ADA2203E-B4CD-49be-9DDF-234642B43B52}" datafieldname="mobilealertemail" />
                              </cell>
                              <cell id="{bd790631-ed97-4b7c-a428-b6ddab35291d}" labelid="{5de0e740-e2b4-49bd-821e-38d730616342}">
                                <labels>
                                  <label description="Pager" languagecode="1033" />
                                </labels>
                                <control id="address1_telephone3" classid="{4273EDBD-AC1D-40d3-9FB2-095C621B552D}" datafieldname="address1_telephone3" />
                              </cell>
                            </row>
                            <row>
                              <cell auto="false" showlabel="true" locklevel="0" rowspan="1" colspan="1" id="{639a490d-0f72-4baa-bb03-422c67626245}" labelid="{8cc0abf5-c8fc-4f76-b8ac-1c39e638a181}">
                                <labels>
                                  <label description="Fax" languagecode="1033" />
                                </labels>
                                <control id="address1_fax" classid="{4273EDBD-AC1D-40d3-9FB2-095C621B552D}" datafieldname="address1_fax" disabled="false" />
                              </cell>
                              <cell id="{db68b5bd-6263-4a64-a789-12e31d0b1922}" labelid="{0c3750cd-77f7-4ff8-a6a7-e4cb50a0e9e2}">
                                <labels>
                                  <label description="" languagecode="1033" />
                                </labels>
                              </cell>
                            </row>
                          </rows>
                        </section>
                        <section name="organization information" showlabel="true" showbar="true" id="{8a54a5e3-e6da-4c16-bb6b-090c70ee0fa2}" IsUserDefined="0" locklevel="0" visible="false" labelid="{57f103e9-28ab-4939-9851-78095edfb23f}">
                          <labels>
                            <label description="Organization Information" languagecode="1033" />
                          </labels>
                          <rows>
                            <row>
                              <cell id="{93844cbf-9b48-4c08-81ef-41830f854783}" labelid="{c5e9ef7f-6522-4fa4-87ea-38034a427f8a}">
                                <labels>
                                  <label description="Position" languagecode="1033" />
                                </labels>
                                <control id="positionid" classid="{270BD3DB-D9AF-4782-9025-509E298DEC0A}" datafieldname="positionid" />
                              </cell>
                            </row>
                            <row>
                              <cell id="{ec8e91ce-9bbf-4a29-b865-cd1c248691ca}" labelid="{c4652b1d-dc65-4163-9d86-070160c570c7}">
                                <labels>
                                  <label description="Manager" languagecode="1033" />
                                </labels>
                                <control id="parentsystemuserid" classid="{270BD3DB-D9AF-4782-9025-509E298DEC0A}" datafieldname="parentsystemuserid" />
                              </cell>
                            </row>
                            <row>
                              <cell id="{4a8fe9e1-7d8e-4250-a267-4f14474a1370}" labelid="{a405e547-b69e-47d0-8133-d348333b33b1}">
                                <labels>
                                  <label description="Business Unit" languagecode="1033" />
                                </labels>
                                <control id="businessunitid" classid="{270BD3DB-D9AF-4782-9025-509E298DEC0A}" datafieldname="businessunitid" />
                              </cell>
                            </row>
                            <row>
                              <cell id="{db07805e-d5ee-4b94-afc3-ce833e34e5dd}" labelid="{cc473b54-f9a1-4aab-b8f1-03a58ee80f07}">
                                <labels>
                                  <label description="Territory" languagecode="1033" />
                                </labels>
                                <control id="territoryid" classid="{270BD3DB-D9AF-4782-9025-509E298DEC0A}" datafieldname="territoryid" />
                              </cell>
                            </row>
                            <row>
                              <cell auto="false" showlabel="true" locklevel="0" rowspan="1" colspan="1" id="{0c7745b4-2ee4-4e62-8b00-c91d41964645}" labelid="{69c12932-453c-4b5b-9e9c-4e9d60ac3461}">
                                <labels>
                                  <label description="Site" languagecode="1033" />
                                </labels>
                                <control id="siteid" classid="{270BD3DB-D9AF-4782-9025-509E298DEC0A}" datafieldname="siteid" disabled="false" />
                              </cell>
                            </row>
                          </rows>
                        </section>
                        <section name="email configuration" showlabel="true" showbar="true" locklevel="0" id="{D26C85F2-14EC-47fa-8669-0F0F14F24628}" IsUserDefined="0" visible="false" labelid="{6b535a8b-e1b9-4ad2-84ee-d55247c1f3de}">
                          <labels>
                            <label description="Email Configuration" languagecode="1033" />
                          </labels>
                          <rows>
                            <row>
                              <cell id="{123e6312-e7ad-edb2-8c2b-1bae53c98c57}" showlabel="true" locklevel="0" labelid="{32bcbd0b-40db-43f4-9fcb-ce04157ddd60}">
                                <labels>
                                  <label description="Mailbox" languagecode="1033" />
                                </labels>
                                <control id="defaultmailbox" classid="{270BD3DB-D9AF-4782-9025-509E298DEC0A}" datafieldname="defaultmailbox" disabled="false" />
                              </cell>
                              <cell id="{b551962d-0806-1b66-9dbd-68d40e47b04d}" showlabel="false" labelid="{0f9c0159-5d44-4de5-a777-51ceebfade8d}">
                                <labels>
                                  <label description="" languagecode="1033" />
                                </labels>
                              </cell>
                            </row>
                          </rows>
                        </section>
                        <section name="administration" showlabel="true" showbar="true" locklevel="0" id="{b169842a-afbc-4115-8f22-8e6fbdaf7213}" IsUserDefined="0" layout="varwidth" columns="11" visible="false" labelid="{eb317f9c-74f2-450e-8cbd-09c494ef9d10}">
                          <labels>
                            <label description="Client Access License (CAL) Information" languagecode="1033" />
                          </labels>
                          <rows>
                            <row>
                              <cell auto="false" showlabel="true" locklevel="0" rowspan="1" colspan="1" id="{15ef5f59-27e2-4c16-be5c-a6ac9350aacb}" labelid="{65e32f98-3d30-4f7b-a9b2-bf8085e941e7}">
                                <labels>
                                  <label description="Access Mode" languagecode="1033" />
                                </labels>
                                <events>
                                  <event name="onchange" application="true" active="true">
                                    <InternalHandlers>
                                      <Handler functionName="Mscrm.accessmode_onchange" libraryName="SystemUser_main_system_library.js" handlerUniqueId="2ed02fdb-2e59-49f1-99ed-f123b0859694" enabled="true">
                                        <dependencies />
                                      </Handler>
                                    </InternalHandlers>
                                  </event>
                                </events>
                                <control id="accessmode" classid="{3EF39988-22BB-4f0b-BBBE-64B5A3748AEE}" datafieldname="accessmode" disabled="false" />
                              </cell>
                              <cell showlabel="true" colspan="1" id="{e8fbaa85-3e77-4c27-8348-dbee36651181}" labelid="{560f39cf-1a1a-4ee8-9363-e356baae6b9c}">
                                <labels>
                                  <label description="" languagecode="1033" />
                                </labels>
                              </cell>
                            </row>
                            <row>
                              <cell auto="false" showlabel="true" locklevel="0" rowspan="1" colspan="1" id="{b3390253-43ec-4032-917d-a7df251fd7d9}" labelid="{f54c75bf-05e4-4e28-affc-aaceab01f0e5}">
                                <labels>
                                  <label description="License Type" languagecode="1033" />
                                </labels>
                                <control id="caltype" classid="{3EF39988-22BB-4f0b-BBBE-64B5A3748AEE}" datafieldname="caltype" disabled="false" />
                              </cell>
                              <cell showlabel="true" colspan="1" id="{7ac6f497-1f89-4b23-aaec-005895ee0b3a}" labelid="{7f89d48e-fc63-4e0d-8604-6c32a296ca75}">
                                <labels>
                                  <label description="" languagecode="1033" />
                                </labels>
                              </cell>
                            </row>
                          </rows>
                        </section>
                        <section name="queue selection" showlabel="true" showbar="true" locklevel="0" id="{9AD0B7AA-91A2-4a03-BE07-86974EF7FFCD}" IsUserDefined="0" layout="varwidth" columns="11" visible="false" labelid="{a3d55954-8787-4258-a075-97c1f65fda03}">
                          <labels>
                            <label description="Queue Information" languagecode="1033" />
                          </labels>
                          <rows>
                            <row>
                              <cell id="{0DA1C8D1-4773-4fbe-AD36-88E542BFD3BE}" colspan="1" labelid="{bbd9abb2-e42f-47c0-819e-7f236e18e918}">
                                <labels>
                                  <label description="Default Queue" languagecode="1033" />
                                </labels>
                                <control id="queueid" classid="{270BD3DB-D9AF-4782-9025-509E298DEC0A}" datafieldname="queueid" />
                              </cell>
                              <cell showlabel="true" colspan="1" id="{155B018D-6BA7-46b6-BA4D-9C295D9CC1FB}" labelid="{63cb4464-0019-4b60-9775-0d0d3efb2000}">
                                <labels>
                                  <label description="" languagecode="1033" />
                                </labels>
                              </cell>
                            </row>
                          </rows>
                        </section>
                      </sections>
                    </column>
                  </columns>
                </tab>
              </tabs>
              <footer id="{EEC63805-B8B7-4AB3-8C32-F42BED9A7153}">
                <rows>
                  <row>
                    <cell id="{22CF131D-2919-469A-9FD8-6256C90C56F5}" labelid="{8f1a6c26-5f76-4fba-a7e3-598322f7fdd9}">
                      <labels>
                        <label description="Status" languagecode="1033" />
                      </labels>
                      <control id="footer_isdisabled" classid="{3EF39988-22BB-4f0b-BBBE-64B5A3748AEE}" datafieldname="isdisabled" />
                    </cell>
                  </row>
                </rows>
              </footer>
              <clientresources>
                <internalresources>
                  <clientincludes>
                    <internaljscriptfile src="/_static/_controls/lookup/lookup.js" />
                    <internaljscriptfile src="/_static/_grid/cmds/util.js" />
                    <internaljscriptfile src="/_static/biz/users/systemuser.js" />
                    <internaljscriptfile src="/_static/biz/teams/members.js" />
                    <internaljscriptfile src="$webresource:SystemUser_main_system_library.js" />
                  </clientincludes>
                  <clientvariables>
                    <internaljscriptvariable name="LOCID_REASSIGNINGRECORDS" resourceid="Message_Reassigning_Records" />
                  </clientvariables>
                </internalresources>
              </clientresources>
              <events>
                <event name="onchange" application="true" active="true" attribute="domainname">
                  <InternalHandlers>
                    <Handler functionName="Mscrm.domainname_onchange" libraryName="SystemUser_main_system_library.js" handlerUniqueId="d3b227fb-f3b5-4106-ab55-1cbd9edd1946" enabled="true">
                      <dependencies>
                        <dependency id="domainname" />
                      </dependencies>
                    </Handler>
                  </InternalHandlers>
                </event>
                <event name="onload" application="true" active="true">
                  <InternalHandlers>
                    <Handler functionName="Mscrm.Form_onload" libraryName="SystemUser_main_system_library.js" handlerUniqueId="de67cc7a-a007-412e-a011-fcc38a62ca01" enabled="true">
                      <dependencies />
                    </Handler>
                  </InternalHandlers>
                </event>
              </events>
              <formLibraries>
                <Library name="msdyn_/ActivityFeeds.Form.js" libraryUniqueId="{4181da4c-6d13-ba3c-c859-be404e4ee2e3}" />
              </formLibraries>
              <header id="{201e773a-5e1c-4f82-b19d-ff0bfc22e706}" celllabelposition="Top" columns="111" labelwidth="115" celllabelalignment="Left">
                <rows>
                  <row>
                    <cell id="{5c6d9b27-6b0d-4a86-91cb-bc35abee65c1}" showlabel="false" labelid="{f246adf0-8ee2-4bbc-834d-83475aa3aafd}">
                      <labels>
                        <label description="" languagecode="1033" />
                      </labels>
                    </cell>
                    <cell id="{06177709-5ee0-4288-ba70-adb321bb5bc3}" showlabel="false" labelid="{aaa2b4b5-dcaa-4752-8558-a52f002e0273}">
                      <labels>
                        <label description="" languagecode="1033" />
                      </labels>
                    </cell>
                    <cell id="{0b723be2-5212-4fa1-8c3e-5cfbedbe32b5}" showlabel="false" labelid="{a8e7ea13-4d1b-4b5c-a23a-742a41b9059a}">
                      <labels>
                        <label description="" languagecode="1033" />
                      </labels>
                    </cell>
                  </row>
                </rows>
              </header>
              <DisplayConditions Order="8" FallbackForm="true">
                <Everyone />
              </DisplayConditions>
            </form>
            <IsCustomizable>1</IsCustomizable>
            <CanBeDeleted>1</CanBeDeleted>
            <LocalizedNames>
              <LocalizedName description="Letter of Support" languagecode="1033" />
            </LocalizedNames>
            <Descriptions>
              <Description description="A form for this entity." languagecode="1033" />
            </Descriptions>
          </systemform>
        </forms>
      </FormXml>
      <RibbonDiffXml>
        <CustomActions />
        <Templates>
          <RibbonTemplates Id="Mscrm.Templates"></RibbonTemplates>
        </Templates>
        <CommandDefinitions />
        <RuleDefinitions>
          <TabDisplayRules />
          <DisplayRules />
          <EnableRules />
        </RuleDefinitions>
        <LocLabels />
      </RibbonDiffXml>
    </Entity>
  </Entities>
  <Roles></Roles>
  <Workflows></Workflows>
  <FieldSecurityProfiles></FieldSecurityProfiles>
  <Templates />
  <EntityMaps />
  <EntityRelationships />
  <OrganizationSettings />
  <optionsets />
  <CustomControls />
  <EntityDataProviders />
  <Languages>
    <Language>1033</Language>
  </Languages>
</ImportExportXml>