<?xml version='1.0' encoding='UTF-8'?>
<ImportExportXml xmlns:xsi="http://www.w3.org/2001/XMLSchema-instance" OrganizationVersion="9.2.25031.216" OrganizationSchemaType="Full" CRMServerServiceabilityVersion="9.2.25031.00216">
  <Entities>
    <Entity>
      <Name LocalizedName="User" OriginalName="">SystemUser</Name>
      <EntityInfo>
        <entity Name="SystemUser">
          <attributes>
            <attribute PhysicalName="esamk_UserType">
              <Type>picklist</Type>
              <Name>esamk_usertype</Name>
              <LogicalName>esamk_usertype</LogicalName>
              <RequiredLevel>none</RequiredLevel>
              <DisplayMask>ValidForAdvancedFind|ValidForForm|ValidForGrid</DisplayMask>
              <ImeMode>auto</ImeMode>
              <ValidForUpdateApi>1</ValidForUpdateApi>
              <ValidForReadApi>1</ValidForReadApi>
              <ValidForCreateApi>1</ValidForCreateApi>
              <IsCustomField>1</IsCustomField>
              <IsAuditEnabled>1</IsAuditEnabled>
              <IsSecured>0</IsSecured>
              <IntroducedVersion>1.0.0.3</IntroducedVersion>
              <IsCustomizable>1</IsCustomizable>
              <IsRenameable>1</IsRenameable>
              <CanModifySearchSettings>1</CanModifySearchSettings>
              <CanModifyRequirementLevelSettings>1</CanModifyRequirementLevelSettings>
              <CanModifyAdditionalSettings>1</CanModifyAdditionalSettings>
              <SourceType>0</SourceType>
              <IsGlobalFilterEnabled>0</IsGlobalFilterEnabled>
              <IsSortableEnabled>0</IsSortableEnabled>
              <CanModifyGlobalFilterSettings>1</CanModifyGlobalFilterSettings>
              <CanModifyIsSortableSettings>1</CanModifyIsSortableSettings>
              <IsDataSourceSecret>0</IsDataSourceSecret>
              <AutoNumberFormat/>
              <IsSearchable>0</IsSearchable>
              <IsFilterable>0</IsFilterable>
              <IsRetrievable>0</IsRetrievable>
              <IsLocalizable>0</IsLocalizable>
              <AppDefaultValue>-1</AppDefaultValue>
              <optionset Name="esamk_systemuser_esamk_usertype">
                <OptionSetType>picklist</OptionSetType>
                <IntroducedVersion>1.0.0.3</IntroducedVersion>
                <IsCustomizable>1</IsCustomizable>
                <ExternalTypeName/>
                <displaynames>
                  <displayname description="User Type" languagecode="1033"/>
                </displaynames>
                <Descriptions>
                  <Description description="" languagecode="1033"/>
                </Descriptions>
                <options>
                  <option value="305290000" ExternalValue="" IsHidden="0">
                    <labels>
                      <label description="ESA User" languagecode="1033"/>
                    </labels>
                    <Descriptions>
                      <Description description="" languagecode="1033"/>
                    </Descriptions>
                  </option>
                  <option value="305290001" ExternalValue="" IsHidden="0">
                    <labels>
                      <label description="Delegate User" languagecode="1033"/>
                    </labels>
                    <Descriptions>
                      <Description description="" languagecode="1033"/>
                    </Descriptions>
                  </option>
                </options>
              </optionset>
              <displaynames>
                <displayname description="User Type" languagecode="1033"/>
              </displaynames>
              <Descriptions>
                <Description description="" languagecode="1033"/>
              </Descriptions>
            </attribute>
          </attributes>
        </entity>
      </EntityInfo>
      <FormXml>
        </FormXml>
      <RibbonDiffXml>
        <CustomActions/>
        <Templates>
          <RibbonTemplates Id="Mscrm.Templates"/>
        </Templates>
        <CommandDefinitions/>
        <RuleDefinitions>
          <TabDisplayRules/>
          <DisplayRules/>
          <EnableRules/>
        </RuleDefinitions>
        <LocLabels/>
      </RibbonDiffXml>
    <forms type="main">
  <systemform>
    <formid>{edd19832-7362-4da7-aea7-db50cba31b8c}</formid>
    <FormPresentation>1</FormPresentation>
    <FormActivationState>1</FormActivationState>
    <form showImage="true" headerdensity="HighWithControls">
      <tabs>
        <tab name="main_tab" id="7d5d9ba6-e9fd-4777-8e22-65a0afd74f11" IsUserDefined="1" labelid="a4bd2a9c-fc97-4455-8f7b-10b0acc98b76">
          <labels>
            <label description="Main" languagecode="1033"/>
          </labels>
          <columns>
            <column width="100%">
              <sections>
                <section name="funding_authorisation" showlabel="true" showbar="false" id="fc6fc52b-88e9-4222-b6ef-c546ddd9840b" IsUserDefined="1" labelid="665651bc-5dd2-49fa-a223-3a5ceb41eeb4">
                  <labels>
                    <label description="Authorisation of Funding" languagecode="1033"/>
                  </labels>
                  <rows>
                    <row>
                      <cell id="283ae5d1-165a-4d00-b49b-ae42904fb154" colspan="1" rowspan="1" locklevel="0" showlabel="true">
                        <labels>
                          <label description="User Name" languagecode="1033"/>
                        </labels>
                        <control id="domainname" classid="{4273EDBD-AC1D-40d3-9FB2-095C621B552D}" datafieldname="domainname"/>
                      </cell>
                    </row>
                    <row>
                      <cell id="c5fa6b10-3b2a-4a9a-ba20-b98ff3a0a26c" colspan="1" rowspan="1" locklevel="0" showlabel="true">
                        <labels>
                          <label description="User Type" languagecode="1033"/>
                        </labels>
                        <control id="esamk_usertype" classid="{3EF39988-22BB-4F0B-BBBE-64B5A3748AEE}" datafieldname="esamk_usertype"/>
                      </cell>
                    </row>
                  </rows>
                </section>
              </sections>
            </column>
          </columns>
        </tab>
      </tabs>
      <DisplayConditions Order="1" FallbackForm="true">
        <Everyone/>
      </DisplayConditions>
    </form>
    <IsCustomizable>1</IsCustomizable>
    <CanBeDeleted>1</CanBeDeleted>
    <LocalizedNames>
      <LocalizedName description="Letter of Support" languagecode="1033"/>
    </LocalizedNames>
    <Descriptions>
      <Description description="A clean form for ESA User Type." languagecode="1033"/>
    </Descriptions>
  </systemform>
</forms></Entity>
  </Entities>
  <Roles/>
  <Workflows/>
  <FieldSecurityProfiles/>
  <Templates/>
  <EntityMaps/>
  <EntityRelationships/>
  <OrganizationSettings/>
  <optionsets/>
  <CustomControls/>
  <EntityDataProviders/>
  <Languages>
    <Language>1033</Language>
  </Languages>
</ImportExportXml>
