<?xml version='1.0' encoding='UTF-8'?>
<ImportExportXml xmlns:xsi="http://www.w3.org/2001/XMLSchema-instance" version="9.2.25031.216" SolutionPackageVersion="9.2" languagecode="1033" generatedBy="CrmLive" OrganizationVersion="9.2.25031.216" OrganizationSchemaType="Full" CRMServerServiceabilityVersion="9.2.25031.00216">
  <SolutionManifest>
    <UniqueName>LOS_USER_TABLE</UniqueName>
    <LocalizedNames>
      <LocalizedName description="LOS_USER_TABLE" languagecode="1033"/>
    </LocalizedNames>
    <Descriptions/>
    <Version>1.0.0.12</Version>
    <Managed>1</Managed>
    <Publisher>
      <UniqueName>ESA</UniqueName>
      <LocalizedNames>
        <LocalizedName description="ESA" languagecode="1033"/>
      </LocalizedNames>
      <Descriptions/>
      <EMailAddress xsi:nil="true"/>
      <SupportingWebsiteUrl xsi:nil="true"/>
      <CustomizationPrefix>esamk</CustomizationPrefix>
      <CustomizationOptionValuePrefix>30529</CustomizationOptionValuePrefix>
      <Addresses>
        <Address>
          <AddressNumber>1</AddressNumber>
          <AddressTypeCode>1</AddressTypeCode>
          <City xsi:nil="true"/>
          <County xsi:nil="true"/>
          <Country xsi:nil="true"/>
          <Fax xsi:nil="true"/>
          <FreightTermsCode xsi:nil="true"/>
          <ImportSequenceNumber xsi:nil="true"/>
          <Latitude xsi:nil="true"/>
          <Line1 xsi:nil="true"/>
          <Line2 xsi:nil="true"/>
          <Line3 xsi:nil="true"/>
          <Longitude xsi:nil="true"/>
          <Name xsi:nil="true"/>
          <PostalCode xsi:nil="true"/>
          <PostOfficeBox xsi:nil="true"/>
          <PrimaryContactName xsi:nil="true"/>
          <ShippingMethodCode>1</ShippingMethodCode>
          <StateOrProvince xsi:nil="true"/>
          <Telephone1 xsi:nil="true"/>
          <Telephone2 xsi:nil="true"/>
          <Telephone3 xsi:nil="true"/>
          <TimeZoneRuleVersionNumber xsi:nil="true"/>
          <UPSZone xsi:nil="true"/>
          <UTCOffset xsi:nil="true"/>
          <UTCConversionTimeZoneCode xsi:nil="true"/>
        </Address>
        <Address>
          <AddressNumber>2</AddressNumber>
          <AddressTypeCode>1</AddressTypeCode>
          <City xsi:nil="true"/>
          <County xsi:nil="true"/>
          <Country xsi:nil="true"/>
          <Fax xsi:nil="true"/>
          <FreightTermsCode xsi:nil="true"/>
          <ImportSequenceNumber xsi:nil="true"/>
          <Latitude xsi:nil="true"/>
          <Line1 xsi:nil="true"/>
          <Line2 xsi:nil="true"/>
          <Line3 xsi:nil="true"/>
          <Longitude xsi:nil="true"/>
          <Name xsi:nil="true"/>
          <PostalCode xsi:nil="true"/>
          <PostOfficeBox xsi:nil="true"/>
          <PrimaryContactName xsi:nil="true"/>
          <ShippingMethodCode>1</ShippingMethodCode>
          <StateOrProvince xsi:nil="true"/>
          <Telephone1 xsi:nil="true"/>
          <Telephone2 xsi:nil="true"/>
          <Telephone3 xsi:nil="true"/>
          <TimeZoneRuleVersionNumber xsi:nil="true"/>
          <UPSZone xsi:nil="true"/>
          <UTCOffset xsi:nil="true"/>
          <UTCConversionTimeZoneCode xsi:nil="true"/>
        </Address>
      </Addresses>
    </Publisher>
    <RootComponents>
      <RootComponent type="1" schemaName="systemuser" behavior="2"/>
    </RootComponents>
    <MissingDependencies>
      <MissingDependency>
        <Required type="2" schemaName="siteid" displayName="Site" parentSchemaName="systemuser" parentDisplayName="User" solution="msdynce_Service (9.0.5.56)">
          <package appName="msdynce_Service" version="9.0.25031.1007">msdynce_ServiceAnchor (9.0.25031.1007)</package>
        </Required>
        <Dependent type="60" displayName="Letter of Support" parentDisplayName="User" id="{fed39b79-41fb-ef11-bae2-6045bde11cb9}"/>
      </MissingDependency>
    </MissingDependencies>
  </SolutionManifest>
</ImportExportXml>
