<ImportExportXml xmlns:xsi="http://www.w3.org/2001/XMLSchema-instance" OrganizationVersion="9.2.25042.222" OrganizationSchemaType="Full" CRMServerServiceabilityVersion="9.2.25043.00214">
  <Entities>
    <Entity>
      <Name LocalizedName="User" OriginalName="">SystemUser</Name>
      <EntityInfo>
        <entity Name="SystemUser">
          <attributes>
            <attribute PhysicalName="esamk_UserType">
              <Type>picklist</Type>
              <Name>esamk_usertype</Name>
              <LogicalName>esamk_usertype</LogicalName>
              <RequiredLevel>none</RequiredLevel>
              <DisplayMask>ValidForAdvancedFind|ValidForForm|ValidForGrid</DisplayMask>
              <ImeMode>auto</ImeMode>
              <ValidForUpdateApi>1</ValidForUpdateApi>
              <ValidForReadApi>1</ValidForReadApi>
              <ValidForCreateApi>1</ValidForCreateApi>
              <IsCustomField>1</IsCustomField>
              <IsAuditEnabled>1</IsAuditEnabled>
              <IsSecured>0</IsSecured>
              <IntroducedVersion>1.0.0.3</IntroducedVersion>
              <IsCustomizable>1</IsCustomizable>
              <IsRenameable>1</IsRenameable>
              <CanModifySearchSettings>1</CanModifySearchSettings>
              <CanModifyRequirementLevelSettings>1</CanModifyRequirementLevelSettings>
              <CanModifyAdditionalSettings>1</CanModifyAdditionalSettings>
              <SourceType>0</SourceType>
              <IsGlobalFilterEnabled>0</IsGlobalFilterEnabled>
              <IsSortableEnabled>0</IsSortableEnabled>
              <CanModifyGlobalFilterSettings>1</CanModifyGlobalFilterSettings>
              <CanModifyIsSortableSettings>1</CanModifyIsSortableSettings>
              <IsDataSourceSecret>0</IsDataSourceSecret>
              <AutoNumberFormat></AutoNumberFormat>
              <IsSearchable>0</IsSearchable>
              <IsFilterable>0</IsFilterable>
              <IsRetrievable>0</IsRetrievable>
              <IsLocalizable>0</IsLocalizable>
              <AppDefaultValue>-1</AppDefaultValue>
              <optionset Name="esamk_systemuser_esamk_usertype">
                <OptionSetType>picklist</OptionSetType>
                <IntroducedVersion>1.0.0.3</IntroducedVersion>
                <IsCustomizable>1</IsCustomizable>
                <ExternalTypeName></ExternalTypeName>
                <displaynames>
                  <displayname description="User Type" languagecode="1033" />
                </displaynames>
                <Descriptions>
                  <Description description="" languagecode="1033" />
                </Descriptions>
                <options>
                  <option value="305290000" ExternalValue="" IsHidden="0">
                    <labels>
                      <label description="ESA User" languagecode="1033" />
                    </labels>
                    <Descriptions>
                      <Description description="" languagecode="1033" />
                    </Descriptions>
                  </option>
                  <option value="305290001" ExternalValue="" IsHidden="0">
                    <labels>
                      <label description="Delegate User" languagecode="1033" />
                    </labels>
                    <Descriptions>
                      <Description description="" languagecode="1033" />
                    </Descriptions>
                  </option>
                </options>
              </optionset>
              <displaynames>
                <displayname description="User Type" languagecode="1033" />
              </displaynames>
              <Descriptions>
                <Description description="" languagecode="1033" />
              </Descriptions>
            </attribute>
          </attributes>
        </entity>
      </EntityInfo>
      <FormXml>
        <forms type="main">
          <systemform>
            <formid>{fed39b79-41fb-ef11-bae2-6045bde11cb9}</formid>
            <IntroducedVersion>1.0.0.18</IntroducedVersion>
            <FormPresentation>1</FormPresentation>
            <FormActivationState>1</FormActivationState>
            <form showImage="true" headerdensity="HighWithControls">
              <hiddencontrols>
                <data id="emailrouteraccessapproval" datafieldname="emailrouteraccessapproval" classid="{5546E6CD-394C-4bee-94A8-4425E17EF6C6}" />
                <data id="outgoingemaildeliverymethod" datafieldname="outgoingemaildeliverymethod" classid="{5546E6CD-394C-4bee-94A8-4425E17EF6C6}" />
                <data id="incomingemaildeliverymethod" datafieldname="incomingemaildeliverymethod" classid="{5546E6CD-394C-4bee-94A8-4425E17EF6C6}" />
              </hiddencontrols>
              <tabs>
                <tab name="general" verticallayout="true" id="{ed7f865a-8800-40f6-8dcc-f01b2f04a734}" IsUserDefined="0" labelid="{0e2b5058-86ac-446a-b591-3a593ec5a0cd}">
                  <labels>
                    <label description="General" languagecode="1033" />
                  </labels>
                  <columns>
                    <column width="100%">
                      <sections>
                        <section name="onpremise account information" showlabel="true" showbar="true" id="{026B262D-3250-4d02-B491-31232EF64BB0}" IsUserDefined="0" locklevel="0" labelid="{1da436c1-d840-464b-8c7f-3cf39cff8f96}">
                          <labels>
                            <label description="Authorisation of Funding" languagecode="1033" />
                          </labels>
                          <rows>
                            <row>
                              <cell auto="false" showlabel="true" locklevel="0" rowspan="1" colspan="1" id="{192a5772-6770-4c61-8f0f-8926e0d1c0a4}" labelid="{e9d8bb25-1357-4142-bb9d-e554582b2325}">
                                <labels>
                                  <label description="User Name" languagecode="1033" />
                                </labels>
                                <control id="domainname" classid="{4273EDBD-AC1D-40d3-9FB2-095C621B552D}" datafieldname="domainname" disabled="false" />
                              </cell>
                            </row>
                            <row>
                              <cell id="{641a6274-e69d-4eb8-b22e-919595b1dd84}" locklevel="0" colspan="1" rowspan="1" labelid="{9f5b42c3-2c58-4370-97b6-5795489af746}">
                                <labels>
                                  <label description="User Type" languagecode="1033" />
                                </labels>
                                <control id="esamk_usertype" classid="{3EF39988-22BB-4F0B-BBBE-64B5A3748AEE}" datafieldname="esamk_usertype" disabled="false" />
                              </cell>
                            </row>
                            <row>
                              <cell id="{8f92c689-651b-4a89-8ba9-1c73dea93443}" colspan="1" rowspan="1" locklevel="0" showlabel="false" visible="false">
                                <labels>
                                  <label description="" languagecode="1033" />
                                </labels>
                                <control id="accessmode" classid="{3EF39988-22BB-4F0B-BBBE-64B5A3748AEE}" datafieldname="accessmode" disabled="true" />
                              </cell>
                            </row>
                            <row>
                              <cell id="{c8c24074-cdc2-43d6-b370-7737d5d17a36}" colspan="1" rowspan="1" locklevel="0" showlabel="false" visible="false">
                                <labels>
                                  <label description="" languagecode="1033" />
                                </labels>
                                <control id="caltype" classid="{3EF39988-22BB-4F0B-BBBE-64B5A3748AEE}" datafieldname="caltype" disabled="true" />
                              </cell>
                            </row>
                            <row>
                              <cell id="{0af8bcd7-c44c-4ee7-8d63-ebf6f21c5f74}" colspan="1" rowspan="1" locklevel="0" showlabel="false" visible="false">
                                <labels>
                                  <label description="" languagecode="1033" />
                                </labels>
                                <control id="siteid" classid="{3EF39988-22BB-4F0B-BBBE-64B5A3748AEE}" datafieldname="siteid" disabled="true" />
                              </cell>
                            </row>
                            <row>
                              <cell id="{bf119901-d8ce-4035-b4f2-86d3c591703a}" colspan="1" rowspan="1" locklevel="0" showlabel="false" visible="false">
                                <labels>
                                  <label description="" languagecode="1033" />
                                </labels>
                                <control id="businessunitid" classid="{3EF39988-22BB-4F0B-BBBE-64B5A3748AEE}" datafieldname="businessunitid" disabled="true" />
                              </cell>
                            </row>
                            <row>
                              <cell id="{e0ffce04-e954-4b07-85a2-61b2fed1537d}" colspan="1" rowspan="1" locklevel="0" showlabel="false" visible="false">
                                <labels>
                                  <label description="" languagecode="1033" />
                                </labels>
                                <control id="defaultmailbox" classid="{3EF39988-22BB-4F0B-BBBE-64B5A3748AEE}" datafieldname="defaultmailbox" disabled="true" />
                              </cell>
                            </row>
                            <row>
                              <cell id="{bda4aa7b-8cf7-487a-b3cc-444c4c1133e2}" colspan="1" rowspan="1" locklevel="0" showlabel="false" visible="false">
                                <labels>
                                  <label description="" languagecode="1033" />
                                </labels>
                                <control id="positionid" classid="{3EF39988-22BB-4F0B-BBBE-64B5A3748AEE}" datafieldname="positionid" disabled="true" />
                              </cell>
                            </row>
                          </rows>
                        </section>
                      </sections>
                    </column>
                  </columns>
                </tab>
                <tab name="system_fields_tab" id="8e3554bf-7217-43f6-aa60-d466e1370a1c" IsUserDefined="1" visible="false">
                  <labels>
                    <label description="System Fields" languagecode="1033" />
                  </labels>
                  <columns>
                    <column width="100%">
                      <sections>
                        <section name="system_fields_section" id="c0b8115e-3870-4816-ad32-c01a7f462afa" IsUserDefined="1" showlabel="false" showbar="false" locklevel="0" visible="true">
                          <labels>
                            <label description="System Fields" languagecode="1033" />
                          </labels>
                          <rows>
                            <row>
                              <cell id="3f205652-69b8-4827-a657-ccb80039c498" colspan="1" rowspan="1" locklevel="0" showlabel="true">
                                <labels>
                                  <label description="" languagecode="1033" />
                                </labels>
                                <control id="accessmode" classid="{3EF39988-22BB-4F0B-BBBE-64B5A3748AEE}" datafieldname="accessmode" disabled="true" />
                              </cell>
                            </row>
                            <row>
                              <cell id="5c470677-4c5a-46eb-ab94-bf8cb89fe4fc" colspan="1" rowspan="1" locklevel="0" showlabel="true">
                                <labels>
                                  <label description="" languagecode="1033" />
                                </labels>
                                <control id="caltype" classid="{3EF39988-22BB-4F0B-BBBE-64B5A3748AEE}" datafieldname="caltype" disabled="true" />
                              </cell>
                            </row>
                            <row>
                              <cell id="c2982aa2-f663-4057-a602-94ab311ca5eb" colspan="1" rowspan="1" locklevel="0" showlabel="true">
                                <labels>
                                  <label description="" languagecode="1033" />
                                </labels>
                                <control id="siteid" classid="{3EF39988-22BB-4F0B-BBBE-64B5A3748AEE}" datafieldname="siteid" disabled="true" />
                              </cell>
                            </row>
                            <row>
                              <cell id="786a2020-9205-4d47-bb29-569032527b61" colspan="1" rowspan="1" locklevel="0" showlabel="true">
                                <labels>
                                  <label description="" languagecode="1033" />
                                </labels>
                                <control id="businessunitid" classid="{3EF39988-22BB-4F0B-BBBE-64B5A3748AEE}" datafieldname="businessunitid" disabled="true" />
                              </cell>
                            </row>
                            <row>
                              <cell id="c0c93beb-4c5d-4877-813e-6ddb269e340a" colspan="1" rowspan="1" locklevel="0" showlabel="true">
                                <labels>
                                  <label description="" languagecode="1033" />
                                </labels>
                                <control id="defaultmailbox" classid="{3EF39988-22BB-4F0B-BBBE-64B5A3748AEE}" datafieldname="defaultmailbox" disabled="true" />
                              </cell>
                            </row>
                            <row>
                              <cell id="6af88033-1ec9-478d-a7b2-150570d3058d" colspan="1" rowspan="1" locklevel="0" showlabel="true">
                                <labels>
                                  <label description="" languagecode="1033" />
                                </labels>
                                <control id="positionid" classid="{3EF39988-22BB-4F0B-BBBE-64B5A3748AEE}" datafieldname="positionid" disabled="true" />
                              </cell>
                            </row>
                          </rows>
                        </section>
                      </sections>
                    </column>
                  </columns>
                </tab>
              </tabs>
              <footer id="{EEC63805-B8B7-4AB3-8C32-F42BED9A7153}">
                <rows>
                  <row>
                    <cell id="{22CF131D-2919-469A-9FD8-6256C90C56F5}" labelid="{8f1a6c26-5f76-4fba-a7e3-598322f7fdd9}">
                      <labels>
                        <label description="Status" languagecode="1033" />
                      </labels>
                      <control id="footer_isdisabled" classid="{3EF39988-22BB-4f0b-BBBE-64B5A3748AEE}" datafieldname="isdisabled" />
                    </cell>
                  </row>
                </rows>
              </footer>
              <clientresources>
                <internalresources>
                  <clientincludes>
                    <internaljscriptfile src="/_static/_controls/lookup/lookup.js" />
                    <internaljscriptfile src="/_static/_grid/cmds/util.js" />
                    <internaljscriptfile src="/_static/biz/users/systemuser.js" />
                    <internaljscriptfile src="/_static/biz/teams/members.js" />
                    <internaljscriptfile src="$webresource:SystemUser_main_system_library.js" />
                  </clientincludes>
                  <clientvariables>
                    <internaljscriptvariable name="LOCID_REASSIGNINGRECORDS" resourceid="Message_Reassigning_Records" />
                  </clientvariables>
                </internalresources>
              </clientresources>
              <events>
                <event name="onchange" application="true" active="true" attribute="domainname">
                  <InternalHandlers>
                    <Handler functionName="Mscrm.domainname_onchange" libraryName="SystemUser_main_system_library.js" handlerUniqueId="d3b227fb-f3b5-4106-ab55-1cbd9edd1946" enabled="true">
                      <dependencies>
                        <dependency id="domainname" />
                      </dependencies>
                    </Handler>
                  </InternalHandlers>
                </event>
              </events>
              <header id="{201e773a-5e1c-4f82-b19d-ff0bfc22e706}" celllabelposition="Top" columns="111" labelwidth="115" celllabelalignment="Left">
                <rows>
                  <row>
                    <cell id="{5c6d9b27-6b0d-4a86-91cb-bc35abee65c1}" showlabel="false" labelid="{f246adf0-8ee2-4bbc-834d-83475aa3aafd}">
                      <labels>
                        <label description="" languagecode="1033" />
                      </labels>
                    </cell>
                    <cell id="{06177709-5ee0-4288-ba70-adb321bb5bc3}" showlabel="false" labelid="{aaa2b4b5-dcaa-4752-8558-a52f002e0273}">
                      <labels>
                        <label description="" languagecode="1033" />
                      </labels>
                    </cell>
                    <cell id="{0b723be2-5212-4fa1-8c3e-5cfbedbe32b5}" showlabel="false" labelid="{a8e7ea13-4d1b-4b5c-a23a-742a41b9059a}">
                      <labels>
                        <label description="" languagecode="1033" />
                      </labels>
                    </cell>
                  </row>
                </rows>
              </header>
              <DisplayConditions Order="8" FallbackForm="true">
                <Everyone />
              </DisplayConditions>
            </form>
            <IsCustomizable>1</IsCustomizable>
            <CanBeDeleted>1</CanBeDeleted>
            <LocalizedNames>
              <LocalizedName description="Letter of Support" languagecode="1033" />
            </LocalizedNames>
            <Descriptions>
              <Description description="A form for this entity." languagecode="1033" />
            </Descriptions>
          </systemform>
        </forms>
      </FormXml>
      <RibbonDiffXml>
        <CustomActions />
        <Templates>
          <RibbonTemplates Id="Mscrm.Templates"></RibbonTemplates>
        </Templates>
        <CommandDefinitions />
        <RuleDefinitions>
          <TabDisplayRules />
          <DisplayRules />
          <EnableRules />
        </RuleDefinitions>
        <LocLabels />
      </RibbonDiffXml>
    </Entity>
  </Entities>
  <Roles></Roles>
  <Workflows></Workflows>
  <FieldSecurityProfiles></FieldSecurityProfiles>
  <Templates />
  <EntityMaps />
  <EntityRelationships />
  <OrganizationSettings />
  <optionsets />
  <CustomControls />
  <EntityDataProviders />
  <Languages>
    <Language>1033</Language>
  </Languages>
</ImportExportXml>