{"name":"9ee1bf69-d9b7-4069-b118-4a32f181700b","id":"/providers/Microsoft.Flow/flows/9ee1bf69-d9b7-4069-b118-4a32f181700b","type":"Microsoft.Flow/flows","properties":{"apiId":"/providers/Microsoft.PowerApps/apis/shared_logicflows","displayName":"ESA Letter of Support - Send for Signature","definition":{"metadata":{"workflowEntityId":null,"processAdvisorMetadata":null,"flowChargedByPaygo":null,"flowclientsuspensionreason":"None","flowclientsuspensiontime":null,"flowclientsuspensionreasondetails":null,"creator":{"id":"c31b2836-ab4e-4d0d-bd12-d12b6ea5b2f8","type":"User","tenantId":"9a5cacd0-2bef-4dd7-ac5c-7ebe1f54f495"},"provisioningMethod":"FromDefinition","failureAlertSubscription":true,"clientLastModifiedTime":"2025-01-28T13:14:23.0545998Z","connectionKeySavedTimeKey":"2025-01-28T13:14:23.0545998Z"},"$schema":"https://schema.management.azure.com/providers/Microsoft.Logic/schemas/2016-06-01/workflowdefinition.json#","contentVersion":"1.0.0.0","parameters":{"$authentication":{"defaultValue":{},"type":"SecureObject"},"$connections":{"defaultValue":{},"type":"Object"}},"triggers":{"manual":{"splitOn":"@triggerBody()['rows']","metadata":{"operationMetadataId":"3c4d797d-b781-4915-99b3-8e7f0ba43934"},"type":"Request","kind":"ApiConnection","inputs":{"operationId":"GetItemHybridTriggerSchema","parameters":{"dataset":"https://esait.sharepoint.com/sites/LetterofSupportDev/LOS2","table":"cd296783-f4af-4851-9bc9-411d7e32e037"},"schema":{"type":"object","properties":{"rows":{"type":"array","items":{"type":"object","properties":{"entity":{"properties":{"ID":{"title":"ID","type":"integer","format":"int64"}},"type":"object","required":[]}}}}},"required":["rows"]},"host":{"connection":{"name":"@parameters('$connections')['shared_sharepointonline']['connectionId']"},"api":{"runtimeUrl":"https://2bb16349-cd6e-eef1-bcef-6eafd23ee657.01.common.europe002.azure-apihub.net/apim/sharepointonline"}},"headersSchema":{"x-ms-user-name-encoded":{"title":"User name","type":"string","format":"byte","x-ms-dynamically-added":false},"x-ms-user-email-encoded":{"title":"User email","type":"string","format":"byte","x-ms-dynamically-added":false}}}}},"actions":{"Get_item":{"runAfter":{},"metadata":{"operationMetadataId":"a1587ee0-1066-42bd-8c27-0b4326e36f1b"},"type":"OpenApiConnection","inputs":{"parameters":{"dataset":"https://esait.sharepoint.com/sites/LetterofSupportDev/LOS2","table":"cd296783-f4af-4851-9bc9-411d7e32e037","id":"@triggerBody()?['entity']?['ID']"},"host":{"apiId":"/providers/Microsoft.PowerApps/apis/shared_sharepointonline","connectionName":"shared_sharepointonline","operationId":"GetItem"},"authentication":{"value":"@json(decodeBase64(triggerOutputs().headers['X-MS-APIM-Tokens']))['$ConnectionKey']","type":"Raw"}}},"Send_envelope":{"runAfter":{"Custom_Fields":["Succeeded"]},"metadata":{"operationMetadataId":"3ce05bf6-a49d-4b76-9132-3484052e87ba"},"type":"OpenApiConnection","inputs":{"parameters":{"accountId":"3433fe0a-8620-4aba-b074-fb913cf9c411","envelopeId":"@variables('Envelope ID')"},"host":{"apiId":"/providers/Microsoft.PowerApps/apis/shared_docusigndemo","connectionName":"shared_docusigndemo","operationId":"SendDraftEnvelope"},"authentication":{"value":"@json(decodeBase64(triggerOutputs().headers['X-MS-APIM-Tokens']))['$ConnectionKey']","type":"Raw"}}},"Get_document_generation_form_fields_from_envelope":{"runAfter":{"Add_Recipients":["Succeeded"]},"metadata":{"operationMetadataId":"966ef764-bea2-44da-9130-e55a1c0d6965"},"type":"OpenApiConnection","inputs":{"parameters":{"accountId":"3433fe0a-8620-4aba-b074-fb913cf9c411","envelopeId":"@variables('Envelope ID')"},"host":{"apiId":"/providers/Microsoft.PowerApps/apis/shared_docusigndemo","connectionName":"shared_docusigndemo","operationId":"GetDocgenFormFields"},"authentication":{"value":"@json(decodeBase64(triggerOutputs().headers['X-MS-APIM-Tokens']))['$ConnectionKey']","type":"Raw"}}},"Update_document_generation_form_fields_from_envelope":{"runAfter":{"Get_document_generation_form_fields_from_envelope":["Succeeded"]},"metadata":{"operationMetadataId":"ea01928f-f54b-46f3-b47e-cd44f030dbde"},"type":"OpenApiConnection","inputs":{"parameters":{"accountId":"3433fe0a-8620-4aba-b074-fb913cf9c411","envelopeId":"@variables('Envelope ID')","documentGuid":"@outputs('Get_document_generation_form_fields_from_envelope')?['body/docgenFields']?[0]?['documentId']","body":[{"name":"Member_State","value":"@outputs('Get_item')?['body/MemberState/Value']"},{"name":"Company_Name","value":"@outputs('Get_item')?['body/Company']"},{"name":"Additional_Comments","value":"@outputs('Get_item')?['body/Additional_x0020_Comments']"},{"name":"Activity_Code","value":"@outputs('Get_item')?['body/Activity_x0020_Code']"},{"name":"Delegation_Name","value":"@triggerOutputs()['headers']['x-ms-user-name-encoded']"},{"name":"Delegation_Email","value":"@triggerOutputs()['headers']['x-ms-user-email-encoded']"},{"name":"Telephone","value":"@outputs('Get_item')?['body/Telephone_x0020_Number']"},{"name":"Date_Created","value":"@formatDateTime(outputs('Create_envelope_using_template_with_recipients')?['body/statusDateTime'],'dd MMMM yyyy')"},{"name":"Activity_Title","value":"@outputs('Get_item')?['body/ActivityTitle/Value']"},{"name":"Authorised_Funding","value":"@body('Format_number_-_Funding_Amount')"},{"name":"Authorised_Funding_Cost","value":"@body('Format_number_-_Funding_Amount_Costs')"},{"name":"Expiry_Months","value":"@outputs('Get_item')?['body/ExpiryDate/Value']"},{"name":"Our_Reference","value":"@outputs('Get_item')?['body/OurReference']"}]},"host":{"apiId":"/providers/Microsoft.PowerApps/apis/shared_docusigndemo","connectionName":"shared_docusigndemo","operationId":"UpdateDocgenFormFields"},"authentication":{"value":"@json(decodeBase64(triggerOutputs().headers['X-MS-APIM-Tokens']))['$ConnectionKey']","type":"Raw"}}},"Update_item":{"runAfter":{"Send_envelope":["Succeeded"]},"metadata":{"operationMetadataId":"174589a9-2dd8-422e-8c72-836fd4e36e26"},"type":"OpenApiConnection","inputs":{"parameters":{"dataset":"https://esait.sharepoint.com/sites/LetterofSupportDev/LOS2","table":"cd296783-f4af-4851-9bc9-411d7e32e037","id":"@outputs('Get_item')?['body/ID']","item/Title":"Hello World"},"host":{"apiId":"/providers/Microsoft.PowerApps/apis/shared_sharepointonline","connectionName":"shared_sharepointonline","operationId":"PatchItem"},"authentication":{"value":"@json(decodeBase64(triggerOutputs().headers['X-MS-APIM-Tokens']))['$ConnectionKey']","type":"Raw"}}},"Custom_Fields":{"actions":{"Get_custom_field_info_from_envelope_-_Member_State":{"metadata":{"operationMetadataId":"305503d5-a708-47bc-9cbd-44d4a3bb4cbc"},"type":"OpenApiConnection","inputs":{"parameters":{"fieldName":"Member State","accountId":"3433fe0a-8620-4aba-b074-fb913cf9c411","envelopeId":"@variables('Envelope ID')"},"host":{"apiId":"/providers/Microsoft.PowerApps/apis/shared_docusigndemo","connectionName":"shared_docusigndemo","operationId":"GetEnvelopeCustomField"},"authentication":{"value":"@json(decodeBase64(triggerOutputs().headers['X-MS-APIM-Tokens']))['$ConnectionKey']","type":"Raw"}}},"Update_envelope_custom_field_-_Member_State":{"runAfter":{"Get_custom_field_info_from_envelope_-_Member_State":["Succeeded"]},"metadata":{"operationMetadataId":"bd618cfd-bf57-4f43-8c03-1569d93b2f3a"},"type":"OpenApiConnection","inputs":{"parameters":{"accountId":"3433fe0a-8620-4aba-b074-fb913cf9c411","envelopeId":"@variables('Envelope ID')","fieldId":"@outputs('Get_custom_field_info_from_envelope_-_Member_State')?['body/fieldId']","fieldType":"@outputs('Get_custom_field_info_from_envelope_-_Member_State')?['body/fieldType']","name":"@outputs('Get_custom_field_info_from_envelope_-_Member_State')?['body/name']","value":"@outputs('Get_item')?['body/MemberState/Value']"},"host":{"apiId":"/providers/Microsoft.PowerApps/apis/shared_docusigndemo","connectionName":"shared_docusigndemo","operationId":"UpdateEnvelopeCustomField"},"authentication":{"value":"@json(decodeBase64(triggerOutputs().headers['X-MS-APIM-Tokens']))['$ConnectionKey']","type":"Raw"}}},"Get_custom_field_info_from_envelope_-_Activity_Title":{"runAfter":{"Update_envelope_custom_field_-_Member_State":["Succeeded"]},"metadata":{"operationMetadataId":"e4f26f84-3140-4b10-833e-1998cd150edb"},"type":"OpenApiConnection","inputs":{"parameters":{"fieldName":"Activity Title","accountId":"3433fe0a-8620-4aba-b074-fb913cf9c411","envelopeId":"@variables('Envelope ID')"},"host":{"apiId":"/providers/Microsoft.PowerApps/apis/shared_docusigndemo","connectionName":"shared_docusigndemo","operationId":"GetEnvelopeCustomField"},"authentication":{"value":"@json(decodeBase64(triggerOutputs().headers['X-MS-APIM-Tokens']))['$ConnectionKey']","type":"Raw"}}},"Update_envelope_custom_field_-_Activity_Title":{"runAfter":{"Get_custom_field_info_from_envelope_-_Activity_Title":["Succeeded"]},"metadata":{"operationMetadataId":"19532f31-9985-4208-971a-39a1718bee04"},"type":"OpenApiConnection","inputs":{"parameters":{"accountId":"3433fe0a-8620-4aba-b074-fb913cf9c411","envelopeId":"@variables('Envelope ID')","fieldId":"@outputs('Get_custom_field_info_from_envelope_-_Activity_Title')?['body/fieldId']","fieldType":"@outputs('Get_custom_field_info_from_envelope_-_Activity_Title')?['body/fieldType']","name":"@outputs('Get_custom_field_info_from_envelope_-_Activity_Title')?['body/name']","value":"@outputs('Get_item')?['body/ActivityTitle/Value']"},"host":{"apiId":"/providers/Microsoft.PowerApps/apis/shared_docusigndemo","connectionName":"shared_docusigndemo","operationId":"UpdateEnvelopeCustomField"},"authentication":{"value":"@json(decodeBase64(triggerOutputs().headers['X-MS-APIM-Tokens']))['$ConnectionKey']","type":"Raw"}}}},"runAfter":{"Add_reminders_and_Expiry":["Succeeded"]},"metadata":{"operationMetadataId":"d7569406-eafb-4f66-a7da-54c05f4433d8"},"type":"Scope"},"Update_item_-_Failed":{"runAfter":{"Send_envelope":["Failed"]},"metadata":{"operationMetadataId":"174589a9-2dd8-422e-8c72-836fd4e36e26"},"type":"OpenApiConnection","inputs":{"parameters":{"dataset":"https://esait.sharepoint.com/sites/LetterofSupportDev/LOS2","table":"cd296783-f4af-4851-9bc9-411d7e32e037","id":"@outputs('Get_item')?['body/ID']","item/Title":"Hello World"},"host":{"apiId":"/providers/Microsoft.PowerApps/apis/shared_sharepointonline","connectionName":"shared_sharepointonline","operationId":"PatchItem"},"authentication":{"value":"@json(decodeBase64(triggerOutputs().headers['X-MS-APIM-Tokens']))['$ConnectionKey']","type":"Raw"}}},"Add_reminders_and_Expiry":{"runAfter":{"Update_document_generation_form_fields_from_envelope":["Succeeded"]},"metadata":{"operationMetadataId":"b307907a-fd70-4232-905b-a2c6464718be"},"type":"OpenApiConnection","inputs":{"parameters":{"accountId":"3433fe0a-8620-4aba-b074-fb913cf9c411","envelopeId":"@variables('Envelope ID')","reminderEnabled":true,"reminderDelay":"7","reminderFrequency":"3","expireAfter":"@split(dateDifference(formatDateTime(utcNow(),'yyyy-MM-dd'),formatDateTime(outputs('Get_item')?['body/Dateallsignaturesrequiredby'],'yyyy-MM-dd')),'.')[0]"},"host":{"apiId":"/providers/Microsoft.PowerApps/apis/shared_docusigndemo","connectionName":"shared_docusigndemo","operationId":"AddReminders"},"authentication":{"value":"@json(decodeBase64(triggerOutputs().headers['X-MS-APIM-Tokens']))['$ConnectionKey']","type":"Raw"}}},"Add_Recipients":{"actions":{"Add_recipient_to_an_envelope_-_CC_Submitter":{"metadata":{"operationMetadataId":"f3c33c8c-6042-494d-9ef6-d4e180d8adbe"},"type":"OpenApiConnection","inputs":{"parameters":{"accountId":"3433fe0a-8620-4aba-b074-fb913cf9c411","envelopeId":"@variables('Envelope ID')","recipientType":"carbonCopies","routingOrder":"1","emailNotificationLanguage":"English UK (en_GB)","emailNotificationSubject":"CC: @{variables('Email Subject')}","emailNotificationBody":"@variables('Email Body')","roleName":"Submitter","additionalRecipientParams/name":"@triggerOutputs()['headers']['x-ms-user-name-encoded']","additionalRecipientParams/email":"@triggerOutputs()['headers']['x-ms-user-email-encoded']"},"host":{"apiId":"/providers/Microsoft.PowerApps/apis/shared_docusigndemo","connectionName":"shared_docusigndemo","operationId":"AddRecipientToEnvelopeV2"},"authentication":{"value":"@json(decodeBase64(triggerOutputs().headers['X-MS-APIM-Tokens']))['$ConnectionKey']","type":"Raw"}}},"Condition_-_Specifier_Role":{"actions":{"Add_recipient_to_an_envelope_(V2)":{"metadata":{"operationMetadataId":"48640296-485f-4777-82b4-4e5009713dbc"},"type":"OpenApiConnection","inputs":{"parameters":{"accountId":"3433fe0a-8620-4aba-b074-fb913cf9c411","envelopeId":"@variables('Envelope ID')","recipientType":"agents","routingOrder":"2","emailNotificationLanguage":"English UK (en_GB)","emailNotificationSubject":"Specify Signers: @{variables('Email Subject')}","emailNotificationBody":"@variables('Email Body')","roleName":"Recipient Specifier (IPC Delegate)","additionalRecipientParams/name":"@outputs('Get_item')?['body/Specifier_x0020_Name']","additionalRecipientParams/email":"@outputs('Get_item')?['body/Specifier_x0020_Email']"},"host":{"apiId":"/providers/Microsoft.PowerApps/apis/shared_docusigndemo","connectionName":"shared_docusigndemo","operationId":"AddRecipientToEnvelopeV2"},"authentication":{"value":"@json(decodeBase64(triggerOutputs().headers['X-MS-APIM-Tokens']))['$ConnectionKey']","type":"Raw"}}}},"runAfter":{"Add_recipient_to_an_envelope_-_CC_Submitter":["Succeeded"]},"else":{"actions":{}},"expression":{"equals":["@outputs('Get_item')?['body/IPCDelegate/Value']","No"]},"metadata":{"operationMetadataId":"c3a9ab41-8a37-4927-abe4-05a32a3a04af"},"type":"If"},"Condition_-_Signer_2":{"actions":{"Add_tabs_for_a_recipient_on_an_envelope_-_Name_-_Signer_2":{"runAfter":{"Add_tabs_for_a_recipient_on_an_envelope_-_Signature_-_Signer_2":["Succeeded"]},"metadata":{"operationMetadataId":"bcdb115a-d4bf-462b-87d6-45f0d4165e4b"},"type":"OpenApiConnection","inputs":{"parameters":{"accountId":"3433fe0a-8620-4aba-b074-fb913cf9c411","envelopeId":"@variables('Envelope ID')","recipientId":"@outputs('Add_recipient_to_an_envelope_-_Signer_2')?['body/recipientId']","tabType":"fullNameTabs","tabDetails/tabs":[{"anchorString":"//Name2//","tabLabel":"Name 2","anchorXOffset":"-6","anchorYOffset":"-8","font":"Arial","fontColor":"Black","fontSize":"Size12","bold":"false","italic":"false"}]},"host":{"apiId":"/providers/Microsoft.PowerApps/apis/shared_docusigndemo","connectionName":"shared_docusigndemo","operationId":"AddRecipientTabs"},"authentication":{"value":"@json(decodeBase64(triggerOutputs().headers['X-MS-APIM-Tokens']))['$ConnectionKey']","type":"Raw"}}},"Add_tabs_for_a_recipient_on_an_envelope_-_Signature_-_Signer_2":{"runAfter":{"Add_tabs_for_a_recipient_on_an_envelope_-_Date_Signed_-_Signer_2":["Succeeded"]},"metadata":{"operationMetadataId":"2fce0ed6-5bf8-4395-9050-bbcfb8ceb883"},"type":"OpenApiConnection","inputs":{"parameters":{"accountId":"3433fe0a-8620-4aba-b074-fb913cf9c411","envelopeId":"@variables('Envelope ID')","recipientId":"@outputs('Add_recipient_to_an_envelope_-_Signer_2')?['body/recipientId']","tabType":"signHereTabs","tabDetails/tabs":[{"anchorString":"//Signature2//","optional":"false","tabLabel":"Signature 2","anchorXOffset":"0","anchorYOffset":"0"}]},"host":{"apiId":"/providers/Microsoft.PowerApps/apis/shared_docusigndemo","connectionName":"shared_docusigndemo","operationId":"AddRecipientTabs"},"authentication":{"value":"@json(decodeBase64(triggerOutputs().headers['X-MS-APIM-Tokens']))['$ConnectionKey']","type":"Raw"}}},"Add_tabs_for_a_recipient_on_an_envelope_-_Date_Signed_-_Signer_2":{"runAfter":{"Add_verification_type_to_a_recipient_-_Signer_2":["Succeeded"]},"metadata":{"operationMetadataId":"0de373b8-55d2-488c-8251-970e6cbdd8d1"},"type":"OpenApiConnection","inputs":{"parameters":{"accountId":"3433fe0a-8620-4aba-b074-fb913cf9c411","envelopeId":"@variables('Envelope ID')","recipientId":"@outputs('Add_recipient_to_an_envelope_-_Signer_2')?['body/recipientId']","tabType":"dateSignedTabs","tabDetails/tabs":[{"anchorString":"//Date2//","tabLabel":"Date Signed 2","anchorXOffset":"-6","anchorYOffset":"-7","font":"Arial","fontColor":"Black","fontSize":"Size12","bold":"false","italic":"false"}]},"host":{"apiId":"/providers/Microsoft.PowerApps/apis/shared_docusigndemo","connectionName":"shared_docusigndemo","operationId":"AddRecipientTabs"},"authentication":{"value":"@json(decodeBase64(triggerOutputs().headers['X-MS-APIM-Tokens']))['$ConnectionKey']","type":"Raw"}}},"Add_recipient_to_an_envelope_-_Signer_2":{"metadata":{"operationMetadataId":"6cf9c805-fc63-4c3c-b643-41f145663bf7"},"type":"OpenApiConnection","inputs":{"parameters":{"accountId":"3433fe0a-8620-4aba-b074-fb913cf9c411","envelopeId":"@variables('Envelope ID')","recipientType":"signers","routingOrder":"3","emailNotificationLanguage":"English UK (en_GB)","emailNotificationSubject":"Signer 2: @{variables('Email Subject')}","emailNotificationBody":"@variables('Email Body')","roleName":"Signer 2","additionalRecipientParams/name":"@outputs('Get_item')?['body/Signer2Name']","additionalRecipientParams/email":"@outputs('Get_item')?['body/Signer2Email']"},"host":{"apiId":"/providers/Microsoft.PowerApps/apis/shared_docusigndemo","connectionName":"shared_docusigndemo","operationId":"AddRecipientToEnvelopeV2"},"authentication":{"value":"@json(decodeBase64(triggerOutputs().headers['X-MS-APIM-Tokens']))['$ConnectionKey']","type":"Raw"}}},"Add_verification_type_to_a_recipient_-_Signer_2":{"runAfter":{"Add_recipient_to_an_envelope_-_Signer_2":["Succeeded"]},"metadata":{"operationMetadataId":"2cd3760e-6b2d-4443-9bd6-ade76dea30ed"},"type":"OpenApiConnection","inputs":{"parameters":{"accountId":"3433fe0a-8620-4aba-b074-fb913cf9c411","envelopeId":"@variables('Envelope ID')","recipientId":"@outputs('Add_recipient_to_an_envelope_-_Signer_2')?['body/recipientId']","recipientType":"@outputs('Add_recipient_to_an_envelope_-_Signer_2')?['body/recipientType']","verificationType":"ID Verification","additionalRecipientData/workflowID":"dfc100cd-5d00-49cf-9d9a-3afff597da10"},"host":{"apiId":"/providers/Microsoft.PowerApps/apis/shared_docusigndemo","connectionName":"shared_docusigndemo","operationId":"AddVerificationToRecipient"},"authentication":{"value":"@json(decodeBase64(triggerOutputs().headers['X-MS-APIM-Tokens']))['$ConnectionKey']","type":"Raw"}}}},"runAfter":{"Condition_-_Signer_1":["Succeeded"]},"else":{"actions":{}},"expression":{"equals":["@int(outputs('Get_item')?['body/NumberofSigners/Value'])",2]},"metadata":{"operationMetadataId":"e287c87b-6080-490b-93c3-59512fe6eec0"},"type":"If"},"Condition_-_Signer_1":{"actions":{"Add_tabs_for_a_recipient_on_an_envelope_-_Name_-_Signer_1":{"runAfter":{"Add_tabs_for_a_recipient_on_an_envelope_-_Signature_-_Signer_1":["Succeeded"]},"metadata":{"operationMetadataId":"bcdb115a-d4bf-462b-87d6-45f0d4165e4b"},"type":"OpenApiConnection","inputs":{"parameters":{"accountId":"3433fe0a-8620-4aba-b074-fb913cf9c411","envelopeId":"@variables('Envelope ID')","recipientId":"@outputs('Add_recipient_to_an_envelope_-_Signer_1')?['body/recipientId']","tabType":"fullNameTabs","tabDetails/tabs":[{"anchorString":"//Name1//","tabLabel":"Name 1","anchorXOffset":"-6","anchorYOffset":"-8","font":"Arial","fontColor":"Black","fontSize":"Size12","bold":"false","italic":"false"}]},"host":{"apiId":"/providers/Microsoft.PowerApps/apis/shared_docusigndemo","connectionName":"shared_docusigndemo","operationId":"AddRecipientTabs"},"authentication":{"value":"@json(decodeBase64(triggerOutputs().headers['X-MS-APIM-Tokens']))['$ConnectionKey']","type":"Raw"}}},"Add_tabs_for_a_recipient_on_an_envelope_-_Signature_-_Signer_1":{"runAfter":{"Add_tabs_for_a_recipient_on_an_envelope_-_Date_Signed_-_Signer_1":["Succeeded"]},"metadata":{"operationMetadataId":"2fce0ed6-5bf8-4395-9050-bbcfb8ceb883"},"type":"OpenApiConnection","inputs":{"parameters":{"accountId":"3433fe0a-8620-4aba-b074-fb913cf9c411","envelopeId":"@variables('Envelope ID')","recipientId":"@outputs('Add_recipient_to_an_envelope_-_Signer_1')?['body/recipientId']","tabType":"signHereTabs","tabDetails/tabs":[{"anchorString":"//Signature1//","optional":"false","tabLabel":"Signature 1","anchorXOffset":"0","anchorYOffset":"0"}]},"host":{"apiId":"/providers/Microsoft.PowerApps/apis/shared_docusigndemo","connectionName":"shared_docusigndemo","operationId":"AddRecipientTabs"},"authentication":{"value":"@json(decodeBase64(triggerOutputs().headers['X-MS-APIM-Tokens']))['$ConnectionKey']","type":"Raw"}}},"Add_tabs_for_a_recipient_on_an_envelope_-_Date_Signed_-_Signer_1":{"runAfter":{"Add_verification_type_to_a_recipient_-_Signer_1":["Succeeded"]},"metadata":{"operationMetadataId":"0de373b8-55d2-488c-8251-970e6cbdd8d1"},"type":"OpenApiConnection","inputs":{"parameters":{"accountId":"3433fe0a-8620-4aba-b074-fb913cf9c411","envelopeId":"@variables('Envelope ID')","recipientId":"@outputs('Add_recipient_to_an_envelope_-_Signer_1')?['body/recipientId']","tabType":"dateSignedTabs","tabDetails/tabs":[{"anchorString":"//Date1//","tabLabel":"Date Signed 1","anchorXOffset":"-6","anchorYOffset":"-7","font":"Arial","fontColor":"Black","fontSize":"Size12","bold":"false","italic":"false"}]},"host":{"apiId":"/providers/Microsoft.PowerApps/apis/shared_docusigndemo","connectionName":"shared_docusigndemo","operationId":"AddRecipientTabs"},"authentication":{"value":"@json(decodeBase64(triggerOutputs().headers['X-MS-APIM-Tokens']))['$ConnectionKey']","type":"Raw"}}},"Add_recipient_to_an_envelope_-_Signer_1":{"metadata":{"operationMetadataId":"6cf9c805-fc63-4c3c-b643-41f145663bf7"},"type":"OpenApiConnection","inputs":{"parameters":{"accountId":"3433fe0a-8620-4aba-b074-fb913cf9c411","envelopeId":"@variables('Envelope ID')","recipientType":"signers","routingOrder":"3","emailNotificationLanguage":"English UK (en_GB)","emailNotificationSubject":"Signer 1: @{variables('Email Subject')}","emailNotificationBody":"@variables('Email Body')","roleName":"Signer 1","additionalRecipientParams/name":"@outputs('Get_item')?['body/Signer1Name']","additionalRecipientParams/email":"@outputs('Get_item')?['body/Signer1Email']"},"host":{"apiId":"/providers/Microsoft.PowerApps/apis/shared_docusigndemo","connectionName":"shared_docusigndemo","operationId":"AddRecipientToEnvelopeV2"},"authentication":{"value":"@json(decodeBase64(triggerOutputs().headers['X-MS-APIM-Tokens']))['$ConnectionKey']","type":"Raw"}}},"Add_verification_type_to_a_recipient_-_Signer_1":{"runAfter":{"Add_recipient_to_an_envelope_-_Signer_1":["Succeeded"]},"metadata":{"operationMetadataId":"cae7455a-a8db-4065-9fef-b2961db3c7c4"},"type":"OpenApiConnection","inputs":{"parameters":{"accountId":"3433fe0a-8620-4aba-b074-fb913cf9c411","envelopeId":"@variables('Envelope ID')","recipientId":"@outputs('Add_recipient_to_an_envelope_-_Signer_1')?['body/recipientId']","recipientType":"@outputs('Add_recipient_to_an_envelope_-_Signer_1')?['body/recipientType']","verificationType":"ID Verification","additionalRecipientData/workflowID":"5eedeb39-c6a2-48d9-b789-b5459c2ff9bb"},"host":{"apiId":"/providers/Microsoft.PowerApps/apis/shared_docusigndemo","connectionName":"shared_docusigndemo","operationId":"AddVerificationToRecipient"},"authentication":{"value":"@json(decodeBase64(triggerOutputs().headers['X-MS-APIM-Tokens']))['$ConnectionKey']","type":"Raw"}}}},"runAfter":{"Condition_-_Specifier_Role":["Succeeded"]},"else":{"actions":{}},"expression":{"greater":["@int(outputs('Get_item')?['body/NumberofSigners/Value'])",0]},"metadata":{"operationMetadataId":"e287c87b-6080-490b-93c3-59512fe6eec0"},"type":"If"}},"runAfter":{"Initialize_variable_-_Envelope_ID":["Succeeded"]},"metadata":{"operationMetadataId":"42928428-be8f-418e-ac8d-ad8916141201"},"type":"Scope"},"Initialize_variable_-_Envelope_ID":{"runAfter":{"Create_envelope_using_template_with_recipients":["Succeeded"]},"metadata":{"operationMetadataId":"8fabdc23-aad8-43d0-9a42-5655dab817dc"},"type":"InitializeVariable","inputs":{"variables":[{"name":"Envelope ID","type":"string","value":"@outputs('Create_envelope_using_template_with_recipients')?['body/envelopeId']"}]}},"Format_number_-_Funding_Amount":{"runAfter":{"Get_item":["Succeeded"]},"metadata":{"operationMetadataId":"3da8ecf3-77dd-4b42-bbbb-426cb272b4b4"},"type":"Expression","kind":"FormatNumber","inputs":{"number":"@outputs('Get_item')?['body/Authorised_x0020_Funding']","format":"###,###,###"}},"Format_number_-_Funding_Amount_Costs":{"runAfter":{"Format_number_-_Funding_Amount":["Succeeded"]},"metadata":{"operationMetadataId":"3da8ecf3-77dd-4b42-bbbb-426cb272b4b4"},"type":"Expression","kind":"FormatNumber","inputs":{"number":"@add(mul(outputs('Get_item')?['body/Authorised_x0020_Funding'],0.1765),outputs('Get_item')?['body/Authorised_x0020_Funding'])","format":"###,###,###"}},"Initialize_variable_-_Email_Subject":{"runAfter":{"Format_number_-_Funding_Amount_Costs":["Succeeded"]},"metadata":{"operationMetadataId":"c5e133b9-0375-4ef4-8d2e-8fe8559a6101"},"type":"InitializeVariable","inputs":{"variables":[{"name":"Email Subject","type":"string","value":"ESA Letter of Support - @{outputs('Get_item')?['body/MemberState/Value']}"}]}},"Initialize_variable_-_Email_Body":{"runAfter":{"Initialize_variable_-_Email_Subject":["Succeeded"]},"metadata":{"operationMetadataId":"e1d5b3bd-2567-43e8-8e4f-214d5a0f21af"},"type":"InitializeVariable","inputs":{"variables":[{"name":"Email Body","type":"string","value":"IPC Delegate: @{outputs('Get_item')?['body/IPCDelegate/Value']}\n\n<b>Letter of Support Details:</b>\nMember State: @{outputs('Get_item')?['body/MemberState/Value']}\nActivity Title: @{outputs('Get_item')?['body/ActivityTitle/Value']}\nScaleUp Id: @{outputs('Get_item')?['body/Activity_x0020_Code']}\nOur Reference: @{outputs('Get_item')?['body/OurReference']}\n\n<b>Authorised Funding:</b>\nIndustrial Activity Support: € @{body('Format_number_-_Funding_Amount')}\nIncluding Internal Costs: € @{body('Format_number_-_Funding_Amount_Costs')}\n\n<b>Contact Details:</b>\nContact Name: @{base64ToString(triggerOutputs()['headers']['x-ms-user-name-encoded'])}\nContact Email: @{base64ToString(triggerOutputs()['headers']['x-ms-user-email-encoded'])}\nContact Telephone: @{outputs('Get_item')?['body/Telephone_x0020_Number']}"}]}},"Create_envelope_using_template_with_recipients":{"runAfter":{"Initialize_variable_-_Email_Body":["Succeeded"]},"metadata":{"operationMetadataId":"8d51015c-97b5-4d66-91b8-a18f90ff9c97"},"type":"OpenApiConnection","inputs":{"parameters":{"emailSubject":"ESA Letter of Support - @{outputs('Get_item')?['body/MemberState/Value']}","accountId":"3433fe0a-8620-4aba-b074-fb913cf9c411"},"host":{"apiId":"/providers/Microsoft.PowerApps/apis/shared_docusigndemo","connectionName":"shared_docusigndemo","operationId":"CreateBlankEnvelope"},"authentication":{"value":"@json(decodeBase64(triggerOutputs().headers['X-MS-APIM-Tokens']))['$ConnectionKey']","type":"Raw"}}},"Send_an_email_(V2)":{"runAfter":{"Update_item_-_Failed":["Succeeded"]},"metadata":{"operationMetadataId":"914849d2-cf7e-48cb-8a38-1b3db53b9478"},"type":"OpenApiConnection","inputs":{"parameters":{"emailMessage/To":"mike.kolling@dynamics247.net","emailMessage/Subject":"Flow Failed - ESA Letter of Support","emailMessage/Body":"<p>Envelope ID: @{variables('Envelope ID')}<br>\n<br>\nEnvelope Status: Completed<br>\n<br>\nFlow Name: ESA Letter of Support<br>\n<br>\nUse Case Flow: ESA Letter of Support<br>\n<br>\nAccount: ESA Demo Account</p>","emailMessage/Importance":"Normal"},"host":{"apiId":"/providers/Microsoft.PowerApps/apis/shared_office365","connectionName":"shared_office365_1","operationId":"SendEmailV2"},"authentication":{"value":"@json(decodeBase64(triggerOutputs().headers['X-MS-APIM-Tokens']))['$ConnectionKey']","type":"Raw"}}}},"outputs":{}},"connectionReferences":{"shared_sharepointonline":{"connectionName":"shared-sharepointonl-24c5cf33-b546-4a83-abd0-b9e66db684a0","source":"Invoker","id":"/providers/Microsoft.PowerApps/apis/shared_sharepointonline","tier":"NotSpecified","apiName":"sharepointonline"},"shared_docusigndemo":{"connectionName":"shared-docusigndemo-eb03a534-2176-4aa7-a103-54d56df8a39c","source":"Invoker","id":"/providers/Microsoft.PowerApps/apis/shared_docusigndemo","tier":"NotSpecified","apiName":"docusigndemo"},"shared_office365_1":{"connectionName":"14ae1ffebdaf4f82ab3186eabf788337","source":"Invoker","id":"/providers/Microsoft.PowerApps/apis/shared_office365","tier":"NotSpecified","apiName":"office365"}},"flowFailureAlertSubscribed":false,"isManaged":false}}