<ImportExportXml xmlns:xsi="http://www.w3.org/2001/XMLSchema-instance" OrganizationVersion="9.2.25013.198" OrganizationSchemaType="Full" CRMServerServiceabilityVersion="9.2.25013.00198">
  <Entities></Entities>
  <Roles></Roles>
  <Workflows>
    <Workflow WorkflowId="{38941467-0ddf-ef11-8eea-6045bddf725a}" Name="ESA - LoS - Completed">
      <JsonFileName>/Workflows/ESA-LoS-Completed-38941467-0DDF-EF11-8EEA-6045BDDF725A.json</JsonFileName>
      <Type>1</Type>
      <Subprocess>0</Subprocess>
      <Category>5</Category>
      <Mode>0</Mode>
      <Scope>4</Scope>
      <OnDemand>0</OnDemand>
      <TriggerOnCreate>0</TriggerOnCreate>
      <TriggerOnDelete>0</TriggerOnDelete>
      <AsyncAutodelete>0</AsyncAutodelete>
      <SyncWorkflowLogOnFailure>0</SyncWorkflowLogOnFailure>
      <StateCode>1</StateCode>
      <StatusCode>2</StatusCode>
      <RunAs>1</RunAs>
      <IsTransacted>1</IsTransacted>
      <IntroducedVersion>1.0.0.6</IntroducedVersion>
      <IsCustomizable>1</IsCustomizable>
      <IsCustomProcessingStepAllowedForOtherPublishers>1</IsCustomProcessingStepAllowedForOtherPublishers>
      <BillingContext>[{"id":"9b84d417-6730-4976-b216-784432aa1d7e","type":"UnifiedApp","metadata":{"displayName":"Letter of Support on ESA forms"}},{"id":"esamk_LetterOfSupport","type":"UnifiedApp","metadata":{"displayName":"Letter Of Support"}}]</BillingContext>
      <PrimaryEntity>none</PrimaryEntity>
      <LocalizedNames>
        <LocalizedName languagecode="1033" description="ESA - LoS - Completed" />
      </LocalizedNames>
    </Workflow>
    <Workflow WorkflowId="{37941467-0ddf-ef11-8eea-6045bddf725a}" Name="ESA Letter of Support - Send for Signature">
      <JsonFileName>/Workflows/ESALetterofSupport-SendforSignature-37941467-0DDF-EF11-8EEA-6045BDDF725A.json</JsonFileName>
      <Type>1</Type>
      <Subprocess>0</Subprocess>
      <Category>5</Category>
      <Mode>0</Mode>
      <Scope>4</Scope>
      <OnDemand>0</OnDemand>
      <TriggerOnCreate>0</TriggerOnCreate>
      <TriggerOnDelete>0</TriggerOnDelete>
      <AsyncAutodelete>0</AsyncAutodelete>
      <SyncWorkflowLogOnFailure>0</SyncWorkflowLogOnFailure>
      <StateCode>1</StateCode>
      <StatusCode>2</StatusCode>
      <RunAs>1</RunAs>
      <IsTransacted>1</IsTransacted>
      <IntroducedVersion>1.0.0.6</IntroducedVersion>
      <IsCustomizable>1</IsCustomizable>
      <IsCustomProcessingStepAllowedForOtherPublishers>1</IsCustomProcessingStepAllowedForOtherPublishers>
      <BillingContext>[{"id":"9b84d417-6730-4976-b216-784432aa1d7e","type":"UnifiedApp","metadata":{"displayName":"Letter of Support on ESA forms"}},{"id":"esamk_LetterOfSupport","type":"UnifiedApp","metadata":{"displayName":"Letter Of Support"}}]</BillingContext>
      <PrimaryEntity>none</PrimaryEntity>
      <LocalizedNames>
        <LocalizedName languagecode="1033" description="ESA Letter of Support - Send for Signature" />
      </LocalizedNames>
    </Workflow>
    <Workflow WorkflowId="{843af4a9-e8e2-ef11-9342-6045bd13613d}" Name="ESA - LoS - Delivered">
      <JsonFileName>/Workflows/ESA-LoS-Delivered-843AF4A9-E8E2-EF11-9342-6045BD13613D.json</JsonFileName>
      <Type>1</Type>
      <Subprocess>0</Subprocess>
      <Category>5</Category>
      <Mode>0</Mode>
      <Scope>4</Scope>
      <OnDemand>0</OnDemand>
      <TriggerOnCreate>0</TriggerOnCreate>
      <TriggerOnDelete>0</TriggerOnDelete>
      <AsyncAutodelete>0</AsyncAutodelete>
      <SyncWorkflowLogOnFailure>0</SyncWorkflowLogOnFailure>
      <StateCode>1</StateCode>
      <StatusCode>2</StatusCode>
      <RunAs>1</RunAs>
      <IsTransacted>1</IsTransacted>
      <IntroducedVersion>1.0</IntroducedVersion>
      <IsCustomizable>1</IsCustomizable>
      <IsCustomProcessingStepAllowedForOtherPublishers>1</IsCustomProcessingStepAllowedForOtherPublishers>
      <BillingContext>[{"id":"9b84d417-6730-4976-b216-784432aa1d7e","type":"UnifiedApp","metadata":{"displayName":"Letter of Support on ESA forms"}},{"id":"esamk_LetterOfSupport","type":"UnifiedApp","metadata":{"displayName":"Letter Of Support"}}]</BillingContext>
      <PrimaryEntity>none</PrimaryEntity>
      <LocalizedNames>
        <LocalizedName languagecode="1033" description="ESA - LoS - Delivered" />
      </LocalizedNames>
    </Workflow>
  </Workflows>
  <FieldSecurityProfiles></FieldSecurityProfiles>
  <Templates />
  <EntityMaps />
  <EntityRelationships />
  <OrganizationSettings />
  <optionsets />
  <CustomControls />
  <EntityDataProviders />
  <connectionreferences>
    <connectionreference connectionreferencelogicalname="esamk_sharedcommondataserviceforapps_56a48">
      <connectionreferencedisplayname>Microsoft Dataverse LetterOfSupport-56a48</connectionreferencedisplayname>
      <connectorid>/providers/Microsoft.PowerApps/apis/shared_commondataserviceforapps</connectorid>
      <iscustomizable>1</iscustomizable>
      <promptingbehavior>0</promptingbehavior>
      <statecode>0</statecode>
      <statuscode>1</statuscode>
    </connectionreference>
    <connectionreference connectionreferencelogicalname="esamk_sharedcommondataserviceforapps_f4862">
      <connectionreferencedisplayname>Microsoft Dataverse LetterOfSupport-f4862</connectionreferencedisplayname>
      <connectorid>/providers/Microsoft.PowerApps/apis/shared_commondataserviceforapps</connectorid>
      <iscustomizable>1</iscustomizable>
      <promptingbehavior>0</promptingbehavior>
      <statecode>0</statecode>
      <statuscode>1</statuscode>
    </connectionreference>
    <connectionreference connectionreferencelogicalname="esamk_shareddocusigndemo_4e795">
      <connectionreferencedisplayname>Docusign Demo LetterOfSupport-4e795</connectionreferencedisplayname>
      <connectorid>/providers/Microsoft.PowerApps/apis/shared_docusigndemo</connectorid>
      <iscustomizable>1</iscustomizable>
      <promptingbehavior>0</promptingbehavior>
      <statecode>0</statecode>
      <statuscode>1</statuscode>
    </connectionreference>
    <connectionreference connectionreferencelogicalname="esamk_sharedoffice365_f9e16">
      <connectionreferencedisplayname>Office 365 Outlook LetterOfSupport-f9e16</connectionreferencedisplayname>
      <connectorid>/providers/Microsoft.PowerApps/apis/shared_office365</connectorid>
      <iscustomizable>1</iscustomizable>
      <promptingbehavior>0</promptingbehavior>
      <statecode>0</statecode>
      <statuscode>1</statuscode>
    </connectionreference>
    <connectionreference connectionreferencelogicalname="esamk_sharedonedriveforbusiness_666e9">
      <connectionreferencedisplayname>OneDrive for Business LetterOfSupport-666e9</connectionreferencedisplayname>
      <connectorid>/providers/Microsoft.PowerApps/apis/shared_onedriveforbusiness</connectorid>
      <iscustomizable>1</iscustomizable>
      <promptingbehavior>0</promptingbehavior>
      <statecode>0</statecode>
      <statuscode>1</statuscode>
    </connectionreference>
    <connectionreference connectionreferencelogicalname="esamk_sharedsharepointonline_ebfad">
      <connectionreferencedisplayname>SharePoint LetterOfSupport-ebfad</connectionreferencedisplayname>
      <connectorid>/providers/Microsoft.PowerApps/apis/shared_sharepointonline</connectorid>
      <iscustomizable>1</iscustomizable>
      <promptingbehavior>0</promptingbehavior>
      <statecode>0</statecode>
      <statuscode>1</statuscode>
    </connectionreference>
    <connectionreference connectionreferencelogicalname="new_shareddocusigndemo_30280">
      <connectionreferencedisplayname>Docusign Demo</connectionreferencedisplayname>
      <connectorid>/providers/Microsoft.PowerApps/apis/shared_docusigndemo</connectorid>
      <iscustomizable>1</iscustomizable>
      <promptingbehavior>0</promptingbehavior>
      <statecode>0</statecode>
      <statuscode>1</statuscode>
    </connectionreference>
    <connectionreference connectionreferencelogicalname="new_shareddocusigndemo_c46e0">
      <connectionreferencedisplayname>Docusign Demo</connectionreferencedisplayname>
      <connectorid>/providers/Microsoft.PowerApps/apis/shared_docusigndemo</connectorid>
      <iscustomizable>1</iscustomizable>
      <promptingbehavior>0</promptingbehavior>
      <statecode>0</statecode>
      <statuscode>1</statuscode>
    </connectionreference>
  </connectionreferences>
  <Languages>
    <Language>1033</Language>
  </Languages>
</ImportExportXml>