<appaction uniquename="esamk__NewCommand!e9e00cc591574097a8660773c4b0779e!esamk_LetterOfSupport!esamk_letterofsupport1!0">
  <appmoduleid>
    <uniquename>esamk_LetterOfSupport</uniquename>
  </appmoduleid>
  <buttonlabeltext default="SubmitDocusign">
    <label description="SubmitDocusign" languagecode="1033" />
  </buttonlabeltext>
  <context>1</context>
  <contextentity>
    <logicalname>esamk_letterofsupport1</logicalname>
  </contextentity>
  <contextvalue>esamk_letterofsupport1</contextvalue>
  <fonticon>$clientsvg:Accept</fonticon>
  <hidden>0</hidden>
  <iscustomizable>1</iscustomizable>
  <isdisabled>0</isdisabled>
  <isgrouptitlehidden>0</isgrouptitlehidden>
  <location>0</location>
  <name>NewCommand!e9e00cc591574097a8660773c4b0779e</name>
  <onclickeventformulacomponentlibraryid>
    <name>esamk_letterofsupportdefaultcommandlibrary_a974d</name>
  </onclickeventformulacomponentlibraryid>
  <onclickeventformulacomponentname>9681a898f3f74fc9b68e693691b55448</onclickeventformulacomponentname>
  <onclickeventformulafunctionname>OnSelect</onclickeventformulafunctionname>
  <onclickeventtype>1</onclickeventtype>
  <origin>0</origin>
  <sequence>100100056.5000000000</sequence>
  <statecode>0</statecode>
  <statuscode>1</statuscode>
  <type>0</type>
  <visibilityformulacomponentlibraryid>
    <name>esamk_letterofsupportdefaultcommandlibrary_a974d</name>
  </visibilityformulacomponentlibraryid>
  <visibilityformulacomponentname>9681a898f3f74fc9b68e693691b55448</visibilityformulacomponentname>
  <visibilityformulafunctionname>Visible</visibilityformulafunctionname>
  <visibilitytype>1</visibilitytype>
</appaction>