<ImportExportXml version="9.2.25093.154" SolutionPackageVersion="9.2" languagecode="1033" generatedBy="CrmLive" xmlns:xsi="http://www.w3.org/2001/XMLSchema-instance" OrganizationVersion="9.2.25093.154" OrganizationSchemaType="Full" CRMServerServiceabilityVersion="9.2.25094.00162">
  <SolutionManifest>
    <UniqueName>LoS_APP</UniqueName>
    <LocalizedNames>
      <LocalizedName description="LOS_APP" languagecode="1033" />
    </LocalizedNames>
    <Descriptions />
    <Version>1.0.0.24</Version>
    <Managed>0</Managed>
    <Publisher>
      <UniqueName>ESA</UniqueName>
      <LocalizedNames>
        <LocalizedName description="ESA" languagecode="1033" />
      </LocalizedNames>
      <Descriptions />
      <EMailAddress xsi:nil="true"></EMailAddress>
      <SupportingWebsiteUrl xsi:nil="true"></SupportingWebsiteUrl>
      <CustomizationPrefix>esamk</CustomizationPrefix>
      <CustomizationOptionValuePrefix>30529</CustomizationOptionValuePrefix>
      <Addresses>
        <Address>
          <AddressNumber>1</AddressNumber>
          <AddressTypeCode>1</AddressTypeCode>
          <City xsi:nil="true"></City>
          <County xsi:nil="true"></County>
          <Country xsi:nil="true"></Country>
          <Fax xsi:nil="true"></Fax>
          <FreightTermsCode xsi:nil="true"></FreightTermsCode>
          <ImportSequenceNumber xsi:nil="true"></ImportSequenceNumber>
          <Latitude xsi:nil="true"></Latitude>
          <Line1 xsi:nil="true"></Line1>
          <Line2 xsi:nil="true"></Line2>
          <Line3 xsi:nil="true"></Line3>
          <Longitude xsi:nil="true"></Longitude>
          <Name xsi:nil="true"></Name>
          <PostalCode xsi:nil="true"></PostalCode>
          <PostOfficeBox xsi:nil="true"></PostOfficeBox>
          <PrimaryContactName xsi:nil="true"></PrimaryContactName>
          <ShippingMethodCode>1</ShippingMethodCode>
          <StateOrProvince xsi:nil="true"></StateOrProvince>
          <Telephone1 xsi:nil="true"></Telephone1>
          <Telephone2 xsi:nil="true"></Telephone2>
          <Telephone3 xsi:nil="true"></Telephone3>
          <TimeZoneRuleVersionNumber xsi:nil="true"></TimeZoneRuleVersionNumber>
          <UPSZone xsi:nil="true"></UPSZone>
          <UTCOffset xsi:nil="true"></UTCOffset>
          <UTCConversionTimeZoneCode xsi:nil="true"></UTCConversionTimeZoneCode>
        </Address>
        <Address>
          <AddressNumber>2</AddressNumber>
          <AddressTypeCode>1</AddressTypeCode>
          <City xsi:nil="true"></City>
          <County xsi:nil="true"></County>
          <Country xsi:nil="true"></Country>
          <Fax xsi:nil="true"></Fax>
          <FreightTermsCode xsi:nil="true"></FreightTermsCode>
          <ImportSequenceNumber xsi:nil="true"></ImportSequenceNumber>
          <Latitude xsi:nil="true"></Latitude>
          <Line1 xsi:nil="true"></Line1>
          <Line2 xsi:nil="true"></Line2>
          <Line3 xsi:nil="true"></Line3>
          <Longitude xsi:nil="true"></Longitude>
          <Name xsi:nil="true"></Name>
          <PostalCode xsi:nil="true"></PostalCode>
          <PostOfficeBox xsi:nil="true"></PostOfficeBox>
          <PrimaryContactName xsi:nil="true"></PrimaryContactName>
          <ShippingMethodCode>1</ShippingMethodCode>
          <StateOrProvince xsi:nil="true"></StateOrProvince>
          <Telephone1 xsi:nil="true"></Telephone1>
          <Telephone2 xsi:nil="true"></Telephone2>
          <Telephone3 xsi:nil="true"></Telephone3>
          <TimeZoneRuleVersionNumber xsi:nil="true"></TimeZoneRuleVersionNumber>
          <UPSZone xsi:nil="true"></UPSZone>
          <UTCOffset xsi:nil="true"></UTCOffset>
          <UTCConversionTimeZoneCode xsi:nil="true"></UTCConversionTimeZoneCode>
        </Address>
      </Addresses>
    </Publisher>
    <RootComponents>
      <RootComponent type="1" schemaName="esamk_letterofsupport1" behavior="2" />
      <RootComponent type="1" schemaName="esamk_letterofsupportprocess" behavior="0" />
      <RootComponent type="9" schemaName="cap_directoratelist" behavior="0" />
      <RootComponent type="20" id="{719f9990-42fb-ef11-bae2-6045bde11cb9}" behavior="0" />
      <RootComponent type="20" id="{d4b10c62-42fb-ef11-bae2-7c1e52350c34}" behavior="0" />
      <RootComponent type="20" behavior="0" parentId="{119f245c-3cc8-4b62-b31c-d1a046ced15d}" />
      <RootComponent type="29" id="{c06947bf-3ee9-ef11-9342-6045bd13613d}" behavior="0" />
      <RootComponent type="61" schemaName="esamk_new_esamk_info_page" behavior="0" />
      <RootComponent type="61" schemaName="esamk_specifierpickerlauncher" behavior="0" />
      <RootComponent type="62" schemaName="esamk_LetterOfSupport" behavior="0" />
      <RootComponent type="80" schemaName="esamk_LetterOfSupport" behavior="0" />
      <RootComponent type="300" schemaName="esamk_applandingpage_97732" behavior="0" />
      <RootComponent type="300" schemaName="esamk_canvas1_671d2" behavior="0" />
      <RootComponent type="300" schemaName="esamk_letterofsupportdefaultcommandlibrary_a974d" behavior="0" />
    </RootComponents>
    <MissingDependencies>
      <MissingDependency>
        <Required type="1" schemaName="environmentvariabledefinition" displayName="Environment Variable Definition" solution="EnvironmentVariables (1.0.2406.4)">
          <package appName="EnvironmentVariables" version="1.0.2406.4">EnvironmentVariablesSolutionAnchor (1.0.2406.4)</package>
        </Required>
        <Dependent type="300" schemaName="esamk_applandingpage_97732" displayName="AppLandingPage" />
      </MissingDependency>
      <MissingDependency>
        <Required type="1" schemaName="environmentvariablevalue" displayName="Environment Variable Value" solution="EnvironmentVariables (1.0.2406.4)">
          <package appName="EnvironmentVariables" version="1.0.2406.4">EnvironmentVariablesSolutionAnchor (1.0.2406.4)</package>
        </Required>
        <Dependent type="300" schemaName="esamk_applandingpage_97732" displayName="AppLandingPage" />
      </MissingDependency>
      <MissingDependency>
        <Required type="1" schemaName="esamk_letterofsupport1" displayName="AuthorisationOfFunding" solution="Active" />
        <Dependent type="1" schemaName="esamk_letterofsupport1" displayName="AuthorisationOfFunding" />
      </MissingDependency>
      <MissingDependency>
        <Required type="1" schemaName="esamk_lut_activity" displayName="lut_activity" solution="Active" />
        <Dependent type="80" schemaName="esamk_LetterOfSupport" displayName="Authorisation of Funding" />
      </MissingDependency>
      <MissingDependency>
        <Required type="1" schemaName="esamk_lut_directorgeneral" displayName="lut_directorgeneral" solution="Active" />
        <Dependent type="62" schemaName="esamk_LetterOfSupport" />
      </MissingDependency>
      <MissingDependency>
        <Required type="1" schemaName="esamk_lut_directorgeneral" displayName="lut_directorgeneral" solution="Active" />
        <Dependent type="80" schemaName="esamk_LetterOfSupport" displayName="Authorisation of Funding" />
      </MissingDependency>
      <MissingDependency>
        <Required type="1" schemaName="esamk_lut_domain" displayName="Domain" solution="Active" />
        <Dependent type="80" schemaName="esamk_LetterOfSupport" displayName="Authorisation of Funding" />
      </MissingDependency>
      <MissingDependency>
        <Required type="1" schemaName="esamk_lut_programme" displayName="Programme" solution="Active" />
        <Dependent type="80" schemaName="esamk_LetterOfSupport" displayName="Authorisation of Funding" />
      </MissingDependency>
      <MissingDependency>
        <Required type="1" schemaName="esamk_lut_programme_component" displayName="lut_programme_component" solution="Active" />
        <Dependent type="80" schemaName="esamk_LetterOfSupport" displayName="Authorisation of Funding" />
      </MissingDependency>
      <MissingDependency>
        <Required type="1" schemaName="esamk_lut_programme_element" displayName="lut_programme_element" solution="Active" />
        <Dependent type="80" schemaName="esamk_LetterOfSupport" displayName="Authorisation of Funding" />
      </MissingDependency>
      <MissingDependency>
        <Required type="1" schemaName="esamk_lut_specifiers" displayName="lut_specifiers" solution="Active" />
        <Dependent type="300" schemaName="esamk_canvas1_671d2" displayName="Canvas1" />
      </MissingDependency>
      <MissingDependency>
        <Required type="1" schemaName="esamk_lut_specifiers" displayName="lut_specifiers" solution="Active" />
        <Dependent type="62" schemaName="esamk_LetterOfSupport" />
      </MissingDependency>
      <MissingDependency>
        <Required type="1" schemaName="esamk_lut_specifiers" displayName="lut_specifiers" solution="Active" />
        <Dependent type="80" schemaName="esamk_LetterOfSupport" displayName="Authorisation of Funding" />
      </MissingDependency>
      <MissingDependency>
        <Required type="1" schemaName="esamk_memberstate" displayName="Member State" solution="Active" />
        <Dependent type="300" schemaName="esamk_canvas1_671d2" displayName="Canvas1" />
      </MissingDependency>
      <MissingDependency>
        <Required type="1" schemaName="esamk_memberstate" displayName="Member State" solution="Active" />
        <Dependent type="62" schemaName="esamk_LetterOfSupport" />
      </MissingDependency>
      <MissingDependency>
        <Required type="1" schemaName="esamk_memberstate" displayName="Member State" solution="Active" />
        <Dependent type="80" schemaName="esamk_LetterOfSupport" displayName="Authorisation of Funding" />
      </MissingDependency>
      <MissingDependency>
        <Required type="1" schemaName="esamk_workplans" displayName="Workplans" solution="Active" />
        <Dependent type="62" schemaName="esamk_LetterOfSupport" />
      </MissingDependency>
      <MissingDependency>
        <Required type="1" schemaName="esamk_workplans" displayName="Workplans" solution="Active" />
        <Dependent type="80" schemaName="esamk_LetterOfSupport" displayName="Authorisation of Funding" />
      </MissingDependency>
      <MissingDependency>
        <Required type="2" schemaName="esamk_committedamount" displayName="Committed Amount" parentSchemaName="esamk_letterofsupport1" parentDisplayName="AuthorisationOfFunding" solution="Active" />
        <Dependent type="29" displayName="Letter of Support Process" id="{c06947bf-3ee9-ef11-9342-6045bd13613d}" />
      </MissingDependency>
      <MissingDependency>
        <Required type="2" schemaName="esamk_committedamount" displayName="Committed Amount" parentSchemaName="esamk_letterofsupport1" parentDisplayName="AuthorisationOfFunding" solution="Active" />
        <Dependent type="60" displayName="Information" parentDisplayName="Letter of Support Process" id="{8dd53b8b-37c2-4ff5-9ec2-cb6ad4db381b}" />
      </MissingDependency>
      <MissingDependency>
        <Required type="2" schemaName="esamk_description" displayName="Description" parentSchemaName="esamk_letterofsupport1" parentDisplayName="AuthorisationOfFunding" solution="Active" />
        <Dependent type="10" schemaName="bpf_esamk_letterofsupport1_esamk_letterofsupportprocess" displayName="bpf_esamk_letterofsupport1_esamk_letterofsupportprocess" parentSchemaName="esamk_letterofsupport1" parentDisplayName="AuthorisationOfFunding" />
      </MissingDependency>
      <MissingDependency>
        <Required type="2" schemaName="esamk_description" displayName="Description" parentSchemaName="esamk_letterofsupport1" parentDisplayName="AuthorisationOfFunding" solution="Active" />
        <Dependent type="29" displayName="Letter of Support Process" id="{c06947bf-3ee9-ef11-9342-6045bd13613d}" />
      </MissingDependency>
      <MissingDependency>
        <Required type="2" schemaName="esamk_docusignstatus" displayName="Docusign Status" parentSchemaName="esamk_letterofsupport1" parentDisplayName="AuthorisationOfFunding" solution="Active" />
        <Dependent type="29" displayName="Letter of Support Process" id="{c06947bf-3ee9-ef11-9342-6045bd13613d}" />
      </MissingDependency>
      <MissingDependency>
        <Required type="2" schemaName="esamk_docusignstatus" displayName="Docusign Status" parentSchemaName="esamk_letterofsupport1" parentDisplayName="AuthorisationOfFunding" solution="Active" />
        <Dependent type="60" displayName="Information" parentDisplayName="Letter of Support Process" id="{8dd53b8b-37c2-4ff5-9ec2-cb6ad4db381b}" />
      </MissingDependency>
      <MissingDependency>
        <Required type="2" schemaName="esamk_jsusertype" displayName="User Type" parentSchemaName="esamk_letterofsupport1" parentDisplayName="AuthorisationOfFunding" solution="Active" />
        <Dependent type="29" displayName="Letter of Support Process" id="{c06947bf-3ee9-ef11-9342-6045bd13613d}" />
      </MissingDependency>
      <MissingDependency>
        <Required type="2" schemaName="esamk_jsusertype" displayName="User Type" parentSchemaName="esamk_letterofsupport1" parentDisplayName="AuthorisationOfFunding" solution="Active" />
        <Dependent type="60" displayName="Information" parentDisplayName="Letter of Support Process" id="{8dd53b8b-37c2-4ff5-9ec2-cb6ad4db381b}" />
      </MissingDependency>
      <MissingDependency>
        <Required type="2" schemaName="esamk_letterofsupport1id" displayName="LetterOfSupport" parentSchemaName="esamk_letterofsupport1" parentDisplayName="AuthorisationOfFunding" solution="Active" />
        <Dependent type="26" schemaName="Active Letter of Support Process on my LetterOfSupports" displayName="Active Letter of Support Process on my LetterOfSupports" parentSchemaName="esamk_letterofsupportprocess" parentDisplayName="Letter of Support Process" id="{5185af8e-c491-487a-ab96-65a44a303a16}" />
      </MissingDependency>
      <MissingDependency>
        <Required type="2" schemaName="esamk_letterofsupport1id" displayName="LetterOfSupport" parentSchemaName="esamk_letterofsupport1" parentDisplayName="AuthorisationOfFunding" solution="Active" />
        <Dependent type="26" schemaName="Inactive Letter of Support Process on my LetterOfSupports" displayName="Inactive Letter of Support Process on my LetterOfSupports" parentSchemaName="esamk_letterofsupportprocess" parentDisplayName="Letter of Support Process" id="{f0ef8313-fe77-40bf-84fc-fb7c12b9f758}" />
      </MissingDependency>
      <MissingDependency>
        <Required type="2" schemaName="esamk_letterofsupport1id" displayName="LetterOfSupport" parentSchemaName="esamk_letterofsupport1" parentDisplayName="AuthorisationOfFunding" solution="Active" />
        <Dependent type="29" displayName="Letter of Support Process" id="{c06947bf-3ee9-ef11-9342-6045bd13613d}" />
      </MissingDependency>
      <MissingDependency>
        <Required type="2" schemaName="ownerid" displayName="Owner" parentSchemaName="esamk_letterofsupport1" parentDisplayName="AuthorisationOfFunding" solution="Active" />
        <Dependent type="26" schemaName="Active Letter of Support Process on my LetterOfSupports" displayName="Active Letter of Support Process on my LetterOfSupports" parentSchemaName="esamk_letterofsupportprocess" parentDisplayName="Letter of Support Process" id="{5185af8e-c491-487a-ab96-65a44a303a16}" />
      </MissingDependency>
      <MissingDependency>
        <Required type="2" schemaName="ownerid" displayName="Owner" parentSchemaName="esamk_letterofsupport1" parentDisplayName="AuthorisationOfFunding" solution="Active" />
        <Dependent type="26" schemaName="Inactive Letter of Support Process on my LetterOfSupports" displayName="Inactive Letter of Support Process on my LetterOfSupports" parentSchemaName="esamk_letterofsupportprocess" parentDisplayName="Letter of Support Process" id="{f0ef8313-fe77-40bf-84fc-fb7c12b9f758}" />
      </MissingDependency>
      <MissingDependency>
        <Required type="26" schemaName="Import Workplans" displayName="Import Workplans" parentSchemaName="esamk_workplans" parentDisplayName="Workplans" solution="Active" id="{f6c896f8-6afe-ef11-bae3-7c1e5236721a}" />
        <Dependent type="80" schemaName="esamk_LetterOfSupport" displayName="Authorisation of Funding" />
      </MissingDependency>
      <MissingDependency>
        <Required type="26" schemaName="Active Workplans" displayName="Active Workplans" parentSchemaName="esamk_workplans" parentDisplayName="Workplans" solution="Active" id="{f7143de6-9f13-42fb-90c9-fc45483422b4}" />
        <Dependent type="80" schemaName="esamk_LetterOfSupport" displayName="Authorisation of Funding" />
      </MissingDependency>
      <MissingDependency>
        <Required type="60" displayName="Information" parentDisplayName="lut_programme_component" solution="Active" id="{1b79325e-be85-4d0a-8f7d-d81ae77c3903}" />
        <Dependent type="80" schemaName="esamk_LetterOfSupport" displayName="Authorisation of Funding" />
      </MissingDependency>
      <MissingDependency>
        <Required type="60" displayName="Information" parentDisplayName="Programme" solution="Active" id="{27d4cf38-13df-4e51-bc3e-55452f71fc6b}" />
        <Dependent type="80" schemaName="esamk_LetterOfSupport" displayName="Authorisation of Funding" />
      </MissingDependency>
      <MissingDependency>
        <Required type="60" displayName="New Main Form" parentDisplayName="AuthorisationOfFunding" solution="Active" id="{2bb3b08d-f9f8-ef11-bae2-002248a05bc5}" />
        <Dependent type="80" schemaName="esamk_LetterOfSupport" displayName="Authorisation of Funding" />
      </MissingDependency>
      <MissingDependency>
        <Required type="60" displayName="Information" parentDisplayName="lut_programme_element" solution="Active" id="{2cb13796-718b-4b40-8c0b-e0950f97780e}" />
        <Dependent type="80" schemaName="esamk_LetterOfSupport" displayName="Authorisation of Funding" />
      </MissingDependency>
      <MissingDependency>
        <Required type="60" displayName="Information" parentDisplayName="Domain" solution="Active" id="{429cd389-38e8-49d9-afbc-13cee9783fc7}" />
        <Dependent type="80" schemaName="esamk_LetterOfSupport" displayName="Authorisation of Funding" />
      </MissingDependency>
      <MissingDependency>
        <Required type="60" displayName="Programme Legal" parentDisplayName="lut_activity" solution="Active" id="{54a0c506-9ffa-ef11-bae2-7c1e52350c34}" />
        <Dependent type="80" schemaName="esamk_LetterOfSupport" displayName="Authorisation of Funding" />
      </MissingDependency>
      <MissingDependency>
        <Required type="60" displayName="Information" parentDisplayName="Workplans" solution="Active" id="{6165ccc4-c463-4ebc-8772-f4bd8f59f5ef}" />
        <Dependent type="80" schemaName="esamk_LetterOfSupport" displayName="Authorisation of Funding" />
      </MissingDependency>
      <MissingDependency>
        <Required type="60" displayName="Information" parentDisplayName="Member State" solution="Active" id="{c67b82fb-68b9-49c9-a615-2d9330b006e1}" />
        <Dependent type="80" schemaName="esamk_LetterOfSupport" displayName="Authorisation of Funding" />
      </MissingDependency>
      <MissingDependency>
        <Required type="60" displayName="Domain LoS" parentDisplayName="Domain" solution="Active" id="{c936d1f1-6b95-f011-b4cc-000d3a66b577}" />
        <Dependent type="80" schemaName="esamk_LetterOfSupport" displayName="Authorisation of Funding" />
      </MissingDependency>
      <MissingDependency>
        <Required type="60" displayName="LetterOfSupport" parentDisplayName="Member State" solution="Active" id="{d342e69a-54a7-441f-b550-a72d03518c1c}" />
        <Dependent type="80" schemaName="esamk_LetterOfSupport" displayName="Authorisation of Funding" />
      </MissingDependency>
      <MissingDependency>
        <Required type="60" displayName="Letter of Support" parentDisplayName="User" solution="Active" id="{fed39b79-41fb-ef11-bae2-6045bde11cb9}" />
        <Dependent type="80" schemaName="esamk_LetterOfSupport" displayName="Authorisation of Funding" />
      </MissingDependency>
      <MissingDependency>
        <Required type="61" schemaName="msdyn_/Images/AppModule_Default_Icon.png" displayName="msdyn_/Images/AppModule_Default_Icon.png" solution="AppModuleWebResources (2.5)">
          <package appName="AppModule Web Resources Package" version="2.5">AppModuleWebResources (2.5)</package>
        </Required>
        <Dependent type="80" schemaName="esamk_LetterOfSupport" displayName="Authorisation of Funding" />
      </MissingDependency>
      <MissingDependency>
        <Required type="SettingDefinition" displayName="AppChannel" solution="msdyn_AppFrameworkInfraExtensions (1.0.0.15)" id.uniquename="AppChannel">
          <package appName="PowerAppsAppFramework Package" version="1.0.0.23">PowerAppsAppFramework_Anchor (1.0.0.23)</package>
        </Required>
        <Dependent type="AppSetting" displayName="parentappmoduleid.uniquename=esamk_LetterOfSupport,settingdefinitionid.uniquename=AppChannel" id.parentappmoduleid.uniquename="esamk_LetterOfSupport" id.settingdefinitionid.uniquename="AppChannel" />
      </MissingDependency>
    </MissingDependencies>
  </SolutionManifest>
</ImportExportXml>