{
  "properties": {
    "connectionReferences": {
      "shared_commondataserviceforapps": {
        "runtimeSource": "embedded",
        "connection": {
          "connectionReferenceLogicalName": "esamk_sharedcommondataserviceforapps_23f36"
        },
        "api": {
          "name": "shared_commondataserviceforapps"
        }
      }
    },
    "definition": {
      "$schema": "https://schema.management.azure.com/providers/Microsoft.Logic/schemas/2016-06-01/workflowdefinition.json#",
      "contentVersion": "1.0.0.0",
      "parameters": {
        "$connections": {
          "defaultValue": {},
          "type": "Object"
        },
        "$authentication": {
          "defaultValue": {},
          "type": "SecureObject"
        }
      },
      "triggers": {
        "Recurrence": {
          "recurrence": {
            "frequency": "Day",
            "interval": 1,
            "startTime": "2025-09-26T01:00:00Z"
          },
          "metadata": {
            "operationMetadataId": "7f5331be-7551-46ad-b163-2bfe0ffeeef0"
          },
          "type": "Recurrence"
        }
      },
      "actions": {
        "List_rows": {
          "runAfter": {
            "Initialize_variable_Email": [
              "Succeeded"
            ]
          },
          "metadata": {
            "operationMetadataId": "74c04df8-9e37-4141-bece-8ebc3c0f9a67"
          },
          "type": "OpenApiConnection",
          "inputs": {
            "host": {
              "connectionName": "shared_commondataserviceforapps",
              "operationId": "ListRecords",
              "apiId": "/providers/Microsoft.PowerApps/apis/shared_commondataserviceforapps"
            },
            "parameters": {
              "entityName": "systemusers",
              "$filter": "esamk_usertype eq 305290001"
            },
            "authentication": "@parameters('$authentication')"
          }
        },
        "Apply_to_each": {
          "foreach": "@outputs('List_rows')?['body/value']",
          "actions": {
            "Condition": {
              "actions": {},
              "runAfter": {
                "Find_any_Existing": [
                  "Succeeded"
                ]
              },
              "else": {
                "actions": {
                  "Add_a_new_Specifier": {
                    "runAfter": {},
                    "metadata": {
                      "operationMetadataId": "e676e7b0-255f-4518-bb01-672e14c862e6"
                    },
                    "type": "OpenApiConnection",
                    "inputs": {
                      "host": {
                        "connectionName": "shared_commondataserviceforapps",
                        "operationId": "CreateRecord",
                        "apiId": "/providers/Microsoft.PowerApps/apis/shared_commondataserviceforapps"
                      },
                      "parameters": {
                        "entityName": "esamk_lut_specifierses",
                        "item/esamk_MemberState@odata.bind": "/esamk_memberstates(@{variables('Member State ID')})",
                        "item/esamk_name": "@variables('FullName')",
                        "item/esamk_email": "@variables('Email')",
                        "item/owningbusinessunit@odata.bind": "/businessunits(@{variables('Owning business Unit')})"
                      },
                      "authentication": "@parameters('$authentication')"
                    }
                  }
                }
              },
              "expression": {
                "greater": [
                  "@length(body('Find_any_Existing')?['value'])\r\n",
                  0
                ]
              },
              "metadata": {
                "operationMetadataId": "cba636fb-ad36-4c19-8bc0-ee7f48c59efb"
              },
              "type": "If"
            },
            "Set_variable_Business_Unit": {
              "runAfter": {},
              "metadata": {
                "operationMetadataId": "b8eeddc5-1837-40e8-bf52-2753ba8b9ab9"
              },
              "type": "SetVariable",
              "inputs": {
                "name": "Owning business Unit",
                "value": "@items('Apply_to_each')?['_businessunitid_value']"
              }
            },
            "Find_any_Existing": {
              "runAfter": {
                "Apply_to_each_Member_State": [
                  "Succeeded"
                ]
              },
              "metadata": {
                "operationMetadataId": "46846849-c182-49ab-b31f-b3ea856765ce"
              },
              "type": "OpenApiConnection",
              "inputs": {
                "host": {
                  "connectionName": "shared_commondataserviceforapps",
                  "operationId": "ListRecords",
                  "apiId": "/providers/Microsoft.PowerApps/apis/shared_commondataserviceforapps"
                },
                "parameters": {
                  "entityName": "esamk_lut_specifierses",
                  "$filter": "esamk_name eq '@{variables('FullName')}'"
                },
                "authentication": "@parameters('$authentication')"
              }
            },
            "Get_Business_Unit_by_ID": {
              "runAfter": {
                "Set_variable_Email": [
                  "Succeeded"
                ]
              },
              "metadata": {
                "operationMetadataId": "7460cec5-04e6-470e-a632-324017d21b89"
              },
              "type": "OpenApiConnection",
              "inputs": {
                "host": {
                  "connectionName": "shared_commondataserviceforapps",
                  "operationId": "GetItem",
                  "apiId": "/providers/Microsoft.PowerApps/apis/shared_commondataserviceforapps"
                },
                "parameters": {
                  "entityName": "businessunits",
                  "recordId": "@variables('Owning business Unit')"
                },
                "authentication": "@parameters('$authentication')"
              }
            },
            "Set_variable_Country_Name": {
              "runAfter": {
                "Get_Business_Unit_by_ID": [
                  "Succeeded"
                ]
              },
              "metadata": {
                "operationMetadataId": "8391c75c-7f66-44eb-ac8b-8cdfbb525630"
              },
              "type": "SetVariable",
              "inputs": {
                "name": "CountryName",
                "value": "@outputs('Get_Business_Unit_by_ID')?['body/name']"
              }
            },
            "Get_Member_States": {
              "runAfter": {
                "Set_variable_Country_Name": [
                  "Succeeded"
                ]
              },
              "metadata": {
                "operationMetadataId": "4a57b071-342c-443f-8c30-71b4be6a0613"
              },
              "type": "OpenApiConnection",
              "inputs": {
                "host": {
                  "connectionName": "shared_commondataserviceforapps",
                  "operationId": "ListRecords",
                  "apiId": "/providers/Microsoft.PowerApps/apis/shared_commondataserviceforapps"
                },
                "parameters": {
                  "entityName": "esamk_memberstates",
                  "$filter": "esamk_countryname eq '@{variables('CountryName')}'",
                  "$top": 1
                },
                "authentication": "@parameters('$authentication')"
              }
            },
            "Apply_to_each_Member_State": {
              "foreach": "@outputs('Get_Member_States')?['body/value']",
              "actions": {
                "Set_variable_Member_State": {
                  "runAfter": {},
                  "metadata": {
                    "operationMetadataId": "9bc0401d-93f9-4834-9b7f-a44da79b6491"
                  },
                  "type": "SetVariable",
                  "inputs": {
                    "name": "Member State ID",
                    "value": "@items('Apply_to_each_Member_State')?['esamk_memberstateid']"
                  }
                }
              },
              "runAfter": {
                "Get_Member_States": [
                  "Succeeded"
                ]
              },
              "metadata": {
                "operationMetadataId": "41c48772-ede5-47bc-a903-9ad6376cd879"
              },
              "type": "Foreach"
            },
            "Set_variable_Fullname": {
              "runAfter": {
                "Set_variable_Business_Unit": [
                  "Succeeded"
                ]
              },
              "metadata": {
                "operationMetadataId": "b0007eb1-94fe-4fec-80f6-e12552caeaf4"
              },
              "type": "SetVariable",
              "inputs": {
                "name": "FullName",
                "value": "@items('Apply_to_each')?['fullname']"
              }
            },
            "Set_variable_Email": {
              "runAfter": {
                "Set_variable_Fullname": [
                  "Succeeded"
                ]
              },
              "metadata": {
                "operationMetadataId": "a099af50-48ab-45dc-a6fc-f3d90d9148da"
              },
              "type": "SetVariable",
              "inputs": {
                "name": "Email",
                "value": "@items('Apply_to_each')?['internalemailaddress']"
              }
            }
          },
          "runAfter": {
            "List_rows": [
              "Succeeded"
            ]
          },
          "metadata": {
            "operationMetadataId": "08c1db2e-6fd0-477f-9756-410ba70cbd1e"
          },
          "type": "Foreach"
        },
        "Initialize_variable_Country_Name": {
          "runAfter": {},
          "metadata": {
            "operationMetadataId": "895f1a0d-ab84-4d7a-a10d-c3d0f91f2422"
          },
          "type": "InitializeVariable",
          "inputs": {
            "variables": [
              {
                "name": "CountryName",
                "type": "string"
              }
            ]
          }
        },
        "Initialize_variable_Owning_Business_Unit_GUID": {
          "runAfter": {
            "Initialize_variable_Country_Name": [
              "Succeeded"
            ]
          },
          "metadata": {
            "operationMetadataId": "f3cd084b-0e15-4ce7-a6c9-93782d14d2a9"
          },
          "type": "InitializeVariable",
          "inputs": {
            "variables": [
              {
                "name": "Owning business Unit",
                "type": "string"
              }
            ]
          }
        },
        "Initialize_variable_member_State_ID": {
          "runAfter": {
            "Initialize_variable_Owning_Business_Unit_GUID": [
              "Succeeded"
            ]
          },
          "metadata": {
            "operationMetadataId": "1de2f466-49bb-466e-b1f6-77b6df732230"
          },
          "type": "InitializeVariable",
          "inputs": {
            "variables": [
              {
                "name": "Member State ID",
                "type": "string"
              }
            ]
          }
        },
        "Initialize_variable_Fullname": {
          "runAfter": {
            "Initialize_variable_member_State_ID": [
              "Succeeded"
            ]
          },
          "metadata": {
            "operationMetadataId": "7480fcc2-71aa-4eec-a74d-2ac9cf7c28b1"
          },
          "type": "InitializeVariable",
          "inputs": {
            "variables": [
              {
                "name": "FullName",
                "type": "string"
              }
            ]
          }
        },
        "Initialize_variable_Email": {
          "runAfter": {
            "Initialize_variable_Fullname": [
              "Succeeded"
            ]
          },
          "metadata": {
            "operationMetadataId": "9491032b-b88c-4f9a-a11d-116dfc1edfaa"
          },
          "type": "InitializeVariable",
          "inputs": {
            "variables": [
              {
                "name": "Email",
                "type": "string"
              }
            ]
          }
        }
      }
    },
    "templateName": ""
  },
  "schemaVersion": "1.0.0.0"
}