<appaction uniquename="esamk__AddSpecifiersbyCo!86769691cd754e21b8ab57e980987e2b!esamk_LetterOfSupport!esamk_letterofsupport1!0">
  <appmoduleid>
    <uniquename>esamk_LetterOfSupport</uniquename>
  </appmoduleid>
  <buttonlabeltext default="Add Specifiers by Country">
    <label description="Add Specifiers by Country" languagecode="1033" />
  </buttonlabeltext>
  <context>1</context>
  <contextentity>
    <logicalname>esamk_letterofsupport1</logicalname>
  </contextentity>
  <contextvalue>esamk_letterofsupport1</contextvalue>
  <fonticon>$clientsvg:Add</fonticon>
  <hidden>0</hidden>
  <iscustomizable>1</iscustomizable>
  <isdisabled>0</isdisabled>
  <isgrouptitlehidden>0</isgrouptitlehidden>
  <location>0</location>
  <name>AddSpecifiersbyCo!86769691cd754e21b8ab57e980987e2b</name>
  <onclickeventjavascriptfunctionname>ESAMK.openSpecifierPicker</onclickeventjavascriptfunctionname>
  <onclickeventjavascriptparameters>[{"type":5}]</onclickeventjavascriptparameters>
  <onclickeventjavascriptwebresourceid>
    <webresourceid>2cbd8c91-9f7e-f011-b4cc-7c1e52fb54a7</webresourceid>
  </onclickeventjavascriptwebresourceid>
  <onclickeventtype>2</onclickeventtype>
  <origin>0</origin>
  <sequence>100100005.5000000000</sequence>
  <statecode>0</statecode>
  <statuscode>1</statuscode>
  <type>0</type>
  <visibilitytype>0</visibilitytype>
</appaction>