<ImportExportXml version="9.2.25031.216" SolutionPackageVersion="9.2" languagecode="1033" generatedBy="CrmLive" xmlns:xsi="http://www.w3.org/2001/XMLSchema-instance" OrganizationVersion="9.2.25031.216" OrganizationSchemaType="Full" CRMServerServiceabilityVersion="9.2.25031.00216">
  <SolutionManifest>
    <UniqueName>LoS_APP</UniqueName>
    <LocalizedNames>
      <LocalizedName description="LoS_APP" languagecode="1033" />
    </LocalizedNames>
    <Descriptions />
    <Version>1.0.0.4</Version>
    <Managed>0</Managed>
    <Publisher>
      <UniqueName>ESA</UniqueName>
      <LocalizedNames>
        <LocalizedName description="ESA" languagecode="1033" />
      </LocalizedNames>
      <Descriptions />
      <EMailAddress xsi:nil="true"></EMailAddress>
      <SupportingWebsiteUrl xsi:nil="true"></SupportingWebsiteUrl>
      <CustomizationPrefix>esamk</CustomizationPrefix>
      <CustomizationOptionValuePrefix>30529</CustomizationOptionValuePrefix>
      <Addresses>
        <Address>
          <AddressNumber>1</AddressNumber>
          <AddressTypeCode>1</AddressTypeCode>
          <City xsi:nil="true"></City>
          <County xsi:nil="true"></County>
          <Country xsi:nil="true"></Country>
          <Fax xsi:nil="true"></Fax>
          <FreightTermsCode xsi:nil="true"></FreightTermsCode>
          <ImportSequenceNumber xsi:nil="true"></ImportSequenceNumber>
          <Latitude xsi:nil="true"></Latitude>
          <Line1 xsi:nil="true"></Line1>
          <Line2 xsi:nil="true"></Line2>
          <Line3 xsi:nil="true"></Line3>
          <Longitude xsi:nil="true"></Longitude>
          <Name xsi:nil="true"></Name>
          <PostalCode xsi:nil="true"></PostalCode>
          <PostOfficeBox xsi:nil="true"></PostOfficeBox>
          <PrimaryContactName xsi:nil="true"></PrimaryContactName>
          <ShippingMethodCode>1</ShippingMethodCode>
          <StateOrProvince xsi:nil="true"></StateOrProvince>
          <Telephone1 xsi:nil="true"></Telephone1>
          <Telephone2 xsi:nil="true"></Telephone2>
          <Telephone3 xsi:nil="true"></Telephone3>
          <TimeZoneRuleVersionNumber xsi:nil="true"></TimeZoneRuleVersionNumber>
          <UPSZone xsi:nil="true"></UPSZone>
          <UTCOffset xsi:nil="true"></UTCOffset>
          <UTCConversionTimeZoneCode xsi:nil="true"></UTCConversionTimeZoneCode>
        </Address>
        <Address>
          <AddressNumber>2</AddressNumber>
          <AddressTypeCode>1</AddressTypeCode>
          <City xsi:nil="true"></City>
          <County xsi:nil="true"></County>
          <Country xsi:nil="true"></Country>
          <Fax xsi:nil="true"></Fax>
          <FreightTermsCode xsi:nil="true"></FreightTermsCode>
          <ImportSequenceNumber xsi:nil="true"></ImportSequenceNumber>
          <Latitude xsi:nil="true"></Latitude>
          <Line1 xsi:nil="true"></Line1>
          <Line2 xsi:nil="true"></Line2>
          <Line3 xsi:nil="true"></Line3>
          <Longitude xsi:nil="true"></Longitude>
          <Name xsi:nil="true"></Name>
          <PostalCode xsi:nil="true"></PostalCode>
          <PostOfficeBox xsi:nil="true"></PostOfficeBox>
          <PrimaryContactName xsi:nil="true"></PrimaryContactName>
          <ShippingMethodCode>1</ShippingMethodCode>
          <StateOrProvince xsi:nil="true"></StateOrProvince>
          <Telephone1 xsi:nil="true"></Telephone1>
          <Telephone2 xsi:nil="true"></Telephone2>
          <Telephone3 xsi:nil="true"></Telephone3>
          <TimeZoneRuleVersionNumber xsi:nil="true"></TimeZoneRuleVersionNumber>
          <UPSZone xsi:nil="true"></UPSZone>
          <UTCOffset xsi:nil="true"></UTCOffset>
          <UTCConversionTimeZoneCode xsi:nil="true"></UTCConversionTimeZoneCode>
        </Address>
      </Addresses>
    </Publisher>
    <RootComponents>
      <RootComponent type="1" schemaName="email" behavior="1" />
      <RootComponent type="1" schemaName="esamk_domainname" behavior="0" />
      <RootComponent type="1" schemaName="esamk_domainowner" behavior="0" />
      <RootComponent type="1" schemaName="esamk_letterofsupport1" behavior="0" />
      <RootComponent type="1" schemaName="esamk_letterofsupportprocess" behavior="0" />
      <RootComponent type="1" schemaName="esamk_lut_activity" behavior="0" />
      <RootComponent type="1" schemaName="esamk_lut_directorgeneral" behavior="0" />
      <RootComponent type="1" schemaName="esamk_lut_domain" behavior="0" />
      <RootComponent type="1" schemaName="esamk_lut_programme" behavior="0" />
      <RootComponent type="1" schemaName="esamk_lut_programme_component" behavior="0" />
      <RootComponent type="1" schemaName="esamk_lut_programme_element" behavior="0" />
      <RootComponent type="1" schemaName="esamk_memberstate" behavior="0" />
      <RootComponent type="1" schemaName="esamk_subdomain" behavior="0" />
      <RootComponent type="1" schemaName="esamk_workplans" behavior="0" />
      <RootComponent type="1" schemaName="msdynmkt_email" behavior="1" />
      <RootComponent type="1" schemaName="systemuser" behavior="0" />
      <RootComponent type="9" schemaName="esamk_usertype" behavior="0" />
      <RootComponent type="20" id="{719f9990-42fb-ef11-bae2-6045bde11cb9}" behavior="0" />
      <RootComponent type="20" behavior="0" parentId="{119f245c-3cc8-4b62-b31c-d1a046ced15d}" />
      <RootComponent type="20" id="{d4b10c62-42fb-ef11-bae2-7c1e52350c34}" behavior="0" />
      <RootComponent type="29" id="{c06947bf-3ee9-ef11-9342-6045bd13613d}" behavior="0" />
      <RootComponent type="60" id="{cc4ffcad-63da-ef11-8eea-000d3ab1b72b}" />
      <RootComponent type="61" schemaName="cap_javascript/Entities/Email/cap_email.js" behavior="0" />
      <RootComponent type="61" schemaName="crecc_functionSetOwnerAndTriggerFlowexe" behavior="0" />
      <RootComponent type="61" schemaName="crecc_functionUpdateOwnerAndBusinessUnit" behavior="0" />
      <RootComponent type="61" schemaName="crecc_getuser1" behavior="0" />
      <RootComponent type="61" schemaName="crecc_hidebutton" behavior="0" />
      <RootComponent type="61" schemaName="crecc_SetOwningBusinessUnit" behavior="0" />
      <RootComponent type="61" schemaName="esamk_esa1" behavior="0" />
      <RootComponent type="61" schemaName="esamk_esa2" behavior="0" />
      <RootComponent type="61" schemaName="esamk_functionGetUserexecutionContext" behavior="0" />
      <RootComponent type="61" schemaName="esamk_ipccdelegateswitchspecifiers" behavior="0" />
      <RootComponent type="61" schemaName="esamk_lockscreen" behavior="0" />
      <RootComponent type="61" schemaName="esamk_LOS" behavior="0" />
      <RootComponent type="61" schemaName="esamk_sendtodocusign" behavior="0" />
      <RootComponent type="61" schemaName="esamk_sendtospecifier" behavior="0" />
      <RootComponent type="61" schemaName="msdyncrm_/libs/ckeditor/plugins/preview/preview.html" behavior="0" />
      <RootComponent type="61" schemaName="msdyn_/Images/AppModule_Default_Icon.png" behavior="0" />
      <RootComponent type="62" schemaName="esamk_LetterOfSupport" behavior="0" />
      <RootComponent type="70" id="{6310cf91-fcc0-ea11-a813-000d3ab8cd41}" behavior="0" />
      <RootComponent type="80" schemaName="esamk_LetterOfSupport" behavior="0" />
      <RootComponent type="300" schemaName="esamk_letterofsupportdefaultcommandlibrary_a974d" behavior="0" />
      <RootComponent type="300" schemaName="esamk_saleshubdefaultcommandlibrary_42bbd" behavior="0" />
    </RootComponents>
    <MissingDependencies>
      <MissingDependency>
        <Required type="1" schemaName="adx_webformsession" displayName="Web Form Session" solution="PowerPages_RuntimeCore (1.0.2407.1)">
          <package appName="Power Pages Core Package" version="1.0.2501.142">PowerPages_Core (1.0.2501.142)</package>
        </Required>
        <Dependent type="1" schemaName="systemuser" displayName="User" />
      </MissingDependency>
      <MissingDependency>
        <Required type="1" schemaName="appusersetting" displayName="Model-Driven App User Setting" solution="AppModule (9.2.2502.2502222)">
          <package appName="AppModule" version="9.2.2502.2502222">AppModuleSolutionAnchor (9.2.2502.2502222)</package>
        </Required>
        <Dependent type="1" schemaName="systemuser" displayName="User" />
      </MissingDependency>
      <MissingDependency>
        <Required type="1" schemaName="bookableresource" displayName="Bookable Resource" solution="msdynce_Scheduling (9.0.0.0)">
          <package appName="Dynamics 365 For Scheduling" version="9.0.7.3">Scheduling_Anchor (9.0.7.3)</package>
        </Required>
        <Dependent type="60" displayName="User" parentDisplayName="User" id="{c2cd9e55-d4b4-4b55-9951-16ead79643e5}" />
      </MissingDependency>
      <MissingDependency>
        <Required type="1" schemaName="bot" displayName="Chatbot" solution="PowerVirtualAgents (2025.2.3.16554571)">
          <package appName="CCI Bots" version="2025.2.3.16554571">msdynce_CustomerCareIntelligenceBots_Anchor (2025.2.3.16554571)</package>
        </Required>
        <Dependent type="1" schemaName="systemuser" displayName="User" />
      </MissingDependency>
      <MissingDependency>
        <Required type="1" schemaName="cap_auditlog" displayName="Audit Log" solution="Active" />
        <Dependent type="1" schemaName="systemuser" displayName="User" />
      </MissingDependency>
      <MissingDependency>
        <Required type="1" schemaName="cap_esacontactonboarding" displayName="esacontact Onboarding" solution="Active" />
        <Dependent type="1" schemaName="systemuser" displayName="User" />
      </MissingDependency>
      <MissingDependency>
        <Required type="1" schemaName="cap_esacontactonboarding" displayName="esacontact Onboarding" solution="Active" />
        <Dependent type="60" displayName="User" parentDisplayName="User" id="{c2cd9e55-d4b4-4b55-9951-16ead79643e5}" />
      </MissingDependency>
      <MissingDependency>
        <Required type="1" schemaName="cap_project" displayName="Project" solution="TEMP (1.0.0.0)" />
        <Dependent type="1" schemaName="systemuser" displayName="User" />
      </MissingDependency>
      <MissingDependency>
        <Required type="1" schemaName="componentversion" displayName="Component Version" solution="msdyn_ComponentVersioning (9.1.0.196)">
          <package appName="Component Versioning Package" version="9.1.0.196">ComponentVersioning_Anchor (9.1.0.196)</package>
        </Required>
        <Dependent type="1" schemaName="systemuser" displayName="User" />
      </MissingDependency>
      <MissingDependency>
        <Required type="1" schemaName="crecc_affordability" displayName="Affordability" solution="Active" />
        <Dependent type="MetadataForArchival" displayName="crecc_affordability" id.extensionofrecordid.logicalname="crecc_affordability" />
      </MissingDependency>
      <MissingDependency>
        <Required type="1" schemaName="msdyn_agentcapacityprofileunit" displayName="Agent Capacity Profile Unit" solution="msdyn_AgentAvailabilityStatus (1.5.25024.1001)">
          <package appName="UnifiedRoutingPrime" version="1.5.26.177">UnifiedRoutingPrimeAnchor (1.5.26.177)</package>
        </Required>
        <Dependent type="1" schemaName="systemuser" displayName="User" />
      </MissingDependency>
      <MissingDependency>
        <Required type="1" schemaName="msdyn_agentcapacityupdatehistory" displayName="Agent capacity update history" solution="OCBaseURBase (1.5.25024.1001)">
          <package appName="UnifiedRoutingPrime" version="1.5.26.177">UnifiedRoutingPrimeAnchor (1.5.26.177)</package>
        </Required>
        <Dependent type="1" schemaName="systemuser" displayName="User" />
      </MissingDependency>
      <MissingDependency>
        <Required type="1" schemaName="msdyn_agentchannelstate" displayName="Agent Channel State" solution="msdyn_AgentAvailabilityStatus (1.5.25024.1001)">
          <package appName="UnifiedRoutingPrime" version="1.5.26.177">UnifiedRoutingPrimeAnchor (1.5.26.177)</package>
        </Required>
        <Dependent type="1" schemaName="systemuser" displayName="User" />
      </MissingDependency>
      <MissingDependency>
        <Required type="1" schemaName="msdyn_agentgroupmembership" displayName="Agent Group Membership" solution="msdyn_AgentGroupManager (1.5.25024.1001)">
          <package appName="UnifiedRoutingPrime" version="1.5.26.177">UnifiedRoutingPrimeAnchor (1.5.26.177)</package>
        </Required>
        <Dependent type="1" schemaName="systemuser" displayName="User" />
      </MissingDependency>
      <MissingDependency>
        <Required type="1" schemaName="msdyn_agentlanguage" displayName="Agent Language" solution="msdyn_AgentGroupManager (1.5.25024.1001)">
          <package appName="UnifiedRoutingPrime" version="1.5.26.177">UnifiedRoutingPrimeAnchor (1.5.26.177)</package>
        </Required>
        <Dependent type="1" schemaName="systemuser" displayName="User" />
      </MissingDependency>
      <MissingDependency>
        <Required type="1" schemaName="msdyn_agentlanguage" displayName="Agent Language" solution="msdyn_AgentGroupManager (1.5.25024.1001)">
          <package appName="UnifiedRoutingPrime" version="1.5.26.177">UnifiedRoutingPrimeAnchor (1.5.26.177)</package>
        </Required>
        <Dependent type="60" displayName="User" parentDisplayName="User" id="{c2cd9e55-d4b4-4b55-9951-16ead79643e5}" />
      </MissingDependency>
      <MissingDependency>
        <Required type="1" schemaName="msdyn_agentregion" displayName="Agent Region" solution="msdyn_AgentGroupManager (1.5.25024.1001)">
          <package appName="UnifiedRoutingPrime" version="1.5.26.177">UnifiedRoutingPrimeAnchor (1.5.26.177)</package>
        </Required>
        <Dependent type="1" schemaName="systemuser" displayName="User" />
      </MissingDependency>
      <MissingDependency>
        <Required type="1" schemaName="msdyn_agentregion" displayName="Agent Region" solution="msdyn_AgentGroupManager (1.5.25024.1001)">
          <package appName="UnifiedRoutingPrime" version="1.5.26.177">UnifiedRoutingPrimeAnchor (1.5.26.177)</package>
        </Required>
        <Dependent type="60" displayName="User" parentDisplayName="User" id="{c2cd9e55-d4b4-4b55-9951-16ead79643e5}" />
      </MissingDependency>
      <MissingDependency>
        <Required type="1" schemaName="msdyn_agentstatus" displayName="Agent Status" solution="msdyn_AgentAvailabilityStatus (1.5.25024.1001)">
          <package appName="UnifiedRoutingPrime" version="1.5.26.177">UnifiedRoutingPrimeAnchor (1.5.26.177)</package>
        </Required>
        <Dependent type="1" schemaName="systemuser" displayName="User" />
      </MissingDependency>
      <MissingDependency>
        <Required type="1" schemaName="msdyn_agentstatushistory" displayName="Agent Status history" solution="OmnichannelBase (1.10.0.84)">
          <package appName="CXP" version="1.1.53893.144">DynamicsMKT_AnchorSolution (1.1.53893.144)</package>
          <package appName="UnifiedRoutingPrime" version="1.5.26.177">UnifiedRoutingPrimeAnchor (1.5.26.177)</package>
        </Required>
        <Dependent type="1" schemaName="systemuser" displayName="User" />
      </MissingDependency>
      <MissingDependency>
        <Required type="1" schemaName="msdyn_assignmentmap" displayName="Assignment Map" solution="msdyn_SalesRouting (9.1.2502.4001)">
          <package appName="msdynce_SalesInsights" version="9.0.25024.10002">msdynce_SalesInsightsAnchor (9.0.25024.10002)</package>
          <package appName="msdyn_AcceleratedSales" version="9.1.25024.10001">msdyn_AcceleratedSalesAnchor (9.1.25024.10001)</package>
        </Required>
        <Dependent type="1" schemaName="systemuser" displayName="User" />
      </MissingDependency>
      <MissingDependency>
        <Required type="1" schemaName="msdyn_capacityprofile" displayName="Capacity Profile" solution="UnifiedRouting (1.5.25024.1001)">
          <package appName="UnifiedRoutingPrime" version="1.5.26.177">UnifiedRoutingPrimeAnchor (1.5.26.177)</package>
        </Required>
        <Dependent type="60" displayName="User" parentDisplayName="User" id="{c2cd9e55-d4b4-4b55-9951-16ead79643e5}" />
      </MissingDependency>
      <MissingDependency>
        <Required type="1" schemaName="msdyn_conversationmessageblock" displayName="Conversation Message Block" solution="OmnichannelBase (1.10.0.84)">
          <package appName="CXP" version="1.1.53893.144">DynamicsMKT_AnchorSolution (1.1.53893.144)</package>
          <package appName="UnifiedRoutingPrime" version="1.5.26.177">UnifiedRoutingPrimeAnchor (1.5.26.177)</package>
        </Required>
        <Dependent type="1" schemaName="systemuser" displayName="User" />
      </MissingDependency>
      <MissingDependency>
        <Required type="1" schemaName="msdyn_conversationparticipantinsights" displayName="Conversation Participant Insights" solution="msdyn_Conversation_Intelligence (9.0.1.1269)">
          <package appName="Dynamics 365 Sales Conversation Intelligence" version="9.0.1.1269">msdyn_SalesConversationIntelligenceAnchor (9.0.1.1269)</package>
        </Required>
        <Dependent type="1" schemaName="systemuser" displayName="User" />
      </MissingDependency>
      <MissingDependency>
        <Required type="1" schemaName="msdyn_customeremailcommunication" displayName="Customer email communication" solution="SICommon (9.0.25024.10001)">
          <package appName="msdynce_SalesInsights" version="9.0.25024.10002">msdynce_SalesInsightsAnchor (9.0.25024.10002)</package>
        </Required>
        <Dependent type="1" schemaName="systemuser" displayName="User" />
      </MissingDependency>
      <MissingDependency>
        <Required type="1" schemaName="msdyn_dataanalyticsworkspace" displayName="Data Analytics Workspace" solution="msdyn_DataInsightsAndAnalytics (9.0.25023.1001)">
          <package appName="msdynce_Service" version="9.0.25023.1002">msdynce_ServiceAnchor (9.0.25023.1002)</package>
          <package appName="ServiceExtended" version="9.0.25023.1019">msdyn_ServiceExtendedAnchor (9.0.25023.1019)</package>
          <package appName="CXP" version="1.1.53893.144">DynamicsMKT_AnchorSolution (1.1.53893.144)</package>
          <package appName="msdyn_AcceleratedSales" version="9.1.25024.10001">msdyn_AcceleratedSalesAnchor (9.1.25024.10001)</package>
          <package appName="CustomerServiceAnalytics" version="9.0.25023.1001">msdyn_CustomerServiceAnalyticsAnchor (9.0.25023.1001)</package>
        </Required>
        <Dependent type="1" schemaName="systemuser" displayName="User" />
      </MissingDependency>
      <MissingDependency>
        <Required type="1" schemaName="msdyn_duplicateleadmapping" displayName="Duplicate Lead Mapping" solution="msdyn_leadhygiene (9.1.2502.4001)">
          <package appName="msdyn_AcceleratedSales" version="9.1.25024.10001">msdyn_AcceleratedSalesAnchor (9.1.25024.10001)</package>
        </Required>
        <Dependent type="1" schemaName="systemuser" displayName="User" />
      </MissingDependency>
      <MissingDependency>
        <Required type="1" schemaName="msdyn_forecast" displayName="Forecast" solution="msdyn_Forecasting (9.0.24124.10002)">
          <package appName="msdyn_SalesIntegrationsAndAddOns" version="9.0.25024.10001">msdyn_SalesIntegrationsAddOns (9.0.25024.10001)</package>
        </Required>
        <Dependent type="1" schemaName="systemuser" displayName="User" />
      </MissingDependency>
      <MissingDependency>
        <Required type="1" schemaName="msdyn_liveconversation" displayName="Ongoing conversation (Deprecated)" solution="OmnichannelBase (1.10.0.84)">
          <package appName="CXP" version="1.1.53893.144">DynamicsMKT_AnchorSolution (1.1.53893.144)</package>
          <package appName="UnifiedRoutingPrime" version="1.5.26.177">UnifiedRoutingPrimeAnchor (1.5.26.177)</package>
        </Required>
        <Dependent type="1" schemaName="systemuser" displayName="User" />
      </MissingDependency>
      <MissingDependency>
        <Required type="1" schemaName="msdyn_liveworkstream" displayName="Work Stream" solution="OmnichannelBase (1.10.0.84)">
          <package appName="CXP" version="1.1.53893.144">DynamicsMKT_AnchorSolution (1.1.53893.144)</package>
          <package appName="UnifiedRoutingPrime" version="1.5.26.177">UnifiedRoutingPrimeAnchor (1.5.26.177)</package>
        </Required>
        <Dependent type="1" schemaName="systemuser" displayName="User" />
      </MissingDependency>
      <MissingDependency>
        <Required type="1" schemaName="msdyn_ocliveworkitem" displayName="Conversation" solution="OmnichannelBase (1.10.0.84)">
          <package appName="CXP" version="1.1.53893.144">DynamicsMKT_AnchorSolution (1.1.53893.144)</package>
          <package appName="UnifiedRoutingPrime" version="1.5.26.177">UnifiedRoutingPrimeAnchor (1.5.26.177)</package>
        </Required>
        <Dependent type="1" schemaName="systemuser" displayName="User" />
      </MissingDependency>
      <MissingDependency>
        <Required type="1" schemaName="msdyn_ocliveworkitemcharacteristic" displayName="Conversation Characteristic" solution="OmnichannelSBR (1.5.0.18)">
          <package appName="UnifiedRoutingPrime" version="1.5.26.177">UnifiedRoutingPrimeAnchor (1.5.26.177)</package>
        </Required>
        <Dependent type="1" schemaName="systemuser" displayName="User" />
      </MissingDependency>
      <MissingDependency>
        <Required type="1" schemaName="msdyn_ocliveworkitemparticipant" displayName="Live Work Item Participant (Deprecated)" solution="OmnichannelBase (1.10.0.84)">
          <package appName="CXP" version="1.1.53893.144">DynamicsMKT_AnchorSolution (1.1.53893.144)</package>
          <package appName="UnifiedRoutingPrime" version="1.5.26.177">UnifiedRoutingPrimeAnchor (1.5.26.177)</package>
        </Required>
        <Dependent type="1" schemaName="systemuser" displayName="User" />
      </MissingDependency>
      <MissingDependency>
        <Required type="1" schemaName="msdyn_ocruleitem" displayName="Rule Item" solution="OmnichannelBase (1.10.0.84)">
          <package appName="CXP" version="1.1.53893.144">DynamicsMKT_AnchorSolution (1.1.53893.144)</package>
          <package appName="UnifiedRoutingPrime" version="1.5.26.177">UnifiedRoutingPrimeAnchor (1.5.26.177)</package>
        </Required>
        <Dependent type="1" schemaName="systemuser" displayName="User" />
      </MissingDependency>
      <MissingDependency>
        <Required type="1" schemaName="msdyn_ocsitrainingdata" displayName="Training record" solution="OCISBR (1.5.25024.1001)">
          <package appName="UnifiedRoutingPrime" version="1.5.26.177">UnifiedRoutingPrimeAnchor (1.5.26.177)</package>
        </Required>
        <Dependent type="1" schemaName="systemuser" displayName="User" />
      </MissingDependency>
      <MissingDependency>
        <Required type="1" schemaName="msdyn_preferredagent" displayName="Preferred Agent" solution="UnifiedRouting (1.5.25024.1001)">
          <package appName="UnifiedRoutingPrime" version="1.5.26.177">UnifiedRoutingPrimeAnchor (1.5.26.177)</package>
        </Required>
        <Dependent type="1" schemaName="systemuser" displayName="User" />
      </MissingDependency>
      <MissingDependency>
        <Required type="1" schemaName="msdyn_salesroutingrun" displayName="Sales routing run" solution="msdyn_SalesRouting (9.1.2502.4001)">
          <package appName="msdynce_SalesInsights" version="9.0.25024.10002">msdynce_SalesInsightsAnchor (9.0.25024.10002)</package>
          <package appName="msdyn_AcceleratedSales" version="9.1.25024.10001">msdyn_AcceleratedSalesAnchor (9.1.25024.10001)</package>
        </Required>
        <Dependent type="1" schemaName="systemuser" displayName="User" />
      </MissingDependency>
      <MissingDependency>
        <Required type="1" schemaName="msdyn_sessionparticipant" displayName="Session participant" solution="OmnichannelBase (1.10.0.84)">
          <package appName="CXP" version="1.1.53893.144">DynamicsMKT_AnchorSolution (1.1.53893.144)</package>
          <package appName="UnifiedRoutingPrime" version="1.5.26.177">UnifiedRoutingPrimeAnchor (1.5.26.177)</package>
        </Required>
        <Dependent type="1" schemaName="systemuser" displayName="User" />
      </MissingDependency>
      <MissingDependency>
        <Required type="1" schemaName="msdyn_shareasconfiguration" displayName="ShareAs Configuration" solution="msdyn_Forecasting (9.0.24124.10002)">
          <package appName="msdyn_SalesIntegrationsAndAddOns" version="9.0.25024.10001">msdyn_SalesIntegrationsAddOns (9.0.25024.10001)</package>
        </Required>
        <Dependent type="1" schemaName="systemuser" displayName="User" />
      </MissingDependency>
      <MissingDependency>
        <Required type="1" schemaName="msdyn_suggestionprincipalobjectaccess" displayName="Suggestion Principal Object Access" solution="msdyn_SalesSuggestion (9.1.25024.10001)">
          <package appName="msdyn_AcceleratedSales" version="9.1.25024.10001">msdyn_AcceleratedSalesAnchor (9.1.25024.10001)</package>
        </Required>
        <Dependent type="1" schemaName="systemuser" displayName="User" />
      </MissingDependency>
      <MissingDependency>
        <Required type="1" schemaName="msdyn_swarmparticipant" displayName="Swarm participant" solution="msdyn_Swarming (9.0.25023.1019)">
          <package appName="ServiceExtended" version="9.0.25023.1019">msdyn_ServiceExtendedAnchor (9.0.25023.1019)</package>
        </Required>
        <Dependent type="1" schemaName="systemuser" displayName="User" />
      </MissingDependency>
      <MissingDependency>
        <Required type="1" schemaName="msdyn_unifiedroutingrun" displayName="Routing diagnostic" solution="DecisionEngine (1.3.24125.2002)">
          <package appName="ServiceExtended" version="9.0.25023.1019">msdyn_ServiceExtendedAnchor (9.0.25023.1019)</package>
        </Required>
        <Dependent type="1" schemaName="systemuser" displayName="User" />
      </MissingDependency>
      <MissingDependency>
        <Required type="1" schemaName="msdyn_wallsavedqueryusersettings" displayName="Filter" solution="ActivityFeedsCore (9.0.0.0011)">
          <package appName="ActivityFeedsCore" version="9.0.0.0011">ActivityFeedsCore (9.0.0.0011)</package>
        </Required>
        <Dependent type="1" schemaName="systemuser" displayName="User" />
      </MissingDependency>
      <MissingDependency>
        <Required type="1" schemaName="msdyn_wkwcolleaguesforcompany" displayName="wkwcolleaguesforcompany" solution="msdyn_connectiongraph (9.3.25024.10001)">
          <package appName="msdynce_SalesInsights" version="9.0.25024.10002">msdynce_SalesInsightsAnchor (9.0.25024.10002)</package>
        </Required>
        <Dependent type="1" schemaName="systemuser" displayName="User" />
      </MissingDependency>
      <MissingDependency>
        <Required type="1" schemaName="msdyn_wkwcolleaguesforcontact" displayName="wkwcolleaguesforcontact" solution="msdyn_connectiongraph (9.3.25024.10001)">
          <package appName="msdynce_SalesInsights" version="9.0.25024.10002">msdynce_SalesInsightsAnchor (9.0.25024.10002)</package>
        </Required>
        <Dependent type="1" schemaName="systemuser" displayName="User" />
      </MissingDependency>
      <MissingDependency>
        <Required type="1" schemaName="msdyn_workstream_bot_mapping" displayName="Work Stream Bot Mapping" solution="msdyn_ChannelExperienceApp (1.0.25031.1025)">
          <package appName="ChannelExperienceApps" version="1.0.25031.1025">msdyn_ChannelExperienceAppsAnchor (1.0.25031.1025)</package>
        </Required>
        <Dependent type="1" schemaName="systemuser" displayName="User" />
      </MissingDependency>
      <MissingDependency>
        <Required type="1" schemaName="msdyncrm_customerjourney" displayName="Customer journey" solution="MicrosoftDynamics_Marketing (1.112.2003.0)">
          <package appName="D365fM" version="1.112.2003.0">MicrosoftDynamics_MktCompleteAnchorSolution (1.112.2003.0)</package>
        </Required>
        <Dependent type="1" schemaName="systemuser" displayName="User" />
      </MissingDependency>
      <MissingDependency>
        <Required type="1" schemaName="msdyncrm_designerfeatureavailability" displayName="Designer feature protection" solution="MicrosoftDynamics_ReusableBlocks (1.112.2003.0)">
          <package appName="D365fM" version="1.112.2003.0">MicrosoftDynamics_MktCompleteAnchorSolution (1.112.2003.0)</package>
        </Required>
        <Dependent type="1" schemaName="systemuser" displayName="User" />
      </MissingDependency>
      <MissingDependency>
        <Required type="1" schemaName="msdyncrm_linkedinaccount" displayName="LinkedIn Account" solution="LinkedInLeadGenIntegration (1.45.1110.0)">
          <package appName="D365fM" version="1.112.2003.0">MicrosoftDynamics_MktCompleteAnchorSolution (1.112.2003.0)</package>
        </Required>
        <Dependent type="1" schemaName="systemuser" displayName="User" />
      </MissingDependency>
      <MissingDependency>
        <Required type="1" schemaName="msdyncrm_marketingemail" displayName="Marketing email" solution="MicrosoftDynamics_Marketing (1.112.2003.0)">
          <package appName="D365fM" version="1.112.2003.0">MicrosoftDynamics_MktCompleteAnchorSolution (1.112.2003.0)</package>
        </Required>
        <Dependent type="1" schemaName="systemuser" displayName="User" />
      </MissingDependency>
      <MissingDependency>
        <Required type="1" schemaName="msdyncrm_usergeoregion" displayName="User geo region" solution="MicrosoftDynamics_Marketing (1.112.2003.0)">
          <package appName="D365fM" version="1.112.2003.0">MicrosoftDynamics_MktCompleteAnchorSolution (1.112.2003.0)</package>
        </Required>
        <Dependent type="1" schemaName="systemuser" displayName="User" />
      </MissingDependency>
      <MissingDependency>
        <Required type="1" schemaName="msdyncrm_usersetting" displayName="User Setting" solution="MicrosoftDynamics_Marketing (1.112.2003.0)">
          <package appName="D365fM" version="1.112.2003.0">MicrosoftDynamics_MktCompleteAnchorSolution (1.112.2003.0)</package>
        </Required>
        <Dependent type="1" schemaName="systemuser" displayName="User" />
      </MissingDependency>
      <MissingDependency>
        <Required type="1" schemaName="msdynmkt_email" displayName="Email" solution="DynamicsMKT_EmailChannel (1.1.53893.132)">
          <package appName="CXP" version="1.1.53893.144">DynamicsMKT_AnchorSolution (1.1.53893.144)</package>
        </Required>
        <Dependent type="1" schemaName="msdynmkt_email" displayName="Email" />
      </MissingDependency>
      <MissingDependency>
        <Required type="1" schemaName="msdynmkt_marketingform" displayName="Form" solution="DynamicsMKT_Forms (1.1.53893.139)">
          <package appName="CXP" version="1.1.53893.144">DynamicsMKT_AnchorSolution (1.1.53893.144)</package>
        </Required>
        <Dependent type="1" schemaName="systemuser" displayName="User" />
      </MissingDependency>
      <MissingDependency>
        <Required type="1" schemaName="msdynmkt_marketingformtemplate" displayName="Form Template" solution="DynamicsMKT_Forms (1.1.53893.139)">
          <package appName="CXP" version="1.1.53893.144">DynamicsMKT_AnchorSolution (1.1.53893.144)</package>
        </Required>
        <Dependent type="1" schemaName="systemuser" displayName="User" />
      </MissingDependency>
      <MissingDependency>
        <Required type="1" schemaName="msdynmkt_segment" displayName="Segment" solution="DynamicsMKT_Segmentation (1.1.53809.0)">
          <package appName="CXP" version="1.1.53893.144">DynamicsMKT_AnchorSolution (1.1.53893.144)</package>
        </Required>
        <Dependent type="1" schemaName="systemuser" displayName="User" />
      </MissingDependency>
      <MissingDependency>
        <Required type="1" schemaName="msdynmkt_virtualdomain" displayName="Virtual Domain" solution="DynamicsMKT_DomainValidation (1.1.53893.132)">
          <package appName="CXP" version="1.1.53893.144">DynamicsMKT_AnchorSolution (1.1.53893.144)</package>
        </Required>
        <Dependent type="1" schemaName="systemuser" displayName="User" />
      </MissingDependency>
      <MissingDependency>
        <Required type="1" schemaName="msdynmkt_virtualsegment" displayName="Segment" solution="DynamicsMKT_CxpOrchestrationUI (1.1.53893.132)">
          <package appName="CXP" version="1.1.53893.144">DynamicsMKT_AnchorSolution (1.1.53893.144)</package>
        </Required>
        <Dependent type="1" schemaName="systemuser" displayName="User" />
      </MissingDependency>
      <MissingDependency>
        <Required type="1" schemaName="msevtmgt_event" displayName="Event" solution="MicrosoftDynamics_EventManagement (1.51.53893.99)">
          <package appName="D365fM" version="1.112.2003.0">MicrosoftDynamics_MktCompleteAnchorSolution (1.112.2003.0)</package>
        </Required>
        <Dependent type="1" schemaName="systemuser" displayName="User" />
      </MissingDependency>
      <MissingDependency>
        <Required type="1" schemaName="msevtmgt_eventteammember" displayName="Event Team Member" solution="MicrosoftDynamics_EventManagement (1.51.53893.99)">
          <package appName="D365fM" version="1.112.2003.0">MicrosoftDynamics_MktCompleteAnchorSolution (1.112.2003.0)</package>
        </Required>
        <Dependent type="1" schemaName="systemuser" displayName="User" />
      </MissingDependency>
      <MissingDependency>
        <Required type="1" schemaName="msevtmgt_session" displayName="Session" solution="MicrosoftDynamics_EventManagement (1.51.53893.99)">
          <package appName="D365fM" version="1.112.2003.0">MicrosoftDynamics_MktCompleteAnchorSolution (1.112.2003.0)</package>
        </Required>
        <Dependent type="1" schemaName="systemuser" displayName="User" />
      </MissingDependency>
      <MissingDependency>
        <Required type="1" schemaName="msevtmgt_usertokencache" displayName="User token cache" solution="DynamicsMKT_EventManagementRealtimeLink (1.1.53893.138)">
          <package appName="CXP" version="1.1.53893.144">DynamicsMKT_AnchorSolution (1.1.53893.144)</package>
        </Required>
        <Dependent type="1" schemaName="systemuser" displayName="User" />
      </MissingDependency>
      <MissingDependency>
        <Required type="1" schemaName="msfp_survey" displayName="Customer Voice survey" solution="MicrosoftFormsPro (2.0.0.58)">
          <package appName="Forms Pro" version="2.0.0.58">MicrosoftFormsPro (2.0.0.58)</package>
        </Required>
        <Dependent type="1" schemaName="systemuser" displayName="User" />
      </MissingDependency>
      <MissingDependency>
        <Required type="1" schemaName="msgdpr_gdprconsentchangerecord" displayName="GDPR consent change record" solution="MicrosoftDynamics_MktConsentManagement (1.112.2003.0)">
          <package appName="D365fM" version="1.112.2003.0">MicrosoftDynamics_MktCompleteAnchorSolution (1.112.2003.0)</package>
        </Required>
        <Dependent type="1" schemaName="systemuser" displayName="User" />
      </MissingDependency>
      <MissingDependency>
        <Required type="1" schemaName="mspp_adplacement" displayName="Ad Placement" solution="PowerPages_Apps (1.0.2501.3)">
          <package appName="Power Pages Core Package" version="1.0.2501.142">PowerPages_Core (1.0.2501.142)</package>
        </Required>
        <Dependent type="1" schemaName="systemuser" displayName="User" />
      </MissingDependency>
      <MissingDependency>
        <Required type="1" schemaName="mspp_columnpermission" displayName="Column Permission" solution="PowerPages_Apps (1.0.2501.3)">
          <package appName="Power Pages Core Package" version="1.0.2501.142">PowerPages_Core (1.0.2501.142)</package>
        </Required>
        <Dependent type="1" schemaName="systemuser" displayName="User" />
      </MissingDependency>
      <MissingDependency>
        <Required type="1" schemaName="mspp_columnpermissionprofile" displayName="Column Permission Profile" solution="PowerPages_Apps (1.0.2501.3)">
          <package appName="Power Pages Core Package" version="1.0.2501.142">PowerPages_Core (1.0.2501.142)</package>
        </Required>
        <Dependent type="1" schemaName="systemuser" displayName="User" />
      </MissingDependency>
      <MissingDependency>
        <Required type="1" schemaName="mspp_contentsnippet" displayName="Content Snippet" solution="PowerPages_Apps (1.0.2501.3)">
          <package appName="Power Pages Core Package" version="1.0.2501.142">PowerPages_Core (1.0.2501.142)</package>
        </Required>
        <Dependent type="1" schemaName="systemuser" displayName="User" />
      </MissingDependency>
      <MissingDependency>
        <Required type="1" schemaName="mspp_entityform" displayName="Basic Form" solution="PowerPages_Apps (1.0.2501.3)">
          <package appName="Power Pages Core Package" version="1.0.2501.142">PowerPages_Core (1.0.2501.142)</package>
        </Required>
        <Dependent type="1" schemaName="systemuser" displayName="User" />
      </MissingDependency>
      <MissingDependency>
        <Required type="1" schemaName="mspp_entityformmetadata" displayName="Basic Form Metadata" solution="PowerPages_Apps (1.0.2501.3)">
          <package appName="Power Pages Core Package" version="1.0.2501.142">PowerPages_Core (1.0.2501.142)</package>
        </Required>
        <Dependent type="1" schemaName="systemuser" displayName="User" />
      </MissingDependency>
      <MissingDependency>
        <Required type="1" schemaName="mspp_entitylist" displayName="List" solution="PowerPages_Apps (1.0.2501.3)">
          <package appName="Power Pages Core Package" version="1.0.2501.142">PowerPages_Core (1.0.2501.142)</package>
        </Required>
        <Dependent type="1" schemaName="systemuser" displayName="User" />
      </MissingDependency>
      <MissingDependency>
        <Required type="1" schemaName="mspp_entitypermission" displayName="Table Permission" solution="PowerPages_Apps (1.0.2501.3)">
          <package appName="Power Pages Core Package" version="1.0.2501.142">PowerPages_Core (1.0.2501.142)</package>
        </Required>
        <Dependent type="1" schemaName="systemuser" displayName="User" />
      </MissingDependency>
      <MissingDependency>
        <Required type="1" schemaName="mspp_pagetemplate" displayName="Page Template" solution="PowerPages_Apps (1.0.2501.3)">
          <package appName="Power Pages Core Package" version="1.0.2501.142">PowerPages_Core (1.0.2501.142)</package>
        </Required>
        <Dependent type="1" schemaName="systemuser" displayName="User" />
      </MissingDependency>
      <MissingDependency>
        <Required type="1" schemaName="mspp_pollplacement" displayName="Poll Placement" solution="PowerPages_Apps (1.0.2501.3)">
          <package appName="Power Pages Core Package" version="1.0.2501.142">PowerPages_Core (1.0.2501.142)</package>
        </Required>
        <Dependent type="1" schemaName="systemuser" displayName="User" />
      </MissingDependency>
      <MissingDependency>
        <Required type="1" schemaName="mspp_publishingstate" displayName="Publishing State" solution="PowerPages_Apps (1.0.2501.3)">
          <package appName="Power Pages Core Package" version="1.0.2501.142">PowerPages_Core (1.0.2501.142)</package>
        </Required>
        <Dependent type="1" schemaName="systemuser" displayName="User" />
      </MissingDependency>
      <MissingDependency>
        <Required type="1" schemaName="mspp_publishingstatetransitionrule" displayName="Publishing State Transition Rule" solution="PowerPages_Apps (1.0.2501.3)">
          <package appName="Power Pages Core Package" version="1.0.2501.142">PowerPages_Core (1.0.2501.142)</package>
        </Required>
        <Dependent type="1" schemaName="systemuser" displayName="User" />
      </MissingDependency>
      <MissingDependency>
        <Required type="1" schemaName="mspp_redirect" displayName="Redirect" solution="PowerPages_Apps (1.0.2501.3)">
          <package appName="Power Pages Core Package" version="1.0.2501.142">PowerPages_Core (1.0.2501.142)</package>
        </Required>
        <Dependent type="1" schemaName="systemuser" displayName="User" />
      </MissingDependency>
      <MissingDependency>
        <Required type="1" schemaName="mspp_shortcut" displayName="Shortcut" solution="PowerPages_Apps (1.0.2501.3)">
          <package appName="Power Pages Core Package" version="1.0.2501.142">PowerPages_Core (1.0.2501.142)</package>
        </Required>
        <Dependent type="1" schemaName="systemuser" displayName="User" />
      </MissingDependency>
      <MissingDependency>
        <Required type="1" schemaName="mspp_sitemarker" displayName="Site Marker" solution="PowerPages_Apps (1.0.2501.3)">
          <package appName="Power Pages Core Package" version="1.0.2501.142">PowerPages_Core (1.0.2501.142)</package>
        </Required>
        <Dependent type="1" schemaName="systemuser" displayName="User" />
      </MissingDependency>
      <MissingDependency>
        <Required type="1" schemaName="mspp_sitesetting" displayName="Site Setting" solution="PowerPages_Apps (1.0.2501.3)">
          <package appName="Power Pages Core Package" version="1.0.2501.142">PowerPages_Core (1.0.2501.142)</package>
        </Required>
        <Dependent type="1" schemaName="systemuser" displayName="User" />
      </MissingDependency>
      <MissingDependency>
        <Required type="1" schemaName="mspp_webfile" displayName="Web File" solution="PowerPages_Apps (1.0.2501.3)">
          <package appName="Power Pages Core Package" version="1.0.2501.142">PowerPages_Core (1.0.2501.142)</package>
        </Required>
        <Dependent type="1" schemaName="systemuser" displayName="User" />
      </MissingDependency>
      <MissingDependency>
        <Required type="1" schemaName="mspp_webform" displayName="Multistep Form" solution="PowerPages_Apps (1.0.2501.3)">
          <package appName="Power Pages Core Package" version="1.0.2501.142">PowerPages_Core (1.0.2501.142)</package>
        </Required>
        <Dependent type="1" schemaName="systemuser" displayName="User" />
      </MissingDependency>
      <MissingDependency>
        <Required type="1" schemaName="mspp_webformmetadata" displayName="Multistep Form Metadata" solution="PowerPages_Apps (1.0.2501.3)">
          <package appName="Power Pages Core Package" version="1.0.2501.142">PowerPages_Core (1.0.2501.142)</package>
        </Required>
        <Dependent type="1" schemaName="systemuser" displayName="User" />
      </MissingDependency>
      <MissingDependency>
        <Required type="1" schemaName="mspp_webformstep" displayName="Form Step" solution="PowerPages_Apps (1.0.2501.3)">
          <package appName="Power Pages Core Package" version="1.0.2501.142">PowerPages_Core (1.0.2501.142)</package>
        </Required>
        <Dependent type="1" schemaName="systemuser" displayName="User" />
      </MissingDependency>
      <MissingDependency>
        <Required type="1" schemaName="mspp_weblink" displayName="Web Link" solution="PowerPages_Apps (1.0.2501.3)">
          <package appName="Power Pages Core Package" version="1.0.2501.142">PowerPages_Core (1.0.2501.142)</package>
        </Required>
        <Dependent type="1" schemaName="systemuser" displayName="User" />
      </MissingDependency>
      <MissingDependency>
        <Required type="1" schemaName="mspp_weblinkset" displayName="Web Link Set" solution="PowerPages_Apps (1.0.2501.3)">
          <package appName="Power Pages Core Package" version="1.0.2501.142">PowerPages_Core (1.0.2501.142)</package>
        </Required>
        <Dependent type="1" schemaName="systemuser" displayName="User" />
      </MissingDependency>
      <MissingDependency>
        <Required type="1" schemaName="mspp_webpage" displayName="Web Page" solution="PowerPages_Apps (1.0.2501.3)">
          <package appName="Power Pages Core Package" version="1.0.2501.142">PowerPages_Core (1.0.2501.142)</package>
        </Required>
        <Dependent type="1" schemaName="systemuser" displayName="User" />
      </MissingDependency>
      <MissingDependency>
        <Required type="1" schemaName="mspp_webpageaccesscontrolrule" displayName="Web Page Access Control Rule" solution="PowerPages_Apps (1.0.2501.3)">
          <package appName="Power Pages Core Package" version="1.0.2501.142">PowerPages_Core (1.0.2501.142)</package>
        </Required>
        <Dependent type="1" schemaName="systemuser" displayName="User" />
      </MissingDependency>
      <MissingDependency>
        <Required type="1" schemaName="mspp_webrole" displayName="Web Role" solution="PowerPages_Apps (1.0.2501.3)">
          <package appName="Power Pages Core Package" version="1.0.2501.142">PowerPages_Core (1.0.2501.142)</package>
        </Required>
        <Dependent type="1" schemaName="systemuser" displayName="User" />
      </MissingDependency>
      <MissingDependency>
        <Required type="1" schemaName="mspp_website" displayName="Website" solution="PowerPages_Apps (1.0.2501.3)">
          <package appName="Power Pages Core Package" version="1.0.2501.142">PowerPages_Core (1.0.2501.142)</package>
        </Required>
        <Dependent type="1" schemaName="systemuser" displayName="User" />
      </MissingDependency>
      <MissingDependency>
        <Required type="1" schemaName="mspp_websiteaccess" displayName="Website Access" solution="PowerPages_Apps (1.0.2501.3)">
          <package appName="Power Pages Core Package" version="1.0.2501.142">PowerPages_Core (1.0.2501.142)</package>
        </Required>
        <Dependent type="1" schemaName="systemuser" displayName="User" />
      </MissingDependency>
      <MissingDependency>
        <Required type="1" schemaName="mspp_websitelanguage" displayName="Website Language" solution="PowerPages_Apps (1.0.2501.3)">
          <package appName="Power Pages Core Package" version="1.0.2501.142">PowerPages_Core (1.0.2501.142)</package>
        </Required>
        <Dependent type="1" schemaName="systemuser" displayName="User" />
      </MissingDependency>
      <MissingDependency>
        <Required type="1" schemaName="mspp_webtemplate" displayName="Web Template" solution="PowerPages_Apps (1.0.2501.3)">
          <package appName="Power Pages Core Package" version="1.0.2501.142">PowerPages_Core (1.0.2501.142)</package>
        </Required>
        <Dependent type="1" schemaName="systemuser" displayName="User" />
      </MissingDependency>
      <MissingDependency>
        <Required type="1" schemaName="usermobileofflineprofilemembership" displayName="UserMobileOfflineProfileMembership" solution="MobileOfflineMembership (1.0.0.3)">
          <package appName="MobileOfflineExtensionApp Package" version="1.0.0.0">MobileOfflineExtensionApp_Anchor (1.0.0.0)</package>
        </Required>
        <Dependent type="1" schemaName="systemuser" displayName="User" />
      </MissingDependency>
      <MissingDependency>
        <Required type="10" schemaName="msdyn_systemuser_msdyn_agentlanguage_systemuserid" displayName="msdyn_systemuser_msdyn_agentlanguage_systemuserid" parentSchemaName="msdyn_agentlanguage" parentDisplayName="Agent Language" solution="msdyn_AgentGroupManager (1.5.25024.1001)">
          <package appName="UnifiedRoutingPrime" version="1.5.26.177">UnifiedRoutingPrimeAnchor (1.5.26.177)</package>
        </Required>
        <Dependent type="60" displayName="User" parentDisplayName="User" id="{c2cd9e55-d4b4-4b55-9951-16ead79643e5}" />
      </MissingDependency>
      <MissingDependency>
        <Required type="10" schemaName="msdyn_agentregion_systemuserid_systemuser" displayName="msdyn_agentregion_systemuserid_systemuser" parentSchemaName="msdyn_agentregion" parentDisplayName="Agent Region" solution="msdyn_AgentGroupManager (1.5.25024.1001)">
          <package appName="UnifiedRoutingPrime" version="1.5.26.177">UnifiedRoutingPrimeAnchor (1.5.26.177)</package>
        </Required>
        <Dependent type="60" displayName="User" parentDisplayName="User" id="{c2cd9e55-d4b4-4b55-9951-16ead79643e5}" />
      </MissingDependency>
      <MissingDependency>
        <Required type="10" schemaName="msdyn_msdyn_presence_systemuser" displayName="msdyn_msdyn_presence_systemuser" parentSchemaName="systemuser" parentDisplayName="User" solution="OmnichannelBase (1.10.0.84)">
          <package appName="CXP" version="1.1.53893.144">DynamicsMKT_AnchorSolution (1.1.53893.144)</package>
          <package appName="UnifiedRoutingPrime" version="1.5.26.177">UnifiedRoutingPrimeAnchor (1.5.26.177)</package>
        </Required>
        <Dependent type="60" displayName="User" parentDisplayName="User" id="{c2cd9e55-d4b4-4b55-9951-16ead79643e5}" />
      </MissingDependency>
      <MissingDependency>
        <Required type="2" schemaName="opendeals" displayName="Open Deals" parentSchemaName="account" parentDisplayName="Account" solution="msdynce_Sales (9.0.4.0076)">
          <package appName="msdynce_Sales" version="9.0.25024.10005">msdynce_SalesAnchor (9.0.25024.10005)</package>
        </Required>
        <Dependent type="2" schemaName="opendeals" displayName="Open Deals" parentSchemaName="account" parentDisplayName="Account" />
      </MissingDependency>
      <MissingDependency>
        <Required type="2" schemaName="openrevenue" displayName="Open Revenue" parentSchemaName="account" parentDisplayName="Account" solution="msdynce_Sales (9.0.4.0076)">
          <package appName="msdynce_Sales" version="9.0.25024.10005">msdynce_SalesAnchor (9.0.25024.10005)</package>
        </Required>
        <Dependent type="2" schemaName="openrevenue" displayName="Open Revenue" parentSchemaName="account" parentDisplayName="Account" />
      </MissingDependency>
      <MissingDependency>
        <Required type="2" schemaName="msdyn_sentiment" displayName="Sentiment" parentSchemaName="email" parentDisplayName="Email" solution="msdyn_EmailIntelligence (9.0.25023.1019)">
          <package appName="ServiceExtended" version="9.0.25023.1019">msdyn_ServiceExtendedAnchor (9.0.25023.1019)</package>
        </Required>
        <Dependent type="60" displayName="Email" parentDisplayName="Email" id="{0d1e47ff-12b2-4f53-9090-bee951b98cb4}" />
      </MissingDependency>
      <MissingDependency>
        <Required type="2" schemaName="msdyn_sentiment" displayName="Sentiment" parentSchemaName="email" parentDisplayName="Email" solution="msdyn_EmailIntelligence (9.0.25023.1019)">
          <package appName="ServiceExtended" version="9.0.25023.1019">msdyn_ServiceExtendedAnchor (9.0.25023.1019)</package>
        </Required>
        <Dependent type="60" displayName="Email for Interactive experience" parentDisplayName="Email" id="{1d5ad078-3edb-4edc-98c6-c0c21e3125e3}" />
      </MissingDependency>
      <MissingDependency>
        <Required type="2" schemaName="msdyn_sentiment" displayName="Sentiment" parentSchemaName="email" parentDisplayName="Email" solution="msdyn_EmailIntelligence (9.0.25023.1019)">
          <package appName="ServiceExtended" version="9.0.25023.1019">msdyn_ServiceExtendedAnchor (9.0.25023.1019)</package>
        </Required>
        <Dependent type="60" displayName="Enhanced Email" parentDisplayName="Email" id="{63769d04-c74f-4808-b0aa-77339e1b9191}" />
      </MissingDependency>
      <MissingDependency>
        <Required type="2" schemaName="msdyn_sentiment" displayName="Sentiment" parentSchemaName="email" parentDisplayName="Email" solution="msdyn_EmailIntelligence (9.0.25023.1019)">
          <package appName="ServiceExtended" version="9.0.25023.1019">msdyn_ServiceExtendedAnchor (9.0.25023.1019)</package>
        </Required>
        <Dependent type="60" displayName="Wizard" parentDisplayName="Email" id="{9360ee64-5238-4334-a1de-c155d20fe63d}" />
      </MissingDependency>
      <MissingDependency>
        <Required type="2" schemaName="msdyncrm_serverid_marketing" displayName="serverId_marketing" parentSchemaName="msdyncrm_geopin" parentDisplayName="Geo pin" solution="MicrosoftDynamics_Marketing (1.112.2003.0)">
          <package appName="D365fM" version="1.112.2003.0">MicrosoftDynamics_MktCompleteAnchorSolution (1.112.2003.0)</package>
        </Required>
        <Dependent type="2" schemaName="msdyncrm_serverid_marketing" displayName="serverId_marketing" parentSchemaName="msdyncrm_geopin" parentDisplayName="Geo pin" />
      </MissingDependency>
      <MissingDependency>
        <Required type="2" schemaName="msdyncrm_georegion" displayName="Geo region" parentSchemaName="msdyncrm_usergeoregion" parentDisplayName="User geo region" solution="MicrosoftDynamics_Marketing (1.112.2003.0)">
          <package appName="D365fM" version="1.112.2003.0">MicrosoftDynamics_MktCompleteAnchorSolution (1.112.2003.0)</package>
        </Required>
        <Dependent type="2" schemaName="msdyncrm_georegion" displayName="Geo region" parentSchemaName="msdyncrm_usergeoregion" parentDisplayName="User geo region" />
      </MissingDependency>
      <MissingDependency>
        <Required type="2" schemaName="msdyncrm_user" displayName="User" parentSchemaName="msdyncrm_usergeoregion" parentDisplayName="User geo region" solution="MicrosoftDynamics_Marketing (1.112.2003.0)">
          <package appName="D365fM" version="1.112.2003.0">MicrosoftDynamics_MktCompleteAnchorSolution (1.112.2003.0)</package>
        </Required>
        <Dependent type="2" schemaName="msdyncrm_user" displayName="User" parentSchemaName="msdyncrm_usergeoregion" parentDisplayName="User geo region" />
      </MissingDependency>
      <MissingDependency>
        <Required type="2" schemaName="msdyn_agentType" displayName="User type" parentSchemaName="systemuser" parentDisplayName="User" solution="OmnichannelBotEnabler (1.5.0.4)">
          <package appName="Omnichannel for Customer Service - Base" version="1.5.26.324">OmnichannelPrimeAnchor (1.5.26.324)</package>
          <package appName="OmnichannelPrime" version="1.10.0.27">msdyn_ContactCenterEnablement (1.10.0.27)</package>
        </Required>
        <Dependent type="60" displayName="User" parentDisplayName="User" id="{c2cd9e55-d4b4-4b55-9951-16ead79643e5}" />
      </MissingDependency>
      <MissingDependency>
        <Required type="2" schemaName="msdyn_botapplicationid" displayName="Bot application ID" parentSchemaName="systemuser" parentDisplayName="User" solution="OmnichannelBotEnabler (1.5.0.4)">
          <package appName="Omnichannel for Customer Service - Base" version="1.5.26.324">OmnichannelPrimeAnchor (1.5.26.324)</package>
          <package appName="OmnichannelPrime" version="1.10.0.27">msdyn_ContactCenterEnablement (1.10.0.27)</package>
        </Required>
        <Dependent type="60" displayName="User" parentDisplayName="User" id="{c2cd9e55-d4b4-4b55-9951-16ead79643e5}" />
      </MissingDependency>
      <MissingDependency>
        <Required type="2" schemaName="msdyn_botdescription" displayName="Description" parentSchemaName="systemuser" parentDisplayName="User" solution="OmnichannelBase (1.10.0.84)">
          <package appName="CXP" version="1.1.53893.144">DynamicsMKT_AnchorSolution (1.1.53893.144)</package>
          <package appName="UnifiedRoutingPrime" version="1.5.26.177">UnifiedRoutingPrimeAnchor (1.5.26.177)</package>
        </Required>
        <Dependent type="60" displayName="User" parentDisplayName="User" id="{c2cd9e55-d4b4-4b55-9951-16ead79643e5}" />
      </MissingDependency>
      <MissingDependency>
        <Required type="2" schemaName="msdyn_botprovider" displayName="Bot Provider" parentSchemaName="systemuser" parentDisplayName="User" solution="msdyn_OmnichannelBotEnablerPatch (1.5.26.15)">
          <package appName="Omnichannel for Customer Service - Base" version="1.5.26.324">OmnichannelPrimeAnchor (1.5.26.324)</package>
          <package appName="OmnichannelPrime" version="1.10.0.27">msdyn_ContactCenterEnablement (1.10.0.27)</package>
        </Required>
        <Dependent type="60" displayName="User" parentDisplayName="User" id="{c2cd9e55-d4b4-4b55-9951-16ead79643e5}" />
      </MissingDependency>
      <MissingDependency>
        <Required type="2" schemaName="msdyn_capacity" displayName="Capacity" parentSchemaName="systemuser" parentDisplayName="User" solution="OmnichannelBase (1.10.0.84)">
          <package appName="CXP" version="1.1.53893.144">DynamicsMKT_AnchorSolution (1.1.53893.144)</package>
          <package appName="UnifiedRoutingPrime" version="1.5.26.177">UnifiedRoutingPrimeAnchor (1.5.26.177)</package>
        </Required>
        <Dependent type="60" displayName="User" parentDisplayName="User" id="{c2cd9e55-d4b4-4b55-9951-16ead79643e5}" />
      </MissingDependency>
      <MissingDependency>
        <Required type="2" schemaName="msdyn_defaultpresenceiduser" displayName="Default Presence" parentSchemaName="systemuser" parentDisplayName="User" solution="OmnichannelBase (1.10.0.84)">
          <package appName="CXP" version="1.1.53893.144">DynamicsMKT_AnchorSolution (1.1.53893.144)</package>
          <package appName="UnifiedRoutingPrime" version="1.5.26.177">UnifiedRoutingPrimeAnchor (1.5.26.177)</package>
        </Required>
        <Dependent type="60" displayName="User" parentDisplayName="User" id="{c2cd9e55-d4b4-4b55-9951-16ead79643e5}" />
      </MissingDependency>
      <MissingDependency>
        <Required type="2" schemaName="siteid" displayName="Site" parentSchemaName="systemuser" parentDisplayName="User" solution="msdynce_Service (9.0.5.56)">
          <package appName="msdynce_Service" version="9.0.25023.1002">msdynce_ServiceAnchor (9.0.25023.1002)</package>
        </Required>
        <Dependent type="60" displayName="Information" parentDisplayName="User" id="{c0d7d7dd-afd0-4675-85fe-1cc5a48be6df}" />
      </MissingDependency>
      <MissingDependency>
        <Required type="2" schemaName="siteid" displayName="Site" parentSchemaName="systemuser" parentDisplayName="User" solution="msdynce_Service (9.0.5.56)">
          <package appName="msdynce_Service" version="9.0.25023.1002">msdynce_ServiceAnchor (9.0.25023.1002)</package>
        </Required>
        <Dependent type="60" displayName="User" parentDisplayName="User" id="{c2cd9e55-d4b4-4b55-9951-16ead79643e5}" />
      </MissingDependency>
      <MissingDependency>
        <Required type="2" schemaName="siteid" displayName="Site" parentSchemaName="systemuser" parentDisplayName="User" solution="msdynce_Service (9.0.5.56)">
          <package appName="msdynce_Service" version="9.0.25023.1002">msdynce_ServiceAnchor (9.0.25023.1002)</package>
        </Required>
        <Dependent type="60" displayName="Letter of Support" parentDisplayName="User" id="{fed39b79-41fb-ef11-bae2-6045bde11cb9}" />
      </MissingDependency>
      <MissingDependency>
        <Required type="2" schemaName="territoryid" displayName="Territory" parentSchemaName="systemuser" parentDisplayName="User" solution="msdynce_AppCommon (9.0.4.0066)">
          <package appName="msdynce_AppCommon" version="9.0.25024.10001">msdynce_AppCommonAnchor (9.0.25024.10001)</package>
        </Required>
        <Dependent type="60" displayName="Information" parentDisplayName="User" id="{c0d7d7dd-afd0-4675-85fe-1cc5a48be6df}" />
      </MissingDependency>
      <MissingDependency>
        <Required type="2" schemaName="territoryid" displayName="Territory" parentSchemaName="systemuser" parentDisplayName="User" solution="msdynce_AppCommon (9.0.4.0066)">
          <package appName="msdynce_AppCommon" version="9.0.25024.10001">msdynce_AppCommonAnchor (9.0.25024.10001)</package>
        </Required>
        <Dependent type="60" displayName="User" parentDisplayName="User" id="{c2cd9e55-d4b4-4b55-9951-16ead79643e5}" />
      </MissingDependency>
      <MissingDependency>
        <Required type="2" schemaName="territoryid" displayName="Territory" parentSchemaName="systemuser" parentDisplayName="User" solution="msdynce_AppCommon (9.0.4.0066)">
          <package appName="msdynce_AppCommon" version="9.0.25024.10001">msdynce_AppCommonAnchor (9.0.25024.10001)</package>
        </Required>
        <Dependent type="60" displayName="Letter of Support" parentDisplayName="User" id="{fed39b79-41fb-ef11-bae2-6045bde11cb9}" />
      </MissingDependency>
      <MissingDependency>
        <Required type="26" schemaName="User Region Subgrid Related View" displayName="User Region Subgrid Related View" parentSchemaName="msdyn_agentregion" parentDisplayName="Agent Region" solution="msdyn_AgentGroupManager (1.5.25024.1001)" id="{3ee1c3eb-cfb2-ef11-a72c-0022480aed32}">
          <package appName="UnifiedRoutingPrime" version="1.5.26.177">UnifiedRoutingPrimeAnchor (1.5.26.177)</package>
        </Required>
        <Dependent type="60" displayName="User" parentDisplayName="User" id="{c2cd9e55-d4b4-4b55-9951-16ead79643e5}" />
      </MissingDependency>
      <MissingDependency>
        <Required type="26" schemaName="Omnichannel queues" displayName="Omnichannel queues" parentSchemaName="queue" parentDisplayName="Queue" solution="OmnichannelBase (1.10.0.84)" id="{475ba760-c16c-e911-8196-000d3af7379e}">
          <package appName="CXP" version="1.1.53893.144">DynamicsMKT_AnchorSolution (1.1.53893.144)</package>
          <package appName="UnifiedRoutingPrime" version="1.5.26.177">UnifiedRoutingPrimeAnchor (1.5.26.177)</package>
        </Required>
        <Dependent type="60" displayName="User" parentDisplayName="User" id="{c2cd9e55-d4b4-4b55-9951-16ead79643e5}" />
      </MissingDependency>
      <MissingDependency>
        <Required type="26" schemaName="Active Capacity Profiles" displayName="Active Capacity Profiles" parentSchemaName="msdyn_capacityprofile" parentDisplayName="Capacity Profile" solution="UnifiedRouting (1.5.25024.1001)" id="{59137c65-5747-433b-8a7d-fd1dc252f13f}">
          <package appName="UnifiedRoutingPrime" version="1.5.26.177">UnifiedRoutingPrimeAnchor (1.5.26.177)</package>
        </Required>
        <Dependent type="60" displayName="User" parentDisplayName="User" id="{c2cd9e55-d4b4-4b55-9951-16ead79643e5}" />
      </MissingDependency>
      <MissingDependency>
        <Required type="26" schemaName="Capacity profile Subgrid View" displayName="Capacity profile Subgrid View" parentSchemaName="msdyn_capacityprofile" parentDisplayName="Capacity Profile" solution="OCBaseURBase (1.5.25024.1001)" id="{6313eed9-e160-eb11-a812-000d3a9bbc54}">
          <package appName="UnifiedRoutingPrime" version="1.5.26.177">UnifiedRoutingPrimeAnchor (1.5.26.177)</package>
        </Required>
        <Dependent type="60" displayName="User" parentDisplayName="User" id="{c2cd9e55-d4b4-4b55-9951-16ead79643e5}" />
      </MissingDependency>
      <MissingDependency>
        <Required type="26" schemaName="Active Bookable Resources" displayName="Active Bookable Resources" parentSchemaName="bookableresource" parentDisplayName="Bookable Resource" solution="msdynce_Scheduling (9.0.0.0)" id="{662706ca-6ec0-4c0e-a281-521161be48fa}">
          <package appName="Dynamics 365 For Scheduling" version="9.0.7.3">Scheduling_Anchor (9.0.7.3)</package>
        </Required>
        <Dependent type="60" displayName="User" parentDisplayName="User" id="{c2cd9e55-d4b4-4b55-9951-16ead79643e5}" />
      </MissingDependency>
      <MissingDependency>
        <Required type="26" schemaName="Active esacontact Onboarding" displayName="Active esacontact Onboarding" parentSchemaName="cap_esacontactonboarding" parentDisplayName="esacontact Onboarding" solution="Active" id="{d396bfff-8cec-4023-9fce-320afbe4a343}" />
        <Dependent type="60" displayName="User" parentDisplayName="User" id="{c2cd9e55-d4b4-4b55-9951-16ead79643e5}" />
      </MissingDependency>
      <MissingDependency>
        <Required type="26" schemaName="User Language Subgrid Related View" displayName="User Language Subgrid Related View" parentSchemaName="msdyn_agentlanguage" parentDisplayName="Agent Language" solution="msdyn_AgentGroupManager (1.5.25024.1001)" id="{e5f86c17-f1ab-ef11-a72c-0022480aed32}">
          <package appName="UnifiedRoutingPrime" version="1.5.26.177">UnifiedRoutingPrimeAnchor (1.5.26.177)</package>
        </Required>
        <Dependent type="60" displayName="User" parentDisplayName="User" id="{c2cd9e55-d4b4-4b55-9951-16ead79643e5}" />
      </MissingDependency>
      <MissingDependency>
        <Required type="60" displayName="Email" parentDisplayName="Email" solution="msdynce_Activities (9.0.1.2033)" id="{0d1e47ff-12b2-4f53-9090-bee951b98cb4}">
          <package appName="msdynce_Activities" version="9.0.25031.250304000">msdynce_EnableUCIByDefault (9.0.25031.250304000)</package>
        </Required>
        <Dependent type="60" displayName="Email" parentDisplayName="Email" id="{0d1e47ff-12b2-4f53-9090-bee951b98cb4}" />
      </MissingDependency>
      <MissingDependency>
        <Required type="60" displayName="Email for Interactive experience" parentDisplayName="Email" solution="msdynce_Activities (9.0.1.2033)" id="{1d5ad078-3edb-4edc-98c6-c0c21e3125e3}">
          <package appName="msdynce_Activities" version="9.0.25031.250304000">msdynce_EnableUCIByDefault (9.0.25031.250304000)</package>
        </Required>
        <Dependent type="60" displayName="Email for Interactive experience" parentDisplayName="Email" id="{1d5ad078-3edb-4edc-98c6-c0c21e3125e3}" />
      </MissingDependency>
      <MissingDependency>
        <Required type="60" displayName="Enhanced Email" parentDisplayName="Email" solution="msdynce_ActivitiesPatch (9.0.25031.250304000)" id="{63769d04-c74f-4808-b0aa-77339e1b9191}">
          <package appName="msdynce_Activities" version="9.0.25031.250304000">msdynce_EnableUCIByDefault (9.0.25031.250304000)</package>
        </Required>
        <Dependent type="60" displayName="Enhanced Email" parentDisplayName="Email" id="{63769d04-c74f-4808-b0aa-77339e1b9191}" />
      </MissingDependency>
      <MissingDependency>
        <Required type="60" displayName="Wizard" parentDisplayName="Email" solution="msdynce_Activities (9.0.1.2033)" id="{9360ee64-5238-4334-a1de-c155d20fe63d}">
          <package appName="msdynce_Activities" version="9.0.25031.250304000">msdynce_EnableUCIByDefault (9.0.25031.250304000)</package>
        </Required>
        <Dependent type="60" displayName="Wizard" parentDisplayName="Email" id="{9360ee64-5238-4334-a1de-c155d20fe63d}" />
      </MissingDependency>
      <MissingDependency>
        <Required type="61" schemaName="Activities/SystemLibraries/Email_main_system_library.js" displayName="Activities/SystemLibraries/Email_main_system_library.js" solution="msdynce_Activities (9.0.1.2033)">
          <package appName="msdynce_Activities" version="9.0.25031.250304000">msdynce_EnableUCIByDefault (9.0.25031.250304000)</package>
        </Required>
        <Dependent type="60" displayName="Email" parentDisplayName="Email" id="{0d1e47ff-12b2-4f53-9090-bee951b98cb4}" />
      </MissingDependency>
      <MissingDependency>
        <Required type="61" schemaName="Activities/SystemLibraries/Email_main_system_library.js" displayName="Activities/SystemLibraries/Email_main_system_library.js" solution="msdynce_Activities (9.0.1.2033)">
          <package appName="msdynce_Activities" version="9.0.25031.250304000">msdynce_EnableUCIByDefault (9.0.25031.250304000)</package>
        </Required>
        <Dependent type="60" displayName="Email for Interactive experience" parentDisplayName="Email" id="{1d5ad078-3edb-4edc-98c6-c0c21e3125e3}" />
      </MissingDependency>
      <MissingDependency>
        <Required type="61" schemaName="Activities/SystemLibraries/Email_main_system_library.js" displayName="Activities/SystemLibraries/Email_main_system_library.js" solution="msdynce_Activities (9.0.1.2033)">
          <package appName="msdynce_Activities" version="9.0.25031.250304000">msdynce_EnableUCIByDefault (9.0.25031.250304000)</package>
        </Required>
        <Dependent type="60" displayName="Enhanced Email" parentDisplayName="Email" id="{63769d04-c74f-4808-b0aa-77339e1b9191}" />
      </MissingDependency>
      <MissingDependency>
        <Required type="61" schemaName="EmailIntelligence/EmailSentiment/msdyn_EmailSentiment.js" displayName="EmailIntelligence/EmailSentiment/msdyn_EmailSentiment.js" solution="msdyn_EmailIntelligence (9.0.25023.1019)">
          <package appName="ServiceExtended" version="9.0.25023.1019">msdyn_ServiceExtendedAnchor (9.0.25023.1019)</package>
        </Required>
        <Dependent type="60" displayName="Email" parentDisplayName="Email" id="{0d1e47ff-12b2-4f53-9090-bee951b98cb4}" />
      </MissingDependency>
      <MissingDependency>
        <Required type="61" schemaName="EmailIntelligence/EmailSentiment/msdyn_EmailSentiment.js" displayName="EmailIntelligence/EmailSentiment/msdyn_EmailSentiment.js" solution="msdyn_EmailIntelligence (9.0.25023.1019)">
          <package appName="ServiceExtended" version="9.0.25023.1019">msdyn_ServiceExtendedAnchor (9.0.25023.1019)</package>
        </Required>
        <Dependent type="60" displayName="Email for Interactive experience" parentDisplayName="Email" id="{1d5ad078-3edb-4edc-98c6-c0c21e3125e3}" />
      </MissingDependency>
      <MissingDependency>
        <Required type="61" schemaName="EmailIntelligence/EmailSentiment/msdyn_EmailSentiment.js" displayName="EmailIntelligence/EmailSentiment/msdyn_EmailSentiment.js" solution="msdyn_EmailIntelligence (9.0.25023.1019)">
          <package appName="ServiceExtended" version="9.0.25023.1019">msdyn_ServiceExtendedAnchor (9.0.25023.1019)</package>
        </Required>
        <Dependent type="60" displayName="Enhanced Email" parentDisplayName="Email" id="{63769d04-c74f-4808-b0aa-77339e1b9191}" />
      </MissingDependency>
      <MissingDependency>
        <Required type="61" schemaName="EmailIntelligence/EmailSentiment/msdyn_EmailSentiment.js" displayName="EmailIntelligence/EmailSentiment/msdyn_EmailSentiment.js" solution="msdyn_EmailIntelligence (9.0.25023.1019)">
          <package appName="ServiceExtended" version="9.0.25023.1019">msdyn_ServiceExtendedAnchor (9.0.25023.1019)</package>
        </Required>
        <Dependent type="60" displayName="Wizard" parentDisplayName="Email" id="{9360ee64-5238-4334-a1de-c155d20fe63d}" />
      </MissingDependency>
      <MissingDependency>
        <Required type="61" schemaName="msdyn_/ActivityFeeds.Form.js" displayName="msdyn_/ActivityFeeds.Form.js" solution="ActivityFeedsCore (9.0.0.0011)">
          <package appName="ActivityFeedsCore" version="9.0.0.0011">ActivityFeedsCore (9.0.0.0011)</package>
        </Required>
        <Dependent type="60" displayName="Information" parentDisplayName="User" id="{c0d7d7dd-afd0-4675-85fe-1cc5a48be6df}" />
      </MissingDependency>
      <MissingDependency>
        <Required type="61" schemaName="msdyn_/ActivityFeeds.Form.js" displayName="msdyn_/ActivityFeeds.Form.js" solution="ActivityFeedsCore (9.0.0.0011)">
          <package appName="ActivityFeedsCore" version="9.0.0.0011">ActivityFeedsCore (9.0.0.0011)</package>
        </Required>
        <Dependent type="60" displayName="Letter of Support" parentDisplayName="User" id="{fed39b79-41fb-ef11-bae2-6045bde11cb9}" />
      </MissingDependency>
      <MissingDependency>
        <Required type="61" schemaName="msdyn_/EnhancedEmailForm/Scripts/EnhancedEmail_form.js" displayName="msdyn_/EnhancedEmailForm/Scripts/EnhancedEmail_form.js" solution="EmailEngagementPatch_managed (9.0.3.380)">
          <package appName="msdynce_SalesInsights" version="9.0.25024.10002">msdynce_SalesInsightsAnchor (9.0.25024.10002)</package>
        </Required>
        <Dependent type="60" displayName="Enhanced Email" parentDisplayName="Email" id="{63769d04-c74f-4808-b0aa-77339e1b9191}" />
      </MissingDependency>
      <MissingDependency>
        <Required type="61" schemaName="msdyn_/FollowAttachments/Scripts/Email_Engagement_Attachments.js" displayName="msdyn_/FollowAttachments/Scripts/Email_Engagement_Attachments.js" solution="EmailEngagement (9.0.1.7018)">
          <package appName="msdynce_SalesInsights" version="9.0.25024.10002">msdynce_SalesInsightsAnchor (9.0.25024.10002)</package>
        </Required>
        <Dependent type="60" displayName="Email" parentDisplayName="Email" id="{0d1e47ff-12b2-4f53-9090-bee951b98cb4}" />
      </MissingDependency>
      <MissingDependency>
        <Required type="61" schemaName="msdyn_/Images/AppModule_Default_Icon.png" displayName="msdyn_/Images/AppModule_Default_Icon.png" solution="AppModuleWebResources (2.5)" />
        <Dependent type="61" schemaName="msdyn_/Images/AppModule_Default_Icon.png" displayName="msdyn_/Images/AppModule_Default_Icon.png" />
      </MissingDependency>
      <MissingDependency>
        <Required type="61" schemaName="msdyn_/Images/AppModule_Default_Icon.png" displayName="msdyn_/Images/AppModule_Default_Icon.png" solution="AppModuleWebResources (2.5)" />
        <Dependent type="80" schemaName="esamk_LetterOfSupport" displayName="Authorisation of Funding" />
      </MissingDependency>
      <MissingDependency>
        <Required type="61" schemaName="msdyn_/RecordWall.htm" displayName="msdyn_/RecordWall.htm" solution="ActivityFeedsCore (9.0.0.0011)">
          <package appName="ActivityFeedsCore" version="9.0.0.0011">ActivityFeedsCore (9.0.0.0011)</package>
        </Required>
        <Dependent type="60" displayName="Information" parentDisplayName="User" id="{c0d7d7dd-afd0-4675-85fe-1cc5a48be6df}" />
      </MissingDependency>
      <MissingDependency>
        <Required type="61" schemaName="msdyn_agentAttributesSubgridActions.js" displayName="msdyn_agentAttributesSubgridActions.js" solution="msdyn_AgentGroupManager (1.5.25024.1001)">
          <package appName="UnifiedRoutingPrime" version="1.5.26.177">UnifiedRoutingPrimeAnchor (1.5.26.177)</package>
        </Required>
        <Dependent type="60" displayName="User" parentDisplayName="User" id="{c2cd9e55-d4b4-4b55-9951-16ead79643e5}" />
      </MissingDependency>
      <MissingDependency>
        <Required type="61" schemaName="msdyn_capacityprofileSubgridActions.js" displayName="msdyn_capacityprofileSubgridActions.js" solution="OCBaseURBase (1.5.25024.1001)">
          <package appName="UnifiedRoutingPrime" version="1.5.26.177">UnifiedRoutingPrimeAnchor (1.5.26.177)</package>
        </Required>
        <Dependent type="60" displayName="User" parentDisplayName="User" id="{c2cd9e55-d4b4-4b55-9951-16ead79643e5}" />
      </MissingDependency>
      <MissingDependency>
        <Required type="61" schemaName="msdyn_CopilotEmailAssist.js" displayName="msdyn_CopilotEmailAssist.js" solution="msdyn_CSIntelligence (9.2.25023.1024)">
          <package appName="ServiceExtended" version="9.0.25023.1019">msdyn_ServiceExtendedAnchor (9.0.25023.1019)</package>
          <package appName="Service Intelligence Package" version="9.2.25023.1024">msdyn_ServiceIntelligenceAnchor (9.2.25023.1024)</package>
        </Required>
        <Dependent type="60" displayName="Email" parentDisplayName="Email" id="{0d1e47ff-12b2-4f53-9090-bee951b98cb4}" />
      </MissingDependency>
      <MissingDependency>
        <Required type="61" schemaName="msdyn_OmnichannelBotEnabler/msdyn_BotUser.js" displayName="msdyn_OmnichannelBotEnabler/msdyn_BotUser.js" solution="msdyn_OmnichannelBotEnablerPatch (1.5.26.15)">
          <package appName="Omnichannel for Customer Service - Base" version="1.5.26.324">OmnichannelPrimeAnchor (1.5.26.324)</package>
          <package appName="OmnichannelPrime" version="1.10.0.27">msdyn_ContactCenterEnablement (1.10.0.27)</package>
        </Required>
        <Dependent type="60" displayName="User" parentDisplayName="User" id="{c2cd9e55-d4b4-4b55-9951-16ead79643e5}" />
      </MissingDependency>
      <MissingDependency>
        <Required type="61" schemaName="msdyn_SalesCopilot/Copilot.Library.js" displayName="msdyn_SalesCopilot/Copilot.Library.js" solution="msdyn_SalesCopilot (9.1.25024.10006)">
          <package appName="msdynce_Sales" version="9.0.25024.10005">msdynce_SalesAnchor (9.0.25024.10005)</package>
        </Required>
        <Dependent type="60" displayName="Email" parentDisplayName="Email" id="{0d1e47ff-12b2-4f53-9090-bee951b98cb4}" />
      </MissingDependency>
      <MissingDependency>
        <Required type="61" schemaName="msdyn_SalesCopilot/Copilot.Library.js" displayName="msdyn_SalesCopilot/Copilot.Library.js" solution="msdyn_SalesCopilot (9.1.25024.10006)">
          <package appName="msdynce_Sales" version="9.0.25024.10005">msdynce_SalesAnchor (9.0.25024.10005)</package>
        </Required>
        <Dependent type="60" displayName="Email for Interactive experience" parentDisplayName="Email" id="{1d5ad078-3edb-4edc-98c6-c0c21e3125e3}" />
      </MissingDependency>
      <MissingDependency>
        <Required type="61" schemaName="msdyn_SalesCopilot/Copilot.Library.js" displayName="msdyn_SalesCopilot/Copilot.Library.js" solution="msdyn_SalesCopilot (9.1.25024.10006)">
          <package appName="msdynce_Sales" version="9.0.25024.10005">msdynce_SalesAnchor (9.0.25024.10005)</package>
        </Required>
        <Dependent type="60" displayName="Enhanced Email" parentDisplayName="Email" id="{63769d04-c74f-4808-b0aa-77339e1b9191}" />
      </MissingDependency>
      <MissingDependency>
        <Required type="61" schemaName="msdyn_SalesCopilot/Copilot.Library.js" displayName="msdyn_SalesCopilot/Copilot.Library.js" solution="msdyn_SalesCopilot (9.1.25024.10006)">
          <package appName="msdynce_Sales" version="9.0.25024.10005">msdynce_SalesAnchor (9.0.25024.10005)</package>
        </Required>
        <Dependent type="60" displayName="Wizard" parentDisplayName="Email" id="{9360ee64-5238-4334-a1de-c155d20fe63d}" />
      </MissingDependency>
      <MissingDependency>
        <Required type="61" schemaName="msdyn_userSettings.js" displayName="msdyn_userSettings.js" solution="OmnichannelBase (1.10.0.84)">
          <package appName="CXP" version="1.1.53893.144">DynamicsMKT_AnchorSolution (1.1.53893.144)</package>
          <package appName="UnifiedRoutingPrime" version="1.5.26.177">UnifiedRoutingPrimeAnchor (1.5.26.177)</package>
        </Required>
        <Dependent type="60" displayName="User" parentDisplayName="User" id="{c2cd9e55-d4b4-4b55-9951-16ead79643e5}" />
      </MissingDependency>
      <MissingDependency>
        <Required type="61" schemaName="msdyncrm_/libs/ckeditor/plugins/preview/preview.html" displayName="msdyncrm_/libs/ckeditor/plugins/preview/preview.html" solution="SampleEditorCustomControl (1.70.180.0)">
          <package appName="Base Html Content Designer" version="1.70.180.0">SampleEditorCustomControl (1.70.180.0)</package>
        </Required>
        <Dependent type="61" schemaName="msdyncrm_/libs/ckeditor/plugins/preview/preview.html" displayName="msdyncrm_/libs/ckeditor/plugins/preview/preview.html" />
      </MissingDependency>
      <MissingDependency>
        <Required type="66" schemaName="MscrmControls.FieldControls.CheckboxControl" displayName="MscrmControls.FieldControls.CheckboxControl" solution="BaseCustomControlsCore (9.0.2503.1001)">
          <package appName="Base Custom Controls" version="9.0.2503.1001">BaseCustomControlsCore (9.0.2503.1001)</package>
        </Required>
        <Dependent type="60" displayName="New Main Form" parentDisplayName="AuthorisationOfFunding" id="{2bb3b08d-f9f8-ef11-bae2-002248a05bc5}" />
      </MissingDependency>
      <MissingDependency>
        <Required type="66" schemaName="MscrmControls.FieldControls.CheckboxControl" displayName="MscrmControls.FieldControls.CheckboxControl" solution="BaseCustomControlsCore (9.0.2503.1001)">
          <package appName="Base Custom Controls" version="9.0.2503.1001">BaseCustomControlsCore (9.0.2503.1001)</package>
        </Required>
        <Dependent type="60" displayName="Information - Main" parentDisplayName="AuthorisationOfFunding" id="{d9771fee-d374-417c-993d-caf8382acd16}" />
      </MissingDependency>
      <MissingDependency>
        <Required type="66" schemaName="MscrmControls.FieldControls.EmailSentimentControl" displayName="MscrmControls.FieldControls.EmailSentimentControl" solution="msdyn_EmailIntelligence (9.0.25023.1019)">
          <package appName="ServiceExtended" version="9.0.25023.1019">msdyn_ServiceExtendedAnchor (9.0.25023.1019)</package>
        </Required>
        <Dependent type="60" displayName="Email" parentDisplayName="Email" id="{0d1e47ff-12b2-4f53-9090-bee951b98cb4}" />
      </MissingDependency>
      <MissingDependency>
        <Required type="66" schemaName="MscrmControls.FieldControls.EmailSentimentControl" displayName="MscrmControls.FieldControls.EmailSentimentControl" solution="msdyn_EmailIntelligence (9.0.25023.1019)">
          <package appName="ServiceExtended" version="9.0.25023.1019">msdyn_ServiceExtendedAnchor (9.0.25023.1019)</package>
        </Required>
        <Dependent type="60" displayName="Email for Interactive experience" parentDisplayName="Email" id="{1d5ad078-3edb-4edc-98c6-c0c21e3125e3}" />
      </MissingDependency>
      <MissingDependency>
        <Required type="66" schemaName="MscrmControls.FieldControls.EmailSentimentControl" displayName="MscrmControls.FieldControls.EmailSentimentControl" solution="msdyn_EmailIntelligence (9.0.25023.1019)">
          <package appName="ServiceExtended" version="9.0.25023.1019">msdyn_ServiceExtendedAnchor (9.0.25023.1019)</package>
        </Required>
        <Dependent type="60" displayName="Enhanced Email" parentDisplayName="Email" id="{63769d04-c74f-4808-b0aa-77339e1b9191}" />
      </MissingDependency>
      <MissingDependency>
        <Required type="66" schemaName="MscrmControls.FieldControls.EmailSentimentControl" displayName="MscrmControls.FieldControls.EmailSentimentControl" solution="msdyn_EmailIntelligence (9.0.25023.1019)">
          <package appName="ServiceExtended" version="9.0.25023.1019">msdyn_ServiceExtendedAnchor (9.0.25023.1019)</package>
        </Required>
        <Dependent type="60" displayName="Wizard" parentDisplayName="Email" id="{9360ee64-5238-4334-a1de-c155d20fe63d}" />
      </MissingDependency>
      <MissingDependency>
        <Required type="66" schemaName="MscrmControls.Grid.GridControl" displayName="MscrmControls.Grid.GridControl" solution="BaseCustomControlsCore (9.0.2503.1001)">
          <package appName="Base Custom Controls" version="9.0.2503.1001">BaseCustomControlsCore (9.0.2503.1001)</package>
        </Required>
        <Dependent type="60" displayName="Information" parentDisplayName="lut_domain" id="{429cd389-38e8-49d9-afbc-13cee9783fc7}" />
      </MissingDependency>
      <MissingDependency>
        <Required type="66" schemaName="MscrmControls.Grid.GridControl" displayName="MscrmControls.Grid.GridControl" solution="BaseCustomControlsCore (9.0.2503.1001)">
          <package appName="Base Custom Controls" version="9.0.2503.1001">BaseCustomControlsCore (9.0.2503.1001)</package>
        </Required>
        <Dependent type="60" displayName="Information" parentDisplayName="lut_activity" id="{775b4081-2931-41b6-8c12-a064b4682789}" />
      </MissingDependency>
      <MissingDependency>
        <Required type="66" schemaName="MscrmControls.Grid.ReadOnlyGrid" displayName="MscrmControls.Grid.ReadOnlyGrid" solution="BaseCustomControlsCore (9.0.2503.1001)">
          <package appName="Base Custom Controls" version="9.0.2503.1001">BaseCustomControlsCore (9.0.2503.1001)</package>
        </Required>
        <Dependent type="60" displayName="Enhanced Email" parentDisplayName="Email" id="{63769d04-c74f-4808-b0aa-77339e1b9191}" />
      </MissingDependency>
      <MissingDependency>
        <Required type="66" schemaName="MscrmControls.RichTextEditor.RichTextEditorControl" displayName="MscrmControls.RichTextEditor.RichTextEditorControl" solution="msdyn_RichTextEditor (1.0.0.5352)">
          <package appName="msdynce_Activities" version="9.0.25031.250304000">msdynce_EnableUCIByDefault (9.0.25031.250304000)</package>
          <package appName="msdyn_CustomControlsExtended" version="1.0.0.2781">msdyn_TimelineExtended (1.0.0.2781)</package>
        </Required>
        <Dependent type="60" displayName="Email" parentDisplayName="Email" id="{0d1e47ff-12b2-4f53-9090-bee951b98cb4}" />
      </MissingDependency>
      <MissingDependency>
        <Required type="66" schemaName="MscrmControls.RichTextEditor.RichTextEditorControl" displayName="MscrmControls.RichTextEditor.RichTextEditorControl" solution="msdyn_RichTextEditor (1.0.0.5352)">
          <package appName="msdynce_Activities" version="9.0.25031.250304000">msdynce_EnableUCIByDefault (9.0.25031.250304000)</package>
          <package appName="msdyn_CustomControlsExtended" version="1.0.0.2781">msdyn_TimelineExtended (1.0.0.2781)</package>
        </Required>
        <Dependent type="60" displayName="Email for Interactive experience" parentDisplayName="Email" id="{1d5ad078-3edb-4edc-98c6-c0c21e3125e3}" />
      </MissingDependency>
      <MissingDependency>
        <Required type="66" schemaName="MscrmControls.RichTextEditor.RichTextEditorControl" displayName="MscrmControls.RichTextEditor.RichTextEditorControl" solution="msdyn_RichTextEditor (1.0.0.5352)">
          <package appName="msdynce_Activities" version="9.0.25031.250304000">msdynce_EnableUCIByDefault (9.0.25031.250304000)</package>
          <package appName="msdyn_CustomControlsExtended" version="1.0.0.2781">msdyn_TimelineExtended (1.0.0.2781)</package>
        </Required>
        <Dependent type="60" displayName="Enhanced Email" parentDisplayName="Email" id="{63769d04-c74f-4808-b0aa-77339e1b9191}" />
      </MissingDependency>
      <MissingDependency>
        <Required type="66" schemaName="MscrmControls.RichTextEditor.RichTextEditorControl" displayName="MscrmControls.RichTextEditor.RichTextEditorControl" solution="msdyn_RichTextEditor (1.0.0.5352)">
          <package appName="msdynce_Activities" version="9.0.25031.250304000">msdynce_EnableUCIByDefault (9.0.25031.250304000)</package>
          <package appName="msdyn_CustomControlsExtended" version="1.0.0.2781">msdyn_TimelineExtended (1.0.0.2781)</package>
        </Required>
        <Dependent type="60" displayName="Wizard" parentDisplayName="Email" id="{9360ee64-5238-4334-a1de-c155d20fe63d}" />
      </MissingDependency>
      <MissingDependency>
        <Required type="9" schemaName="cap_directoratelist" displayName="Directorate List" solution="Active" />
        <Dependent type="2" schemaName="cap_directoratelist" displayName="Directorate List" parentSchemaName="systemuser" parentDisplayName="User" />
      </MissingDependency>
      <MissingDependency>
        <Required type="SettingDefinition" displayName="AppChannel" solution="msdyn_AppFrameworkInfraExtensions (1.0.0.12)" id.uniquename="AppChannel">
          <package appName="PowerAppsAppFramework Package" version="1.0.0.17">PowerAppsAppFramework_Anchor (1.0.0.17)</package>
        </Required>
        <Dependent type="AppSetting" displayName="parentappmoduleid.uniquename=esamk_LetterOfSupport,settingdefinitionid.uniquename=AppChannel" id.parentappmoduleid.uniquename="esamk_LetterOfSupport" id.settingdefinitionid.uniquename="AppChannel" />
      </MissingDependency>
    </MissingDependencies>
  </SolutionManifest>
</ImportExportXml>