<appaction uniquename="esamk__SendtoSpecifiers!f9ec3bba3c0c4a7bbfb05a45c7c8e63f!esamk_LetterOfSupport!esamk_letterofsupport1!0">
  <appmoduleid>
    <uniquename>esamk_LetterOfSupport</uniquename>
  </appmoduleid>
  <buttonlabeltext default="Send to Specifiers">
    <label description="Send to Specifiers" languagecode="1033" />
  </buttonlabeltext>
  <context>1</context>
  <contextentity>
    <logicalname>esamk_letterofsupport1</logicalname>
  </contextentity>
  <contextvalue>esamk_letterofsupport1</contextvalue>
  <fonticon>$clientsvg:Accept</fonticon>
  <hidden>0</hidden>
  <iscustomizable>1</iscustomizable>
  <isdisabled>0</isdisabled>
  <isgrouptitlehidden>0</isgrouptitlehidden>
  <location>0</location>
  <name>SendtoSpecifiers!f9ec3bba3c0c4a7bbfb05a45c7c8e63f</name>
  <onclickeventformulacomponentlibraryid>
    <name>esamk_letterofsupportdefaultcommandlibrary_a974d</name>
  </onclickeventformulacomponentlibraryid>
  <onclickeventformulacomponentname>159ddebc98064a18b2aba158cc3d2d6a</onclickeventformulacomponentname>
  <onclickeventformulafunctionname>OnSelect</onclickeventformulafunctionname>
  <onclickeventtype>1</onclickeventtype>
  <origin>0</origin>
  <sequence>100100058.2500000000</sequence>
  <statecode>0</statecode>
  <statuscode>1</statuscode>
  <type>0</type>
  <visibilityformulacomponentlibraryid>
    <name>esamk_letterofsupportdefaultcommandlibrary_a974d</name>
  </visibilityformulacomponentlibraryid>
  <visibilityformulacomponentname>159ddebc98064a18b2aba158cc3d2d6a</visibilityformulacomponentname>
  <visibilityformulafunctionname>Visible</visibilityformulafunctionname>
  <visibilitytype>1</visibilitytype>
</appaction>