<ImportExportXml xmlns:xsi="http://www.w3.org/2001/XMLSchema-instance" OrganizationVersion="9.2.25013.198" OrganizationSchemaType="Full" CRMServerServiceabilityVersion="9.2.25013.00198">
  <Entities></Entities>
  <Roles></Roles>
  <Workflows></Workflows>
  <FieldSecurityProfiles></FieldSecurityProfiles>
  <Templates />
  <EntityMaps />
  <EntityRelationships />
  <OrganizationSettings />
  <optionsets />
  <Dashboards>
    <Dashboard>
      <LocalizedNames>
        <LocalizedName description="Dashboard" languagecode="1033" />
      </LocalizedNames>
      <FormId>{954704b5-c6ea-ef11-9341-7c1e5220e965}</FormId>
      <IsCustomizable>1</IsCustomizable>
      <IsDefault>0</IsDefault>
      <FormXml>
        <forms type="powerbi">
          <form>
            <tabs>
              <tab showlabel="false" verticallayout="true" id="{c4039814-01d4-4a8f-a661-16559474fda2}">
                <labels>
                  <label description="" languagecode="1033" />
                </labels>
                <columns>
                  <column width="100%">
                    <sections>
                      <section showlabel="false" showbar="false" columns="111" id="{37f65859-48f6-4c1a-b545-a390a10ae19f}">
                        <labels>
                          <label description="" languagecode="1033" />
                        </labels>
                        <rows>
                          <row>
                            <cell colspan="3" rowspan="24" showlabel="false" id="{6099799d-3ac2-4b3e-8fc6-d377b47e2278}" availableforphone="false">
                              <labels>
                                <label description="" languagecode="1033" />
                              </labels>
                              <control id="aead94b2-3302-4234-9c9a-f842a8866d00" classid="{8C54228C-1B25-4909-A12A-F2B968BB0D62}">
                                <parameters>
                                  <PowerBIGroupId>6988ba37-18e0-4677-82f3-aab0aa8112cc</PowerBIGroupId>
                                  <PowerBIReportId>fd2f9484-98bc-4806-b2fb-dae9ba0fa284</PowerBIReportId>
                                  <TileUrl>https://app.powerbi.com/reportEmbed?w=2&amp;config=eyJjbHVzdGVyVXJsIjoiaHR0cHM6Ly9XQUJJLVdFU1QtRVVST1BFLUItUFJJTUFSWS1yZWRpcmVjdC5hbmFseXNpcy53aW5kb3dzLm5ldCIsImVtYmVkRmVhdHVyZXMiOnsidXNhZ2VNZXRyaWNzVk5leHQiOnRydWV9fQ%3D%3D&amp;groupId=6988ba37-18e0-4677-82f3-aab0aa8112cc&amp;reportId=fd2f9484-98bc-4806-b2fb-dae9ba0fa284</TileUrl>
                                  <Type>2</Type>
                                </parameters>
                              </control>
                            </cell>
                          </row>
                        </rows>
                      </section>
                    </sections>
                  </column>
                </columns>
              </tab>
            </tabs>
          </form>
        </forms>
      </FormXml>
      <IntroducedVersion>1.0.0.11</IntroducedVersion>
      <IsTabletEnabled>0</IsTabletEnabled>
    </Dashboard>
    <Dashboard>
      <LocalizedNames>
        <LocalizedName description="LoS1302DashboardV2" languagecode="1033" />
      </LocalizedNames>
      <FormId>{01abded7-2dea-ef11-9341-002248a3ea94}</FormId>
      <IsCustomizable>1</IsCustomizable>
      <IsDefault>0</IsDefault>
      <FormXml>
        <forms type="powerbi">
          <form>
            <tabs>
              <tab showlabel="false" verticallayout="true" id="{6e496111-0aed-45ee-a73b-ac986c18ba75}">
                <labels>
                  <label description="" languagecode="1033" />
                </labels>
                <columns>
                  <column width="100%">
                    <sections>
                      <section showlabel="false" showbar="false" columns="111" id="{cb526ca7-1f5d-4f3d-b79e-1c12f8be43d8}">
                        <labels>
                          <label description="" languagecode="1033" />
                        </labels>
                        <rows>
                          <row>
                            <cell colspan="3" rowspan="24" showlabel="false" id="{294f470a-986a-4062-8613-e82b722624f5}" availableforphone="false">
                              <labels>
                                <label description="" languagecode="1033" />
                              </labels>
                              <control id="61e0bd99-2a6e-4fec-96a5-0dd66e15d85e" classid="{8C54228C-1B25-4909-A12A-F2B968BB0D62}">
                                <parameters>
                                  <PowerBIGroupId>6988ba37-18e0-4677-82f3-aab0aa8112cc</PowerBIGroupId>
                                  <PowerBIReportId>225cbd56-9ed7-487f-853c-055a6c50a9cb</PowerBIReportId>
                                  <TileUrl>https://app.powerbi.com/reportEmbed?w=2&amp;config=eyJjbHVzdGVyVXJsIjoiaHR0cHM6Ly9XQUJJLVdFU1QtRVVST1BFLUItUFJJTUFSWS1yZWRpcmVjdC5hbmFseXNpcy53aW5kb3dzLm5ldCIsImVtYmVkRmVhdHVyZXMiOnsidXNhZ2VNZXRyaWNzVk5leHQiOnRydWV9fQ%3D%3D&amp;groupId=6988ba37-18e0-4677-82f3-aab0aa8112cc&amp;reportId=225cbd56-9ed7-487f-853c-055a6c50a9cb</TileUrl>
                                  <Type>2</Type>
                                </parameters>
                              </control>
                            </cell>
                          </row>
                        </rows>
                      </section>
                    </sections>
                  </column>
                </columns>
              </tab>
            </tabs>
            <DisplayConditions FallbackForm="true">
              <Role Id="{236750cd-45ae-4939-ab12-b24b920ced93}" />
              <Role Id="{627090ff-40a3-4053-8790-584edc5be201}" />
            </DisplayConditions>
          </form>
        </forms>
      </FormXml>
      <IntroducedVersion>1.0.0.10</IntroducedVersion>
      <IsTabletEnabled>0</IsTabletEnabled>
    </Dashboard>
    <Dashboard>
      <LocalizedNames>
        <LocalizedName description="Report" languagecode="1033" />
      </LocalizedNames>
      <FormId>{023280c8-c6ea-ef11-9341-7c1e5220e965}</FormId>
      <IsCustomizable>1</IsCustomizable>
      <IsDefault>0</IsDefault>
      <FormXml>
        <forms type="powerbi">
          <form>
            <tabs>
              <tab showlabel="false" verticallayout="true" id="{8e9e54ab-ccc7-4096-bded-23b49629e5ad}">
                <labels>
                  <label description="" languagecode="1033" />
                </labels>
                <columns>
                  <column width="100%">
                    <sections>
                      <section showlabel="false" showbar="false" columns="111" id="{6947c9dd-843f-44b6-84b9-31246f3d9d4a}">
                        <labels>
                          <label description="" languagecode="1033" />
                        </labels>
                        <rows>
                          <row>
                            <cell colspan="3" rowspan="24" showlabel="false" id="{de7a78c5-d9b2-44e3-8411-cc0b4f56c8c9}" availableforphone="false">
                              <labels>
                                <label description="" languagecode="1033" />
                              </labels>
                              <control id="ee71e7fd-cef2-45c5-8118-ef24da23bda8" classid="{8C54228C-1B25-4909-A12A-F2B968BB0D62}">
                                <parameters>
                                  <PowerBIGroupId>6988ba37-18e0-4677-82f3-aab0aa8112cc</PowerBIGroupId>
                                  <PowerBIReportId>1629dd61-d1ba-4233-8303-8374d142f1a2</PowerBIReportId>
                                  <TileUrl>https://app.powerbi.com/reportEmbed?w=2&amp;config=eyJjbHVzdGVyVXJsIjoiaHR0cHM6Ly9XQUJJLVdFU1QtRVVST1BFLUItUFJJTUFSWS1yZWRpcmVjdC5hbmFseXNpcy53aW5kb3dzLm5ldCIsImVtYmVkRmVhdHVyZXMiOnsidXNhZ2VNZXRyaWNzVk5leHQiOnRydWV9fQ%3D%3D&amp;groupId=6988ba37-18e0-4677-82f3-aab0aa8112cc&amp;reportId=1629dd61-d1ba-4233-8303-8374d142f1a2</TileUrl>
                                  <Type>2</Type>
                                </parameters>
                              </control>
                            </cell>
                          </row>
                        </rows>
                      </section>
                    </sections>
                  </column>
                </columns>
              </tab>
            </tabs>
          </form>
        </forms>
      </FormXml>
      <IntroducedVersion>1.0.0.11</IntroducedVersion>
      <IsTabletEnabled>0</IsTabletEnabled>
    </Dashboard>
  </Dashboards>
  <CustomControls />
  <EntityDataProviders />
  <Languages>
    <Language>1033</Language>
  </Languages>
</ImportExportXml>