<ImportExportXml version="9.2.25074.234" SolutionPackageVersion="9.2" languagecode="1033" generatedBy="CrmLive" xmlns:xsi="http://www.w3.org/2001/XMLSchema-instance" OrganizationVersion="9.2.25074.234" OrganizationSchemaType="Full" CRMServerServiceabilityVersion="9.2.25074.00234">
  <SolutionManifest>
    <UniqueName>LOS_TABLES</UniqueName>
    <LocalizedNames>
      <LocalizedName description="LOS_TABLES" languagecode="1033" />
    </LocalizedNames>
    <Descriptions />
    <Version>1.0.0.18</Version>
    <Managed>0</Managed>
    <Publisher>
      <UniqueName>ESA</UniqueName>
      <LocalizedNames>
        <LocalizedName description="ESA" languagecode="1033" />
      </LocalizedNames>
      <Descriptions />
      <EMailAddress xsi:nil="true"></EMailAddress>
      <SupportingWebsiteUrl xsi:nil="true"></SupportingWebsiteUrl>
      <CustomizationPrefix>esamk</CustomizationPrefix>
      <CustomizationOptionValuePrefix>30529</CustomizationOptionValuePrefix>
      <Addresses>
        <Address>
          <AddressNumber>1</AddressNumber>
          <AddressTypeCode>1</AddressTypeCode>
          <City xsi:nil="true"></City>
          <County xsi:nil="true"></County>
          <Country xsi:nil="true"></Country>
          <Fax xsi:nil="true"></Fax>
          <FreightTermsCode xsi:nil="true"></FreightTermsCode>
          <ImportSequenceNumber xsi:nil="true"></ImportSequenceNumber>
          <Latitude xsi:nil="true"></Latitude>
          <Line1 xsi:nil="true"></Line1>
          <Line2 xsi:nil="true"></Line2>
          <Line3 xsi:nil="true"></Line3>
          <Longitude xsi:nil="true"></Longitude>
          <Name xsi:nil="true"></Name>
          <PostalCode xsi:nil="true"></PostalCode>
          <PostOfficeBox xsi:nil="true"></PostOfficeBox>
          <PrimaryContactName xsi:nil="true"></PrimaryContactName>
          <ShippingMethodCode>1</ShippingMethodCode>
          <StateOrProvince xsi:nil="true"></StateOrProvince>
          <Telephone1 xsi:nil="true"></Telephone1>
          <Telephone2 xsi:nil="true"></Telephone2>
          <Telephone3 xsi:nil="true"></Telephone3>
          <TimeZoneRuleVersionNumber xsi:nil="true"></TimeZoneRuleVersionNumber>
          <UPSZone xsi:nil="true"></UPSZone>
          <UTCOffset xsi:nil="true"></UTCOffset>
          <UTCConversionTimeZoneCode xsi:nil="true"></UTCConversionTimeZoneCode>
        </Address>
        <Address>
          <AddressNumber>2</AddressNumber>
          <AddressTypeCode>1</AddressTypeCode>
          <City xsi:nil="true"></City>
          <County xsi:nil="true"></County>
          <Country xsi:nil="true"></Country>
          <Fax xsi:nil="true"></Fax>
          <FreightTermsCode xsi:nil="true"></FreightTermsCode>
          <ImportSequenceNumber xsi:nil="true"></ImportSequenceNumber>
          <Latitude xsi:nil="true"></Latitude>
          <Line1 xsi:nil="true"></Line1>
          <Line2 xsi:nil="true"></Line2>
          <Line3 xsi:nil="true"></Line3>
          <Longitude xsi:nil="true"></Longitude>
          <Name xsi:nil="true"></Name>
          <PostalCode xsi:nil="true"></PostalCode>
          <PostOfficeBox xsi:nil="true"></PostOfficeBox>
          <PrimaryContactName xsi:nil="true"></PrimaryContactName>
          <ShippingMethodCode>1</ShippingMethodCode>
          <StateOrProvince xsi:nil="true"></StateOrProvince>
          <Telephone1 xsi:nil="true"></Telephone1>
          <Telephone2 xsi:nil="true"></Telephone2>
          <Telephone3 xsi:nil="true"></Telephone3>
          <TimeZoneRuleVersionNumber xsi:nil="true"></TimeZoneRuleVersionNumber>
          <UPSZone xsi:nil="true"></UPSZone>
          <UTCOffset xsi:nil="true"></UTCOffset>
          <UTCConversionTimeZoneCode xsi:nil="true"></UTCConversionTimeZoneCode>
        </Address>
      </Addresses>
    </Publisher>
    <RootComponents>
      <RootComponent type="1" schemaName="esamk_domainname" behavior="0" />
      <RootComponent type="1" schemaName="esamk_domainowner" behavior="0" />
      <RootComponent type="1" schemaName="esamk_letterofsupport1" behavior="0" />
      <RootComponent type="1" schemaName="esamk_letterofsupportprocess" behavior="0" />
      <RootComponent type="1" schemaName="esamk_lut_activity" behavior="0" />
      <RootComponent type="1" schemaName="esamk_lut_directorgeneral" behavior="0" />
      <RootComponent type="1" schemaName="esamk_lut_domain" behavior="0" />
      <RootComponent type="1" schemaName="esamk_lut_programme" behavior="0" />
      <RootComponent type="1" schemaName="esamk_lut_programme_component" behavior="0" />
      <RootComponent type="1" schemaName="esamk_lut_programme_element" behavior="0" />
      <RootComponent type="1" schemaName="esamk_lut_specifiers" behavior="0" />
      <RootComponent type="1" schemaName="esamk_memberstate" behavior="0" />
      <RootComponent type="1" schemaName="esamk_subdomain" behavior="0" />
      <RootComponent type="1" schemaName="esamk_workplans" behavior="0" />
      <RootComponent type="20" id="{719f9990-42fb-ef11-bae2-6045bde11cb9}" behavior="0" />
      <RootComponent type="20" id="{d4b10c62-42fb-ef11-bae2-7c1e52350c34}" behavior="0" />
      <RootComponent type="29" id="{1213c14f-c434-f011-8c4e-6045bddf3ee7}" behavior="0" />
      <RootComponent type="29" id="{6a787ad3-d2dc-ef11-8eea-000d3ad99341}" behavior="0" />
      <RootComponent type="29" id="{96d9c329-50e9-ef11-9342-6045bd13613d}" behavior="0" />
      <RootComponent type="29" id="{9d88e8fc-c534-f011-8c4e-002248a2485e}" behavior="0" />
      <RootComponent type="29" id="{c06947bf-3ee9-ef11-9342-6045bd13613d}" behavior="0" />
      <RootComponent type="29" id="{c8ccb494-6206-f011-bae3-6045bde11cb9}" behavior="0" />
      <RootComponent type="60" id="{cc4ffcad-63da-ef11-8eea-000d3ab1b72b}" />
      <RootComponent type="61" schemaName="accessChecker_openDialog.js" behavior="0" />
      <RootComponent type="61" schemaName="crecc_functionSetOwnerAndTriggerFlowexe" behavior="0" />
      <RootComponent type="61" schemaName="crecc_functionUpdateOwnerAndBusinessUnit" behavior="0" />
      <RootComponent type="61" schemaName="crecc_getuser1" behavior="0" />
      <RootComponent type="61" schemaName="crecc_hidebutton" behavior="0" />
      <RootComponent type="61" schemaName="crecc_SetOwningBusinessUnit" behavior="0" />
      <RootComponent type="61" schemaName="esamk_esamk_buttonping" behavior="0" />
      <RootComponent type="61" schemaName="esamk_functionGetUserexecutionContext" behavior="0" />
      <RootComponent type="61" schemaName="esamk_hidespecifierbutton" behavior="0" />
      <RootComponent type="61" schemaName="esamk_initspecifiersgridvisibility" behavior="0" />
      <RootComponent type="61" schemaName="esamk_refreshcanvasapp" behavior="0" />
      <RootComponent type="61" schemaName="esamk_sendtodocusign" behavior="0" />
      <RootComponent type="61" schemaName="esamk_sendtospecifier" behavior="0" />
      <RootComponent type="61" schemaName="esamk_specifierpickerlauncher" behavior="0" />
      <RootComponent type="91" id="{6e213020-9bd6-4018-af9f-418762fc9375}" schemaName="LetterOfSupportPlugin, Version=0.1.0.0, Culture=neutral, PublicKeyToken=e523232fff7b5d0d" behavior="0" />
      <RootComponent type="300" schemaName="esamk_canvas1_671d2" behavior="0" />
      <RootComponent type="300" schemaName="esamk_rospecifiers_4ee85" behavior="0" />
    </RootComponents>
    <MissingDependencies>
      <MissingDependency>
        <Required type="61" schemaName="accessChecker_openDialog.js" displayName="accessChecker_openDialog.js" solution="msft_AccessCheckerExtension (1.1.0.4)">
          <package appName="PowerAppsUnifiedClientExtensionApp Package" version="1.0.0.62">msft_PowerAppsUnifiedClientInfraExtensions (1.0.0.62)</package>
        </Required>
        <Dependent type="61" schemaName="accessChecker_openDialog.js" displayName="accessChecker_openDialog.js" />
      </MissingDependency>
      <MissingDependency>
        <Required type="66" schemaName="MscrmControls.Canvas.CanvasControl" displayName="MscrmControls.Canvas.CanvasControl" solution="BaseCustomControlsCore (9.0.2507.4010)">
          <package appName="Base Custom Controls" version="9.0.2507.4010">BaseCustomControlsCore (9.0.2507.4010)</package>
        </Required>
        <Dependent type="60" displayName="New Main Form" parentDisplayName="AuthorisationOfFunding" id="{2bb3b08d-f9f8-ef11-bae2-002248a05bc5}" />
      </MissingDependency>
      <MissingDependency>
        <Required type="66" schemaName="MscrmControls.FieldControls.CheckboxControl" displayName="MscrmControls.FieldControls.CheckboxControl" solution="BaseCustomControlsCore (9.0.2507.4010)">
          <package appName="Base Custom Controls" version="9.0.2507.4010">BaseCustomControlsCore (9.0.2507.4010)</package>
        </Required>
        <Dependent type="60" displayName="New Main Form" parentDisplayName="AuthorisationOfFunding" id="{2bb3b08d-f9f8-ef11-bae2-002248a05bc5}" />
      </MissingDependency>
      <MissingDependency>
        <Required type="66" schemaName="MscrmControls.Grid.GridControl" displayName="MscrmControls.Grid.GridControl" solution="BaseCustomControlsCore (9.0.2507.4010)">
          <package appName="Base Custom Controls" version="9.0.2507.4010">BaseCustomControlsCore (9.0.2507.4010)</package>
        </Required>
        <Dependent type="60" displayName="Information" parentDisplayName="lut_domain" id="{429cd389-38e8-49d9-afbc-13cee9783fc7}" />
      </MissingDependency>
      <MissingDependency>
        <Required type="66" schemaName="MscrmControls.Grid.GridControl" displayName="MscrmControls.Grid.GridControl" solution="BaseCustomControlsCore (9.0.2507.4010)">
          <package appName="Base Custom Controls" version="9.0.2507.4010">BaseCustomControlsCore (9.0.2507.4010)</package>
        </Required>
        <Dependent type="60" displayName="Information" parentDisplayName="lut_activity" id="{775b4081-2931-41b6-8c12-a064b4682789}" />
      </MissingDependency>
    </MissingDependencies>
  </SolutionManifest>
</ImportExportXml>