{"name":"439725c0-5933-4634-b86b-99c015da0e39","id":"/providers/Microsoft.Flow/flows/439725c0-5933-4634-b86b-99c015da0e39","type":"Microsoft.Flow/flows","properties":{"apiId":"/providers/Microsoft.PowerApps/apis/shared_logicflows","displayName":"ESA - LoS - Completed","definition":{"metadata":{"workflowEntityId":null,"processAdvisorMetadata":null,"flowChargedByPaygo":true,"flowclientsuspensionreason":"None","flowclientsuspensiontime":null,"flowclientsuspensionreasondetails":null,"creator":{"id":"c31b2836-ab4e-4d0d-bd12-d12b6ea5b2f8","type":"User","tenantId":"9a5cacd0-2bef-4dd7-ac5c-7ebe1f54f495"},"provisioningMethod":"FromDefinition","failureAlertSubscription":true,"clientLastModifiedTime":"2025-01-28T13:36:45.2725273Z","connectionKeySavedTimeKey":"2025-01-28T13:36:45.2725273Z"},"$schema":"https://schema.management.azure.com/providers/Microsoft.Logic/schemas/2016-06-01/workflowdefinition.json#","contentVersion":"1.0.0.0","parameters":{"$connections":{"defaultValue":{},"type":"Object"},"$authentication":{"defaultValue":{},"type":"SecureObject"}},"triggers":{"When_an_envelope_status_changes_(Connect)_(V3)":{"metadata":{"operationMetadataId":"4428023e-f7d6-47cd-a8c6-bfde439d5afb"},"type":"OpenApiConnectionWebhook","inputs":{"host":{"apiId":"/providers/Microsoft.PowerApps/apis/shared_docusigndemo","connectionName":"shared_docusigndemo","operationId":"CreateHookEnvelopeV3"},"parameters":{"accountId":"3433fe0a-8620-4aba-b074-fb913cf9c411","body/name":"ESA - LoS - Completed - Mike","body/envelopeEvents":"envelope-completed"},"authentication":"@parameters('$authentication')"},"conditions":[{"expression":"@equals(triggerBody()?['data']?['envelopeSummary']?['customFields']?['Power Automate Trigger'],'Letter of Support')"}]}},"actions":{"Flow_Information":{"runAfter":{},"metadata":{"operationMetadataId":"398556a4-80c0-4994-9ff5-3194138a2d6c"},"type":"Compose","inputs":"Account: DocuSign Demo\n\nAccountID: @{triggerBody()?['data']?['envelopeSummary']?['sender']?['accountId']}\n\nAccount Site: Demo\n\nConnect Name: LoS - Completed\n\nPower Automate Trigger (Custom Field): \n@{equals(triggerBody()?['data']?['envelopeSummary']?['customFields']?['Power Automate Trigger'],'Letter of Support')}\n\nUse Case Name: Letter of Support\n\nTempalteID: https://apps-d.docusign.com/send/templates/details/84910cfc-531e-46cd-b540-a892f8d79128\n\nSharePoint List URL: https://docusign2com.sharepoint.com/sites/ESA/Lists/Letter%20of%20Support/AllItems.aspx\n\nFlow Built By: Nathan Brewer"},"Initialize_variable_-_Envelope_ID":{"runAfter":{"Flow_Information":["Succeeded"]},"metadata":{"operationMetadataId":"1a5a40e0-d756-4b4c-ac89-fc3210023af9"},"type":"InitializeVariable","inputs":{"variables":[{"name":"Envelope ID","type":"String","value":"@triggerOutputs()?['body/data/envelopeSummary/envelopeId']"}]}},"Initialize_variable_-_Trigger_Envelope_Completion_Date":{"runAfter":{"Initialize_variable_-_Envelope_ID":["Succeeded"]},"metadata":{"operationMetadataId":"a22caa33-c290-40ed-9ed7-49041f4fbacf"},"type":"InitializeVariable","inputs":{"variables":[{"name":"Trigger Envelope Completion Date","type":"string","value":"@{triggerBody()?['data']?['envelopeSummary']?['completedDateTime']}"}]}},"Initialize_variable_-_File_Name":{"runAfter":{"Initialize_variable_-_Trigger_Envelope_Completion_Date":["Succeeded"]},"metadata":{"operationMetadataId":"7aa85da5-37de-4d34-8658-def4b3898871"},"type":"InitializeVariable","inputs":{"variables":[{"name":"File Name","type":"string"}]}},"Initialize_variable_-_SharePoint_Row_ID":{"runAfter":{"Initialize_variable_-_File_Name":["Succeeded"]},"metadata":{"operationMetadataId":"13c81ad7-9d6f-4eeb-8009-01f0372b17b5"},"type":"InitializeVariable","inputs":{"variables":[{"name":"SharePoint Row ID","type":"integer"}]}},"Variable_-_Error":{"runAfter":{"Initialize_variable_-_SharePoint_Row_ID":["Succeeded"]},"metadata":{"operationMetadataId":"16097be9-9637-41a1-8d38-7e986fe0cdcd"},"type":"InitializeVariable","inputs":{"variables":[{"name":"varError","type":"boolean","value":true}]}},"Variable_-_Counter":{"runAfter":{"Variable_-_Error":["Succeeded"]},"metadata":{"operationMetadataId":"524c98a8-3741-4670-ada7-a450b3850ef7"},"type":"InitializeVariable","inputs":{"variables":[{"name":"varCounter","type":"integer","value":1}]}},"Compose_-_Envelope_Body":{"runAfter":{"Variable_-_Counter":["Succeeded"]},"metadata":{"operationMetadataId":"3fbb5ba2-0aa8-4342-8d5e-de808126b0d7"},"type":"Compose","inputs":"@triggerBody()"},"Get_Envelope_Custom_Field_Data":{"actions":{"Parse_JSON_-_Custom_Fields":{"runAfter":{},"metadata":{"operationMetadataId":"e313a107-9ba0-4b20-b918-89c5d2c9bb89"},"type":"ParseJson","inputs":{"content":"@triggerBody()?['data']?['envelopeSummary']?['customFields']","schema":{"type":"object","properties":{"Member State":{},"Activity Title":{}}}}}},"runAfter":{"Compose_-_Envelope_Body":["Succeeded"]},"metadata":{"operationMetadataId":"48fa0626-499e-4c7d-aa65-22af796c594e"},"type":"Scope"},"Failed_Flow_Notifications":{"actions":{"Terminate_-_Failed":{"runAfter":{"Send_email_-_Flow_Failed":["Succeeded"]},"metadata":{"operationMetadataId":"c34aae3a-75da-44ec-ad3d-67fad28f195d"},"type":"Terminate","inputs":{"runStatus":"Failed"}},"Send_email_-_Flow_Failed":{"runAfter":{},"metadata":{"operationMetadataId":"b522302b-e70e-4e2e-9a9a-0973bbb81bbe","flowSystemMetadata":{"swaggerOperationId":"SendEmailV2"}},"type":"ApiConnection","inputs":{"host":{"connection":{"name":"@parameters('$connections')['shared_office365']['connectionId']"},"api":{"runtimeUrl":"https://2bb16349-cd6e-eef1-bcef-6eafd23ee657.01.common.europe002.azure-apihub.net/apim/office365"}},"method":"post","body":{"To":"Mike.Kolling@ext.esa.int","Subject":"Flow Failed - ESA LoS Completed","Body":"<p><strong>Envelope ID: </strong><strong>@{variables('Envelope ID')}</strong><strong><br>\n<br>\nEnvelope Status: </strong>Completed<strong><br>\n</strong><br>\n<strong>Flow Name:</strong> <a href=\"https://make.powerautomate.com/environments/Default-237e701c-327f-4cad-a5a1-dda2412d89d9/flows/051b3f09-103f-4ac8-83e3-93336f205b63/details\">ESA - LoS - Completed</a><br>\n<br>\n<strong>Connect Name:</strong> ESA - LoS - Completed<br>\n<br>\n<strong>Use Case Flow:</strong> @{body('Parse_JSON_-_Custom_Fields')?['Microsoft Power Automate Trigger']}<br>\n<br>\n<strong>Account:</strong> ESA Demo Account</p>","Importance":"Normal"},"path":"/v2/Mail","authentication":"@parameters('$authentication')"}}},"runAfter":{"SharePoint_List_-_Letter_of_Support":["Failed"]},"metadata":{"operationMetadataId":"aea5f4c7-9995-4dc0-a52e-e86c82310353"},"type":"Scope"},"SharePoint_List_-_Letter_of_Support":{"actions":{"Get_items_-_Check_Row_Exists":{"runAfter":{},"metadata":{"flowSystemMetadata":{"swaggerOperationId":"GetItems"},"operationMetadataId":"c71c13d0-be1b-4375-b023-0bee07f8e402"},"type":"ApiConnection","inputs":{"host":{"connection":{"name":"@parameters('$connections')['shared_sharepointonline_2']['connectionId']"},"api":{"runtimeUrl":"https://2bb16349-cd6e-eef1-bcef-6eafd23ee657.01.common.europe002.azure-apihub.net/apim/sharepointonline"}},"method":"get","path":"/datasets/@{encodeURIComponent(encodeURIComponent('https://esait.sharepoint.com/sites/LetterofSupportDev/LOS2'))}/tables/@{encodeURIComponent(encodeURIComponent('cd296783-f4af-4851-9bc9-411d7e32e037'))}/items","queries":{"$filter":"EnvelopeID eq '@{variables('Envelope ID')}'","$top":1},"authentication":"@parameters('$authentication')"}},"Condition_-_Check_Row_Exists":{"actions":{"Set_variable_-_File_Name_-_Use_Case_Intake_Form":{"runAfter":{"Get_item":["Succeeded"]},"metadata":{"operationMetadataId":"9cb5217b-adbb-4b36-8916-ba6feacb9f5c"},"type":"SetVariable","inputs":{"name":"File Name","value":"Letter of Support - @{formatDateTime(variables('Trigger Envelope Completion Date'), 'dd-MM-yyyy - hh:mm')}"}},"Get_envelope_documents":{"runAfter":{"Set_variable_-_File_Name_-_Use_Case_Intake_Form":["Succeeded"]},"metadata":{"operationMetadataId":"1a7cf27e-1abf-439c-a846-2982ec473d16","flowSystemMetadata":{"swaggerOperationId":"GetDocuments"}},"type":"ApiConnection","inputs":{"host":{"connection":{"name":"@parameters('$connections')['shared_docusigndemo_1']['connectionId']"},"api":{"runtimeUrl":"https://2bb16349-cd6e-eef1-bcef-6eafd23ee657.01.common.europe002.azure-apihub.net/apim/docusigndemo"}},"method":"get","path":"/accounts/@{encodeURIComponent('3433fe0a-8620-4aba-b074-fb913cf9c411')}/envelopes/@{encodeURIComponent(variables('Envelope ID'))}/documents/combined","queries":{"certificate":true},"authentication":"@parameters('$authentication')"}},"Add_attachment":{"runAfter":{"PUT_IN_UPDATE_ROW_HERE":["Succeeded"]},"metadata":{"flowSystemMetadata":{"swaggerOperationId":"CreateAttachment"},"operationMetadataId":"fc36c4c5-4767-42df-b8d8-a46ee18b9c0c"},"type":"ApiConnection","inputs":{"host":{"connection":{"name":"@parameters('$connections')['shared_sharepointonline_2']['connectionId']"},"api":{"runtimeUrl":"https://2bb16349-cd6e-eef1-bcef-6eafd23ee657.01.common.europe002.azure-apihub.net/apim/sharepointonline"}},"method":"post","body":"@body('Get_envelope_documents')","path":"/datasets/@{encodeURIComponent(encodeURIComponent('https://esait.sharepoint.com/sites/LetterofSupportDev/LOS2'))}/tables/@{encodeURIComponent(encodeURIComponent('cd296783-f4af-4851-9bc9-411d7e32e037'))}/items/@{encodeURIComponent(encodeURIComponent(variables('SharePoint Row ID')))}/attachments","queries":{"displayName":"@{variables('File Name')}.pdf"},"authentication":"@parameters('$authentication')"}},"Do_until_-_Attachment_Failed":{"actions":{"Add_attachment_Failure":{"runAfter":{},"metadata":{"flowSystemMetadata":{"swaggerOperationId":"CreateAttachment"},"operationMetadataId":"af36f622-9d15-4dfd-9b60-12621545b6d2"},"type":"ApiConnection","inputs":{"host":{"connection":{"name":"@parameters('$connections')['shared_sharepointonline_2']['connectionId']"},"api":{"runtimeUrl":"https://2bb16349-cd6e-eef1-bcef-6eafd23ee657.01.common.europe002.azure-apihub.net/apim/sharepointonline"}},"method":"post","body":"@body('Get_envelope_documents')","path":"/datasets/@{encodeURIComponent(encodeURIComponent('https://esait.sharepoint.com/sites/LetterofSupportDev/LOS2'))}/tables/@{encodeURIComponent(encodeURIComponent('cd296783-f4af-4851-9bc9-411d7e32e037'))}/items/@{encodeURIComponent(encodeURIComponent(variables('SharePoint Row ID')))}/attachments","queries":{"displayName":"@{variables('File Name')} (@{variables('varCounter')}).pdf"},"authentication":"@parameters('$authentication')"}},"Increment_variable_-_Counter":{"runAfter":{"Add_attachment_Failure":["Failed"]},"metadata":{"operationMetadataId":"6c1f53cb-6da2-45f0-ae0a-b76b6a4e0e9a"},"type":"IncrementVariable","inputs":{"name":"varCounter","value":1}},"Set_variable_-_Error":{"runAfter":{"Add_attachment_Failure":["Succeeded"]},"metadata":{"operationMetadataId":"dc374471-1833-4b08-82c0-3a07d437c2b6"},"type":"SetVariable","inputs":{"name":"varError","value":false}}},"runAfter":{"Add_attachment":["Failed"]},"expression":"@equals(variables('varError'), false)","limit":{"count":10,"timeout":"PT1H"},"metadata":{"operationMetadataId":"dcd979ec-5391-47c6-ba42-fde186c85230"},"type":"Until"},"Set_variable_-_SharePoint_Row_ID_-_Existing":{"runAfter":{},"metadata":{"operationMetadataId":"d745e18d-4e5c-4254-8101-bfb861bd0f96"},"type":"SetVariable","inputs":{"name":"SharePoint Row ID","value":"@body('Get_items_-_Check_Row_Exists')?['value']?[0]?['ID']"}},"Get_item":{"runAfter":{"Set_variable_-_SharePoint_Row_ID_-_Existing":["Succeeded"]},"metadata":{"flowSystemMetadata":{"swaggerOperationId":"GetItem"},"operationMetadataId":"6dd97f23-a9da-43d1-beed-dcf74c42d1fe"},"type":"ApiConnection","inputs":{"host":{"connection":{"name":"@parameters('$connections')['shared_sharepointonline_2']['connectionId']"},"api":{"runtimeUrl":"https://2bb16349-cd6e-eef1-bcef-6eafd23ee657.01.common.europe002.azure-apihub.net/apim/sharepointonline"}},"method":"get","path":"/datasets/@{encodeURIComponent(encodeURIComponent('https://esait.sharepoint.com/sites/LetterofSupportDev/LOS2'))}/tables/@{encodeURIComponent(encodeURIComponent('cd296783-f4af-4851-9bc9-411d7e32e037'))}/items/@{encodeURIComponent(variables('SharePoint Row ID'))}","authentication":"@parameters('$authentication')"}},"PUT_IN_UPDATE_ROW_HERE":{"runAfter":{"Get_envelope_documents":["Succeeded"]},"metadata":{"operationMetadataId":"e6d068ae-7c45-4546-9a30-bed19bf90f0c"},"type":"SetVariable","inputs":{"name":"File Name","value":"PUT IN UPDATE ROW HERE"}}},"runAfter":{"Get_items_-_Check_Row_Exists":["Succeeded"]},"expression":{"greaterOrEquals":["@length(body('Get_items_-_Check_Row_Exists')?['value'])",1]},"metadata":{"operationMetadataId":"901ab9f1-c27b-4645-98e2-338302d9229e"},"type":"If"}},"runAfter":{"Get_Recipients":["Succeeded"]},"metadata":{"operationMetadataId":"e263d5d4-4888-4753-a325-21665aaba6b2"},"type":"Scope"},"Get_Recipients":{"actions":{"Filter_array_-_Signer_1":{"runAfter":{},"metadata":{"operationMetadataId":"5b6031c3-5142-46d0-920b-a9e7a4e121e7"},"type":"Query","inputs":{"from":"@triggerOutputs()?['body/data/envelopeSummary/recipients/signers']","where":"@equals(item()?['roleName'], 'Signer 1')"}},"Filter_array_-_Signer_2":{"runAfter":{"Filter_array_-_Signer_1":["Succeeded"]},"metadata":{"operationMetadataId":"5b6031c3-5142-46d0-920b-a9e7a4e121e7"},"type":"Query","inputs":{"from":"@triggerOutputs()?['body/data/envelopeSummary/recipients/signers']","where":"@equals(item()?['roleName'], 'Signer 2')"}},"Compose":{"runAfter":{"Filter_array_-_Signer_2":["Succeeded"]},"metadata":{"operationMetadataId":"8d899410-5e8e-4581-bc12-dd2947c95682"},"type":"Compose","inputs":"@body('Filter_array_-_Signer_2')?[0]?['name']"}},"runAfter":{"Get_Envelope_Custom_Field_Data":["Succeeded"]},"metadata":{"operationMetadataId":"057ea469-7ac1-433b-89e7-a2678992f743"},"type":"Scope"}},"outputs":{}},"connectionReferences":{"shared_office365":{"connectionName":"14ae1ffebdaf4f82ab3186eabf788337","source":"Embedded","id":"/providers/Microsoft.PowerApps/apis/shared_office365","tier":"NotSpecified","apiName":"office365"},"shared_sharepointonline_2":{"connectionName":"shared-sharepointonl-24c5cf33-b546-4a83-abd0-b9e66db684a0","source":"Embedded","id":"/providers/Microsoft.PowerApps/apis/shared_sharepointonline","tier":"NotSpecified","apiName":"sharepointonline"},"shared_docusigndemo_1":{"connectionName":"shared-docusigndemo-eb03a534-2176-4aa7-a103-54d56df8a39c","source":"Embedded","id":"/providers/Microsoft.PowerApps/apis/shared_docusigndemo","tier":"NotSpecified","apiName":"docusigndemo"},"shared_docusigndemo":{"connectionName":"shared-docusigndemo-eb03a534-2176-4aa7-a103-54d56df8a39c","source":"Embedded","id":"/providers/Microsoft.PowerApps/apis/shared_docusigndemo","tier":"NotSpecified","apiName":"docusigndemo"}},"flowFailureAlertSubscribed":false,"isManaged":false}}