<environmentvariabledefinition schemaname="esamk_TargetURL_Technology">
  <defaultvalue>https://scaleupdev.crm4.dynamics.com/main.aspx?appid=83608c88-dc5d-4eb1-bbac-6dade776df18&amp;forceUCI=1&amp;pagetype=entityrecord&amp;etn=esamk_lut_domain&amp;id=58e92faa-3f0e-f011-9989-7c1e5236e391</defaultvalue>
  <displayname default="TargetURL_Technology">
    <label description="TargetURL_Technology" languagecode="1033" />
  </displayname>
  <introducedversion>1.0.0.20</introducedversion>
  <iscustomizable>1</iscustomizable>
  <isrequired>0</isrequired>
  <secretstore>0</secretstore>
  <type>100000000</type>
</environmentvariabledefinition>