{
  "properties": {
    "connectionReferences": {
      "shared_docusigndemo_1": {
        "runtimeSource": "embedded",
        "connection": {
          "connectionReferenceLogicalName": "new_shareddocusigndemo_30280"
        },
        "api": {
          "name": "shared_docusigndemo"
        }
      },
      "shared_commondataserviceforapps": {
        "runtimeSource": "embedded",
        "connection": {
          "connectionReferenceLogicalName": "esamk_sharedcommondataserviceforapps_56a48"
        },
        "api": {
          "name": "shared_commondataserviceforapps"
        }
      },
      "shared_office365_1": {
        "runtimeSource": "embedded",
        "connection": {
          "connectionReferenceLogicalName": "esamk_sharedoffice365_f9e16"
        },
        "api": {
          "name": "shared_office365"
        }
      }
    },
    "definition": {
      "$schema": "https://schema.management.azure.com/providers/Microsoft.Logic/schemas/2016-06-01/workflowdefinition.json#",
      "contentVersion": "1.0.0.0",
      "parameters": {
        "$connections": {
          "defaultValue": {},
          "type": "Object"
        },
        "$authentication": {
          "defaultValue": {},
          "type": "SecureObject"
        }
      },
      "staticResults": {
        "Send_envelope0": {
          "status": "Succeeded",
          "outputs": {
            "statusCode": "OK",
            "headers": {}
          }
        }
      },
      "triggers": {
        "When_a_row_is_added,_modified_or_deleted": {
          "metadata": {
            "operationMetadataId": "b8a241ac-a18a-45c1-ae05-f0a0f9ec5064"
          },
          "type": "OpenApiConnectionWebhook",
          "inputs": {
            "host": {
              "connectionName": "shared_commondataserviceforapps",
              "operationId": "SubscribeWebhookTrigger",
              "apiId": "/providers/Microsoft.PowerApps/apis/shared_commondataserviceforapps"
            },
            "parameters": {
              "subscriptionRequest/message": 3,
              "subscriptionRequest/entityname": "esamk_letterofsupport1",
              "subscriptionRequest/scope": 4,
              "subscriptionRequest/filteringattributes": "esamk_submit",
              "subscriptionRequest/filterexpression": "esamk_submit eq 'SendNow'"
            },
            "authentication": "@parameters('$authentication')"
          }
        }
      },
      "actions": {
        "Send_envelope": {
          "runAfter": {
            "Custom_Fields": [
              "Succeeded"
            ]
          },
          "metadata": {
            "operationMetadataId": "3ce05bf6-a49d-4b76-9132-3484052e87ba"
          },
          "type": "OpenApiConnection",
          "inputs": {
            "host": {
              "connectionName": "shared_docusigndemo_1",
              "operationId": "SendDraftEnvelope",
              "apiId": "/providers/Microsoft.PowerApps/apis/shared_docusigndemo"
            },
            "parameters": {
              "accountId": "3433fe0a-8620-4aba-b074-fb913cf9c411",
              "envelopeId": "@variables('Envelope ID')"
            },
            "authentication": "@parameters('$authentication')"
          },
          "runtimeConfiguration": {
            "staticResult": {
              "staticResultOptions": "Disabled",
              "name": "Send_envelope0"
            }
          }
        },
        "Get_document_generation_form_fields_from_envelope": {
          "runAfter": {
            "Add_Recipients": [
              "Succeeded"
            ]
          },
          "metadata": {
            "operationMetadataId": "966ef764-bea2-44da-9130-e55a1c0d6965"
          },
          "type": "OpenApiConnection",
          "inputs": {
            "host": {
              "connectionName": "shared_docusigndemo_1",
              "operationId": "GetDocgenFormFields",
              "apiId": "/providers/Microsoft.PowerApps/apis/shared_docusigndemo"
            },
            "parameters": {
              "accountId": "3433fe0a-8620-4aba-b074-fb913cf9c411",
              "envelopeId": "@variables('Envelope ID')"
            },
            "authentication": "@parameters('$authentication')"
          }
        },
        "Custom_Fields": {
          "actions": {
            "Get_custom_field_info_from_envelope_-_Member_State": {
              "runAfter": {},
              "metadata": {
                "operationMetadataId": "305503d5-a708-47bc-9cbd-44d4a3bb4cbc"
              },
              "type": "OpenApiConnection",
              "inputs": {
                "host": {
                  "connectionName": "shared_docusigndemo_1",
                  "operationId": "GetEnvelopeCustomField",
                  "apiId": "/providers/Microsoft.PowerApps/apis/shared_docusigndemo"
                },
                "parameters": {
                  "accountId": "3433fe0a-8620-4aba-b074-fb913cf9c411",
                  "envelopeId": "@variables('Envelope ID')",
                  "fieldName": "Member State"
                },
                "authentication": "@parameters('$authentication')"
              }
            },
            "Update_envelope_custom_field_-_Member_State": {
              "runAfter": {
                "Get_custom_field_info_from_envelope_-_Member_State": [
                  "Succeeded"
                ]
              },
              "metadata": {
                "operationMetadataId": "bd618cfd-bf57-4f43-8c03-1569d93b2f3a"
              },
              "type": "OpenApiConnection",
              "inputs": {
                "host": {
                  "connectionName": "shared_docusigndemo_1",
                  "operationId": "UpdateEnvelopeCustomField",
                  "apiId": "/providers/Microsoft.PowerApps/apis/shared_docusigndemo"
                },
                "parameters": {
                  "accountId": "3433fe0a-8620-4aba-b074-fb913cf9c411",
                  "envelopeId": "@variables('Envelope ID')",
                  "fieldId": "@outputs('Get_custom_field_info_from_envelope_-_Member_State')?['body/fieldId']",
                  "fieldType": "@outputs('Get_custom_field_info_from_envelope_-_Member_State')?['body/fieldType']",
                  "name": "@outputs('Get_custom_field_info_from_envelope_-_Member_State')?['body/name']",
                  "value": "@outputs('Get_Member_State')?['body/esamk_countryname']"
                },
                "authentication": "@parameters('$authentication')"
              }
            },
            "Get_custom_field_info_from_envelope_-_Activity_Title": {
              "runAfter": {
                "Update_envelope_custom_field_-_Member_State": [
                  "Succeeded"
                ]
              },
              "metadata": {
                "operationMetadataId": "e4f26f84-3140-4b10-833e-1998cd150edb"
              },
              "type": "OpenApiConnection",
              "inputs": {
                "host": {
                  "connectionName": "shared_docusigndemo_1",
                  "operationId": "GetEnvelopeCustomField",
                  "apiId": "/providers/Microsoft.PowerApps/apis/shared_docusigndemo"
                },
                "parameters": {
                  "accountId": "3433fe0a-8620-4aba-b074-fb913cf9c411",
                  "envelopeId": "@variables('Envelope ID')",
                  "fieldName": "Activity Title"
                },
                "authentication": "@parameters('$authentication')"
              }
            },
            "Update_envelope_custom_field_-_Activity_Title": {
              "runAfter": {
                "Get_custom_field_info_from_envelope_-_Activity_Title": [
                  "Succeeded"
                ]
              },
              "metadata": {
                "operationMetadataId": "19532f31-9985-4208-971a-39a1718bee04"
              },
              "type": "OpenApiConnection",
              "inputs": {
                "host": {
                  "connectionName": "shared_docusigndemo_1",
                  "operationId": "UpdateEnvelopeCustomField",
                  "apiId": "/providers/Microsoft.PowerApps/apis/shared_docusigndemo"
                },
                "parameters": {
                  "accountId": "3433fe0a-8620-4aba-b074-fb913cf9c411",
                  "envelopeId": "@variables('Envelope ID')",
                  "fieldId": "@outputs('Get_custom_field_info_from_envelope_-_Activity_Title')?['body/fieldId']",
                  "fieldType": "@outputs('Get_custom_field_info_from_envelope_-_Activity_Title')?['body/fieldType']",
                  "name": "@outputs('Get_custom_field_info_from_envelope_-_Activity_Title')?['body/name']",
                  "value": "@outputs('Get_Activity_Code')?['body/esamk_activitytitle']"
                },
                "authentication": "@parameters('$authentication')"
              }
            }
          },
          "runAfter": {
            "Add_reminders_and_Expiry": [
              "Succeeded"
            ]
          },
          "metadata": {
            "operationMetadataId": "d7569406-eafb-4f66-a7da-54c05f4433d8"
          },
          "type": "Scope"
        },
        "Add_reminders_and_Expiry": {
          "runAfter": {
            "Update_document_generation_form_fields_from_envelope": [
              "Succeeded"
            ]
          },
          "metadata": {
            "operationMetadataId": "b307907a-fd70-4232-905b-a2c6464718be"
          },
          "type": "OpenApiConnection",
          "inputs": {
            "host": {
              "connectionName": "shared_docusigndemo_1",
              "operationId": "AddReminders",
              "apiId": "/providers/Microsoft.PowerApps/apis/shared_docusigndemo"
            },
            "parameters": {
              "accountId": "3433fe0a-8620-4aba-b074-fb913cf9c411",
              "envelopeId": "@variables('Envelope ID')",
              "reminderEnabled": true,
              "reminderDelay": "7",
              "reminderFrequency": "3",
              "expireAfter": "@split(dateDifference(formatDateTime(utcNow(),'yyyy-MM-dd'),formatDateTime(outputs('Get_LetterofSupport_Item')?['body/esamk_dateallsignaturesrequiredby'],'yyyy-MM-dd')),'.')[0]"
            },
            "authentication": "@parameters('$authentication')"
          }
        },
        "Add_Recipients": {
          "actions": {
            "Add_recipient_to_an_envelope_-_CC_Submitter": {
              "runAfter": {},
              "metadata": {
                "operationMetadataId": "f3c33c8c-6042-494d-9ef6-d4e180d8adbe"
              },
              "type": "OpenApiConnection",
              "inputs": {
                "host": {
                  "connectionName": "shared_docusigndemo_1",
                  "operationId": "AddRecipientToEnvelopeV2",
                  "apiId": "/providers/Microsoft.PowerApps/apis/shared_docusigndemo"
                },
                "parameters": {
                  "accountId": "3433fe0a-8620-4aba-b074-fb913cf9c411",
                  "envelopeId": "@variables('Envelope ID')",
                  "recipientType": "carbonCopies",
                  "routingOrder": "1",
                  "emailNotificationLanguage": "English UK (en_GB)",
                  "emailNotificationSubject": "CC: @{variables('Email Subject')}",
                  "emailNotificationBody": "@variables('Email Body')",
                  "roleName": "Submitter",
                  "additionalRecipientParams/name": "@outputs('Get_LetterOfSupport_Item')?['body/esamk_submittername']",
                  "additionalRecipientParams/email": "@outputs('Get_LetterOfSupport_Item')?['body/esamk_submitteremail']"
                },
                "authentication": "@parameters('$authentication')"
              }
            },
            "Condition_-_Signer_2": {
              "actions": {
                "Add_tabs_for_a_recipient_on_an_envelope_-_Name_-_Signer_2": {
                  "runAfter": {
                    "Add_tabs_for_a_recipient_on_an_envelope_-_Signature_-_Signer_2": [
                      "Succeeded"
                    ]
                  },
                  "metadata": {
                    "operationMetadataId": "bcdb115a-d4bf-462b-87d6-45f0d4165e4b"
                  },
                  "type": "OpenApiConnection",
                  "inputs": {
                    "host": {
                      "connectionName": "shared_docusigndemo_1",
                      "operationId": "AddRecipientTabs",
                      "apiId": "/providers/Microsoft.PowerApps/apis/shared_docusigndemo"
                    },
                    "parameters": {
                      "accountId": "3433fe0a-8620-4aba-b074-fb913cf9c411",
                      "envelopeId": "@variables('Envelope ID')",
                      "recipientId": "@outputs('Add_recipient_to_an_envelope_-_Signer_2')?['body/recipientId']",
                      "tabType": "fullNameTabs",
                      "tabDetails/tabs": [
                        {
                          "anchorString": "//Name2//",
                          "tabLabel": "Name 2",
                          "anchorXOffset": "-6",
                          "anchorYOffset": "-8",
                          "font": "Arial",
                          "fontColor": "Black",
                          "fontSize": "Size12",
                          "bold": "false",
                          "italic": "false"
                        }
                      ]
                    },
                    "authentication": "@parameters('$authentication')"
                  }
                },
                "Add_tabs_for_a_recipient_on_an_envelope_-_Signature_-_Signer_2": {
                  "runAfter": {
                    "Add_tabs_for_a_recipient_on_an_envelope_-_Date_Signed_-_Signer_2": [
                      "Succeeded"
                    ]
                  },
                  "metadata": {
                    "operationMetadataId": "2fce0ed6-5bf8-4395-9050-bbcfb8ceb883"
                  },
                  "type": "OpenApiConnection",
                  "inputs": {
                    "host": {
                      "connectionName": "shared_docusigndemo_1",
                      "operationId": "AddRecipientTabs",
                      "apiId": "/providers/Microsoft.PowerApps/apis/shared_docusigndemo"
                    },
                    "parameters": {
                      "accountId": "3433fe0a-8620-4aba-b074-fb913cf9c411",
                      "envelopeId": "@variables('Envelope ID')",
                      "recipientId": "@outputs('Add_recipient_to_an_envelope_-_Signer_2')?['body/recipientId']",
                      "tabType": "signHereTabs",
                      "tabDetails/tabs": [
                        {
                          "anchorString": "//Signature2//",
                          "optional": "false",
                          "tabLabel": "Signature 2",
                          "anchorXOffset": "0",
                          "anchorYOffset": "0"
                        }
                      ]
                    },
                    "authentication": "@parameters('$authentication')"
                  }
                },
                "Add_tabs_for_a_recipient_on_an_envelope_-_Date_Signed_-_Signer_2": {
                  "runAfter": {
                    "Add_verification_type_to_a_recipient_-_Signer_2": [
                      "Succeeded"
                    ]
                  },
                  "metadata": {
                    "operationMetadataId": "0de373b8-55d2-488c-8251-970e6cbdd8d1"
                  },
                  "type": "OpenApiConnection",
                  "inputs": {
                    "host": {
                      "connectionName": "shared_docusigndemo_1",
                      "operationId": "AddRecipientTabs",
                      "apiId": "/providers/Microsoft.PowerApps/apis/shared_docusigndemo"
                    },
                    "parameters": {
                      "accountId": "3433fe0a-8620-4aba-b074-fb913cf9c411",
                      "envelopeId": "@variables('Envelope ID')",
                      "recipientId": "@outputs('Add_recipient_to_an_envelope_-_Signer_2')?['body/recipientId']",
                      "tabType": "dateSignedTabs",
                      "tabDetails/tabs": [
                        {
                          "anchorString": "//Date2//",
                          "tabLabel": "Date Signed 2",
                          "anchorXOffset": "-6",
                          "anchorYOffset": "-7",
                          "font": "Arial",
                          "fontColor": "Black",
                          "fontSize": "Size12",
                          "bold": "false",
                          "italic": "false"
                        }
                      ]
                    },
                    "authentication": "@parameters('$authentication')"
                  }
                },
                "Add_recipient_to_an_envelope_-_Signer_2": {
                  "runAfter": {},
                  "metadata": {
                    "operationMetadataId": "6cf9c805-fc63-4c3c-b643-41f145663bf7"
                  },
                  "type": "OpenApiConnection",
                  "inputs": {
                    "host": {
                      "connectionName": "shared_docusigndemo_1",
                      "operationId": "AddRecipientToEnvelopeV2",
                      "apiId": "/providers/Microsoft.PowerApps/apis/shared_docusigndemo"
                    },
                    "parameters": {
                      "accountId": "3433fe0a-8620-4aba-b074-fb913cf9c411",
                      "envelopeId": "@variables('Envelope ID')",
                      "recipientType": "signers",
                      "routingOrder": "3",
                      "emailNotificationLanguage": "English UK (en_GB)",
                      "emailNotificationSubject": "Signer 2: @{variables('Email Subject')}",
                      "emailNotificationBody": "@variables('Email Body')",
                      "roleName": "Signer 2",
                      "additionalRecipientParams/name": "@outputs('Get_LetterOfSupport_Item')?['body/esamk_signer2name']",
                      "additionalRecipientParams/email": "@outputs('Get_LetterOfSupport_Item')?['body/esamk_signer2email']"
                    },
                    "authentication": "@parameters('$authentication')"
                  }
                },
                "Add_verification_type_to_a_recipient_-_Signer_2": {
                  "runAfter": {
                    "Add_recipient_to_an_envelope_-_Signer_2": [
                      "Succeeded"
                    ]
                  },
                  "metadata": {
                    "operationMetadataId": "2cd3760e-6b2d-4443-9bd6-ade76dea30ed"
                  },
                  "type": "OpenApiConnection",
                  "inputs": {
                    "host": {
                      "connectionName": "shared_docusigndemo_1",
                      "operationId": "AddVerificationToRecipient",
                      "apiId": "/providers/Microsoft.PowerApps/apis/shared_docusigndemo"
                    },
                    "parameters": {
                      "accountId": "3433fe0a-8620-4aba-b074-fb913cf9c411",
                      "envelopeId": "@variables('Envelope ID')",
                      "recipientId": "@outputs('Add_recipient_to_an_envelope_-_Signer_2')?['body/recipientId']",
                      "recipientType": "@outputs('Add_recipient_to_an_envelope_-_Signer_2')?['body/recipientType']",
                      "verificationType": "ID Verification",
                      "additionalRecipientData/workflowID": "5eedeb39-c6a2-48d9-b789-b5459c2ff9bb"
                    },
                    "authentication": "@parameters('$authentication')"
                  }
                }
              },
              "runAfter": {
                "Condition_-_Signer_1": [
                  "Succeeded"
                ]
              },
              "expression": {
                "equals": [
                  "@outputs('Update_D365_with_EnvelopeID')?['body/esamk_numberofsigners']",
                  2
                ]
              },
              "metadata": {
                "operationMetadataId": "e287c87b-6080-490b-93c3-59512fe6eec0"
              },
              "type": "If"
            },
            "Condition_-_Signer_1": {
              "actions": {
                "Add_tabs_for_a_recipient_on_an_envelope_-_Name_-_Signer_1": {
                  "runAfter": {
                    "Add_tabs_for_a_recipient_on_an_envelope_-_Signature_-_Signer_1": [
                      "Succeeded"
                    ]
                  },
                  "metadata": {
                    "operationMetadataId": "bcdb115a-d4bf-462b-87d6-45f0d4165e4b"
                  },
                  "type": "OpenApiConnection",
                  "inputs": {
                    "host": {
                      "connectionName": "shared_docusigndemo_1",
                      "operationId": "AddRecipientTabs",
                      "apiId": "/providers/Microsoft.PowerApps/apis/shared_docusigndemo"
                    },
                    "parameters": {
                      "accountId": "3433fe0a-8620-4aba-b074-fb913cf9c411",
                      "envelopeId": "@variables('Envelope ID')",
                      "recipientId": "@outputs('Add_recipient_to_an_envelope_-_Signer_1')?['body/recipientId']",
                      "tabType": "fullNameTabs",
                      "tabDetails/tabs": [
                        {
                          "anchorString": "//Name1//",
                          "tabLabel": "Name 1",
                          "anchorXOffset": "-6",
                          "anchorYOffset": "-8",
                          "font": "Arial",
                          "fontColor": "Black",
                          "fontSize": "Size12",
                          "bold": "false",
                          "italic": "false"
                        }
                      ]
                    },
                    "authentication": "@parameters('$authentication')"
                  }
                },
                "Add_tabs_for_a_recipient_on_an_envelope_-_Signature_-_Signer_1": {
                  "runAfter": {
                    "Add_tabs_for_a_recipient_on_an_envelope_-_Date_Signed_-_Signer_1": [
                      "Succeeded"
                    ]
                  },
                  "metadata": {
                    "operationMetadataId": "2fce0ed6-5bf8-4395-9050-bbcfb8ceb883"
                  },
                  "type": "OpenApiConnection",
                  "inputs": {
                    "host": {
                      "connectionName": "shared_docusigndemo_1",
                      "operationId": "AddRecipientTabs",
                      "apiId": "/providers/Microsoft.PowerApps/apis/shared_docusigndemo"
                    },
                    "parameters": {
                      "accountId": "3433fe0a-8620-4aba-b074-fb913cf9c411",
                      "envelopeId": "@variables('Envelope ID')",
                      "recipientId": "@outputs('Add_recipient_to_an_envelope_-_Signer_1')?['body/recipientId']",
                      "tabType": "signHereTabs",
                      "tabDetails/tabs": [
                        {
                          "anchorString": "//Signature1//",
                          "optional": "false",
                          "tabLabel": "Signature 1",
                          "anchorXOffset": "0",
                          "anchorYOffset": "0"
                        }
                      ]
                    },
                    "authentication": "@parameters('$authentication')"
                  }
                },
                "Add_tabs_for_a_recipient_on_an_envelope_-_Date_Signed_-_Signer_1": {
                  "runAfter": {
                    "Add_verification_type_to_a_recipient_-_Signer_1": [
                      "Succeeded"
                    ]
                  },
                  "metadata": {
                    "operationMetadataId": "0de373b8-55d2-488c-8251-970e6cbdd8d1"
                  },
                  "type": "OpenApiConnection",
                  "inputs": {
                    "host": {
                      "connectionName": "shared_docusigndemo_1",
                      "operationId": "AddRecipientTabs",
                      "apiId": "/providers/Microsoft.PowerApps/apis/shared_docusigndemo"
                    },
                    "parameters": {
                      "accountId": "3433fe0a-8620-4aba-b074-fb913cf9c411",
                      "envelopeId": "@variables('Envelope ID')",
                      "recipientId": "@outputs('Add_recipient_to_an_envelope_-_Signer_1')?['body/recipientId']",
                      "tabType": "dateSignedTabs",
                      "tabDetails/tabs": [
                        {
                          "anchorString": "//Date1//",
                          "tabLabel": "Date Signed 1",
                          "anchorXOffset": "-6",
                          "anchorYOffset": "-7",
                          "font": "Arial",
                          "fontColor": "Black",
                          "fontSize": "Size12",
                          "bold": "false",
                          "italic": "false"
                        }
                      ]
                    },
                    "authentication": "@parameters('$authentication')"
                  }
                },
                "Add_recipient_to_an_envelope_-_Signer_1": {
                  "runAfter": {},
                  "metadata": {
                    "operationMetadataId": "6cf9c805-fc63-4c3c-b643-41f145663bf7"
                  },
                  "type": "OpenApiConnection",
                  "inputs": {
                    "host": {
                      "connectionName": "shared_docusigndemo_1",
                      "operationId": "AddRecipientToEnvelopeV2",
                      "apiId": "/providers/Microsoft.PowerApps/apis/shared_docusigndemo"
                    },
                    "parameters": {
                      "accountId": "3433fe0a-8620-4aba-b074-fb913cf9c411",
                      "envelopeId": "@variables('Envelope ID')",
                      "recipientType": "signers",
                      "routingOrder": "3",
                      "emailNotificationLanguage": "English UK (en_GB)",
                      "emailNotificationSubject": "Signer 1: @{variables('Email Subject')}",
                      "emailNotificationBody": "@variables('Email Body')",
                      "roleName": "Signer 1",
                      "additionalRecipientParams/name": "@outputs('Get_LetterOfSupport_Item')?['body/esamk_signer1name']",
                      "additionalRecipientParams/email": "@outputs('Get_LetterOfSupport_Item')?['body/esamk_signer1email']"
                    },
                    "authentication": "@parameters('$authentication')"
                  }
                },
                "Add_verification_type_to_a_recipient_-_Signer_1": {
                  "runAfter": {
                    "Add_recipient_to_an_envelope_-_Signer_1": [
                      "Succeeded"
                    ]
                  },
                  "metadata": {
                    "operationMetadataId": "cae7455a-a8db-4065-9fef-b2961db3c7c4"
                  },
                  "type": "OpenApiConnection",
                  "inputs": {
                    "host": {
                      "connectionName": "shared_docusigndemo_1",
                      "operationId": "AddVerificationToRecipient",
                      "apiId": "/providers/Microsoft.PowerApps/apis/shared_docusigndemo"
                    },
                    "parameters": {
                      "accountId": "3433fe0a-8620-4aba-b074-fb913cf9c411",
                      "envelopeId": "@variables('Envelope ID')",
                      "recipientId": "@outputs('Add_recipient_to_an_envelope_-_Signer_1')?['body/recipientId']",
                      "recipientType": "@outputs('Add_recipient_to_an_envelope_-_Signer_1')?['body/recipientType']",
                      "verificationType": "ID Verification",
                      "additionalRecipientData/workflowID": "5eedeb39-c6a2-48d9-b789-b5459c2ff9bb"
                    },
                    "authentication": "@parameters('$authentication')"
                  }
                }
              },
              "runAfter": {
                "Add_recipient_to_an_envelope_-_CC_Submitter": [
                  "Succeeded"
                ]
              },
              "expression": {
                "greater": [
                  "@outputs('Update_D365_with_EnvelopeID')?['body/esamk_numberofsigners']",
                  0
                ]
              },
              "metadata": {
                "operationMetadataId": "e287c87b-6080-490b-93c3-59512fe6eec0"
              },
              "type": "If"
            }
          },
          "runAfter": {
            "Update_D365_with_EnvelopeID": [
              "Succeeded"
            ]
          },
          "metadata": {
            "operationMetadataId": "42928428-be8f-418e-ac8d-ad8916141201"
          },
          "type": "Scope"
        },
        "Initialize_variable_-_Envelope_ID": {
          "runAfter": {
            "Create_envelope_using_template_with_recipients": [
              "Succeeded"
            ]
          },
          "metadata": {
            "operationMetadataId": "8fabdc23-aad8-43d0-9a42-5655dab817dc"
          },
          "type": "InitializeVariable",
          "inputs": {
            "variables": [
              {
                "name": "Envelope ID",
                "type": "string",
                "value": "@outputs('Create_envelope_using_template_with_recipients')?['body/envelopeId']"
              }
            ]
          }
        },
        "Format_number_-_Funding_Amount": {
          "runAfter": {
            "Get_Company_from_Accounts": [
              "Succeeded"
            ]
          },
          "metadata": {
            "operationMetadataId": "3da8ecf3-77dd-4b42-bbbb-426cb272b4b4"
          },
          "type": "Expression",
          "kind": "FormatNumber",
          "inputs": {
            "number": "@outputs('Get_LetterOfSupport_Item')?['body/esamk_authorisedfunding']",
            "format": "###,###,###"
          }
        },
        "Initialize_variable_-_Email_Subject": {
          "runAfter": {
            "Condition": [
              "Succeeded"
            ]
          },
          "metadata": {
            "operationMetadataId": "c5e133b9-0375-4ef4-8d2e-8fe8559a6101"
          },
          "type": "InitializeVariable",
          "inputs": {
            "variables": [
              {
                "name": "Email Subject",
                "type": "string",
                "value": "ESA Letter of Support - @{outputs('Get_LetterOfSupport_Item')?['body/esamk_letterofsupport1id']}"
              }
            ]
          }
        },
        "Initialize_variable_-_Email_Body": {
          "runAfter": {
            "Initialize_variable_-_Email_Subject": [
              "Succeeded"
            ]
          },
          "metadata": {
            "operationMetadataId": "e1d5b3bd-2567-43e8-8e4f-214d5a0f21af"
          },
          "type": "InitializeVariable",
          "inputs": {
            "variables": [
              {
                "name": "Email Body",
                "type": "string",
                "value": "IPC Delegate: \n\n<b>Letter of Support Details:</b>\nMember State:  @{outputs('Get_Member_State')?['body/esamk_countryname']}\nActivity Title:     @{outputs('Get_Activity_Code')?['body/esamk_activitytitle']}\nScaleUp Id: \nOur Reference: @{outputs('Get_LetterOfSupport_Item')?['body/esamk_ourreference']}\n\n<b>Authorised Funding:</b>\nIndustrial Activity Support: € @{body('Format_number_-_Funding_Amount')}\nIncluding Internal Costs: € @{body('Format_number_-_Funding_Amount_Costs')}\n\n<b>Contact Details:</b>\nContact Name: @{outputs('Get_LetterOfSupport_Item')?['body/esamk_submittername']}\nContact Email: @{outputs('Get_LetterOfSupport_Item')?['body/esamk_submitteremail']}\nContact Telephone: @{outputs('Get_LetterOfSupport_Item')?['body/esamk_telephone']}"
              }
            ]
          }
        },
        "Get_LetterOfSupport_Item": {
          "runAfter": {},
          "metadata": {
            "operationMetadataId": "a1587ee0-1066-42bd-8c27-0b4326e36f1b"
          },
          "type": "OpenApiConnection",
          "inputs": {
            "host": {
              "connectionName": "shared_commondataserviceforapps",
              "operationId": "GetItem",
              "apiId": "/providers/Microsoft.PowerApps/apis/shared_commondataserviceforapps"
            },
            "parameters": {
              "entityName": "esamk_letterofsupport1s",
              "recordId": "@triggerOutputs()?['body/esamk_letterofsupport1id']"
            },
            "authentication": "@parameters('$authentication')"
          }
        },
        "Create_envelope_using_template_with_recipients": {
          "runAfter": {
            "Initialize_variable_-_Email_Body": [
              "Succeeded"
            ]
          },
          "metadata": {
            "operationMetadataId": "fe6c1bb3-26a9-40d6-8757-0330eda871ec"
          },
          "type": "OpenApiConnection",
          "inputs": {
            "host": {
              "connectionName": "shared_docusigndemo_1",
              "operationId": "SendEnvelope",
              "apiId": "/providers/Microsoft.PowerApps/apis/shared_docusigndemo"
            },
            "parameters": {
              "accountId": "3433fe0a-8620-4aba-b074-fb913cf9c411",
              "templateId": "7965a016-365d-4404-8367-a6ce97426b57",
              "status": "Created",
              "emailSubject": "ESA Letter of Support - @{outputs('Get_LetterOfSupport_Item')?['body/_esamk_memberstate_value']}"
            },
            "authentication": "@parameters('$authentication')"
          }
        },
        "Update_document_generation_form_fields_from_envelope": {
          "runAfter": {
            "Get_document_generation_form_fields_from_envelope": [
              "Succeeded"
            ]
          },
          "metadata": {
            "operationMetadataId": "ea01928f-f54b-46f3-b47e-cd44f030dbde"
          },
          "type": "OpenApiConnection",
          "inputs": {
            "host": {
              "connectionName": "shared_docusigndemo_1",
              "operationId": "UpdateDocgenFormFields",
              "apiId": "/providers/Microsoft.PowerApps/apis/shared_docusigndemo"
            },
            "parameters": {
              "accountId": "3433fe0a-8620-4aba-b074-fb913cf9c411",
              "envelopeId": "@variables('Envelope ID')",
              "documentGuid": "@outputs('Get_document_generation_form_fields_from_envelope')?['body/docgenFields']?[0]?['documentid']",
              "body": [
                {
                  "name": "Member_State",
                  "value": "@outputs('Get_Member_State')?['body/esamk_countryname']"
                },
                {
                  "name": "Company_Name",
                  "value": "@outputs('Get_Company_from_Accounts')?['body/name']"
                },
                {
                  "name": "Additional_Comments",
                  "value": "@outputs('Get_LetterOfSupport_Item')?['body/esamk_additionalcomments']"
                },
                {
                  "name": "Activity_Code",
                  "value": "@outputs('Get_Activity_Code')?['body/esamk_activitycode']"
                },
                {
                  "name": "Delegation_Name",
                  "value": "@outputs('Get_LetterOfSupport_Item')?['body/esamk_submittername']"
                },
                {
                  "name": "Delegation_Email",
                  "value": "@outputs('Get_LetterOfSupport_Item')?['body/esamk_submitteremail']"
                },
                {
                  "name": "Telephone",
                  "value": "@outputs('Get_LetterOfSupport_Item')?['body/esamk_telephone']"
                },
                {
                  "name": "Date_Created",
                  "value": "@formatDateTime(outputs('Create_envelope_using_template_with_recipients')?['body/statusDateTime'], 'dd MMMM yyyy')"
                },
                {
                  "name": "Activity_Title",
                  "value": "@outputs('Get_Activity_Code')?['body/esamk_activitytitle']"
                },
                {
                  "name": "Authorised_Funding",
                  "value": "@body('Format_number_-_Funding_Amount')"
                },
                {
                  "name": "Authorised_Funding_Cost",
                  "value": "@body('Format_number_-_Funding_Amount_Costs')"
                },
                {
                  "name": "Expiry_Months",
                  "value": "@concat(variables('ExpiryNoMonths'),' Months')"
                },
                {
                  "name": "Our_Reference",
                  "value": "@outputs('Get_LetterOfSupport_Item')?['body/esamk_ourreference']"
                }
              ]
            },
            "authentication": "@parameters('$authentication')"
          }
        },
        "Update_D365_with_EnvelopeID": {
          "runAfter": {
            "Initialize_variable_-_Envelope_ID": [
              "Succeeded"
            ]
          },
          "metadata": {
            "operationMetadataId": "9a972e67-ef00-44ce-95e5-b083ffb6d6ad"
          },
          "type": "OpenApiConnection",
          "inputs": {
            "host": {
              "connectionName": "shared_commondataserviceforapps",
              "operationId": "UpdateOnlyRecord",
              "apiId": "/providers/Microsoft.PowerApps/apis/shared_commondataserviceforapps"
            },
            "parameters": {
              "entityName": "esamk_letterofsupport1s",
              "recordId": "@outputs('Get_LetterOfSupport_Item')?['body/esamk_letterofsupport1id']",
              "item/esamk_docusignstatus": 305290004,
              "item/esamk_dtcreated": "@utcNow()",
              "item/esamk_envelopeid": "@variables('Envelope ID')"
            },
            "authentication": "@parameters('$authentication')"
          }
        },
        "Get_Member_State": {
          "runAfter": {
            "Reset_Submit_to_Sent": [
              "Succeeded"
            ]
          },
          "metadata": {
            "operationMetadataId": "87d22c86-3deb-45b8-a491-21cef35d75ba"
          },
          "type": "OpenApiConnection",
          "inputs": {
            "host": {
              "connectionName": "shared_commondataserviceforapps",
              "operationId": "GetItem",
              "apiId": "/providers/Microsoft.PowerApps/apis/shared_commondataserviceforapps"
            },
            "parameters": {
              "entityName": "esamk_memberstates",
              "recordId": "@outputs('Get_LetterOfSupport_Item')?['body/_esamk_memberstate_value']"
            },
            "authentication": "@parameters('$authentication')"
          }
        },
        "Get_Activity_Code": {
          "runAfter": {
            "Get_Member_State": [
              "Succeeded"
            ]
          },
          "metadata": {
            "operationMetadataId": "37749f31-efcb-4847-8320-007f6d47881e"
          },
          "type": "OpenApiConnection",
          "inputs": {
            "host": {
              "connectionName": "shared_commondataserviceforapps",
              "operationId": "GetItem",
              "apiId": "/providers/Microsoft.PowerApps/apis/shared_commondataserviceforapps"
            },
            "parameters": {
              "entityName": "esamk_activityrecords",
              "recordId": "@outputs('Get_LetterOfSupport_Item')?['body/_esamk_activityrecord_value']"
            },
            "authentication": "@parameters('$authentication')"
          }
        },
        "Update_a_row_2": {
          "runAfter": {
            "Send_envelope": [
              "Failed"
            ]
          },
          "metadata": {
            "operationMetadataId": "ed283cbd-2e1a-4e48-9bdb-01cfbf140605"
          },
          "type": "OpenApiConnection",
          "inputs": {
            "host": {
              "connectionName": "shared_commondataserviceforapps",
              "operationId": "UpdateOnlyRecord",
              "apiId": "/providers/Microsoft.PowerApps/apis/shared_commondataserviceforapps"
            },
            "parameters": {
              "entityName": "esamk_letterofsupport1s",
              "recordId": "@outputs('Get_LetterOfSupport_Item')?['body/esamk_letterofsupport1id']",
              "item/esamk_docusignstatus": 305290005,
              "item/esamk_envelopeid": "@variables('Envelope ID')"
            },
            "authentication": "@parameters('$authentication')"
          }
        },
        "Send_an_email_(V2)": {
          "runAfter": {
            "Update_a_row_2": [
              "Succeeded"
            ]
          },
          "metadata": {
            "operationMetadataId": "914849d2-cf7e-48cb-8a38-1b3db53b9478"
          },
          "type": "OpenApiConnection",
          "inputs": {
            "host": {
              "connectionName": "shared_office365_1",
              "operationId": "SendEmailV2",
              "apiId": "/providers/Microsoft.PowerApps/apis/shared_office365"
            },
            "parameters": {
              "emailMessage/To": "mike.kolling@dynamics247.net",
              "emailMessage/Subject": "Flow Failed - ESA Letter of Support",
              "emailMessage/Body": "<p>Envelope ID: @{variables('Envelope ID')}<br>\n<br>\nEnvelope Status: Completed<br>\n<br>\nFlow Name: ESA Letter of Support<br>\n<br>\nUse Case Flow: ESA Letter of Support<br>\n<br>\nAccount: ESA Demo Account</p>",
              "emailMessage/Importance": "Normal"
            },
            "authentication": "@parameters('$authentication')"
          }
        },
        "Get_Company_from_Accounts": {
          "runAfter": {
            "Get_Activity_Code": [
              "Succeeded"
            ]
          },
          "metadata": {
            "operationMetadataId": "099074f3-dba3-4558-b536-d598a2d6472a"
          },
          "type": "OpenApiConnection",
          "inputs": {
            "host": {
              "connectionName": "shared_commondataserviceforapps",
              "operationId": "GetItem",
              "apiId": "/providers/Microsoft.PowerApps/apis/shared_commondataserviceforapps"
            },
            "parameters": {
              "entityName": "accounts",
              "recordId": "@outputs('Get_LetterOfSupport_Item')?['body/_esamk_company_value']"
            },
            "authentication": "@parameters('$authentication')"
          }
        },
        "Initialize_variable_Expiry": {
          "runAfter": {
            "Format_number_-_Funding_Amount_Costs": [
              "Succeeded"
            ]
          },
          "metadata": {
            "operationMetadataId": "5979ae9d-e0f2-44d5-acf4-8f80d0432a2a"
          },
          "type": "InitializeVariable",
          "inputs": {
            "variables": [
              {
                "name": "ExpiryNoMonths",
                "type": "integer"
              }
            ]
          }
        },
        "Condition": {
          "actions": {
            "Expiry=6": {
              "runAfter": {},
              "metadata": {
                "operationMetadataId": "dfc0ea3d-9bdc-4736-a25a-22234cfb9138"
              },
              "type": "SetVariable",
              "inputs": {
                "name": "ExpiryNoMonths",
                "value": 6
              }
            }
          },
          "runAfter": {
            "Initialize_variable_Expiry": [
              "Succeeded"
            ]
          },
          "else": {
            "actions": {
              "Expiry=12": {
                "runAfter": {},
                "metadata": {
                  "operationMetadataId": "c2d0a84c-4758-48d0-8f8d-820784ee00a6"
                },
                "type": "SetVariable",
                "inputs": {
                  "name": "ExpiryNoMonths",
                  "value": 12
                }
              }
            }
          },
          "expression": {
            "equals": [
              "@outputs('Get_LetterOfSupport_Item')?['body/esamk_losexpirymonths']",
              305290000
            ]
          },
          "metadata": {
            "operationMetadataId": "2a9dab2e-c115-4886-9feb-228433139921"
          },
          "type": "If"
        },
        "Format_number_-_Funding_Amount_Costs": {
          "runAfter": {
            "Format_number_-_Funding_Amount": [
              "Succeeded"
            ]
          },
          "metadata": {
            "operationMetadataId": "3da8ecf3-77dd-4b42-bbbb-426cb272b4b4"
          },
          "type": "Expression",
          "kind": "FormatNumber",
          "inputs": {
            "number": "@add(mul(outputs('Get_LetterOfSupport_Item')?['body/esamk_authorisedfunding'],0.1765),outputs('Get_LetterOfSupport_Item')?['body/esamk_authorisedfunding'])",
            "format": "###,###,###"
          }
        },
        "Reset_Submit_to_Sent": {
          "runAfter": {
            "Get_LetterOfSupport_Item": [
              "Succeeded"
            ]
          },
          "metadata": {
            "operationMetadataId": "4dd84486-7f4d-40cf-a5e6-e00876baa404"
          },
          "type": "OpenApiConnection",
          "inputs": {
            "host": {
              "connectionName": "shared_commondataserviceforapps",
              "operationId": "UpdateOnlyRecord",
              "apiId": "/providers/Microsoft.PowerApps/apis/shared_commondataserviceforapps"
            },
            "parameters": {
              "entityName": "esamk_letterofsupport1s",
              "recordId": "@outputs('Get_LetterOfSupport_Item')?['body/esamk_letterofsupport1id']",
              "item/esamk_submit": "Sent"
            },
            "authentication": "@parameters('$authentication')"
          }
        },
        "Update_a_row": {
          "runAfter": {
            "UpdateBPFStageToSent": [
              "Succeeded"
            ]
          },
          "metadata": {
            "operationMetadataId": "9a972e67-ef00-44ce-95e5-b083ffb6d6ad"
          },
          "type": "OpenApiConnection",
          "inputs": {
            "host": {
              "connectionName": "shared_commondataserviceforapps",
              "operationId": "UpdateOnlyRecord",
              "apiId": "/providers/Microsoft.PowerApps/apis/shared_commondataserviceforapps"
            },
            "parameters": {
              "entityName": "esamk_letterofsupport1s",
              "recordId": "@outputs('Get_LetterOfSupport_Item')?['body/esamk_letterofsupport1id']",
              "item/esamk_docusignstatus": 305290001,
              "item/esamk_dtsent": "@utcNow()",
              "item/esamk_envelopeid": "@variables('Envelope ID')"
            },
            "authentication": "@parameters('$authentication')"
          }
        },
        "Get_BPF": {
          "runAfter": {
            "Send_envelope": [
              "Succeeded"
            ]
          },
          "metadata": {
            "operationMetadataId": "5a25d1eb-93ae-43f6-8501-81f60fb1dbc4"
          },
          "type": "OpenApiConnection",
          "inputs": {
            "host": {
              "connectionName": "shared_commondataserviceforapps",
              "operationId": "ListRecords",
              "apiId": "/providers/Microsoft.PowerApps/apis/shared_commondataserviceforapps"
            },
            "parameters": {
              "entityName": "esamk_letterofsupportprocesses",
              "$select": "businessprocessflowinstanceid,_processid_value",
              "$filter": "_bpf_esamk_letterofsupport1id_value eq @{outputs('Get_LetterOfSupport_Item')?['body/esamk_letterofsupport1id']}",
              "$top": 1
            },
            "authentication": "@parameters('$authentication')"
          }
        },
        "UpdateBPFStageToSent": {
          "runAfter": {
            "GetProcessStage": [
              "Succeeded"
            ]
          },
          "metadata": {
            "operationMetadataId": "a3657df6-2ac6-4942-9460-2b68b87c8845"
          },
          "type": "OpenApiConnection",
          "inputs": {
            "host": {
              "connectionName": "shared_commondataserviceforapps",
              "operationId": "UpdateOnlyRecord",
              "apiId": "/providers/Microsoft.PowerApps/apis/shared_commondataserviceforapps"
            },
            "parameters": {
              "entityName": "esamk_letterofsupportprocesses",
              "recordId": "@first(outputs('Get_BPF')?['body/value'])?['businessprocessflowinstanceid']",
              "item/activestageid@odata.bind": "processstages(@{first(outputs('GetProcessStage')?['body/value'])?['processstageid']})",
              "item/statecode": 0,
              "item/statuscode": 1
            },
            "authentication": "@parameters('$authentication')"
          }
        },
        "GetProcessStage": {
          "runAfter": {
            "Get_BPF": [
              "Succeeded"
            ]
          },
          "metadata": {
            "operationMetadataId": "e6830b9c-e015-4734-adce-fc301aa9b941"
          },
          "type": "OpenApiConnection",
          "inputs": {
            "host": {
              "connectionName": "shared_commondataserviceforapps",
              "operationId": "ListRecords",
              "apiId": "/providers/Microsoft.PowerApps/apis/shared_commondataserviceforapps"
            },
            "parameters": {
              "entityName": "processstages",
              "$filter": "_processid_value eq  @{first(outputs('Get_BPF')?['body/value'])?['_processid_value']}   and stagename eq 'Sent To Docusign'",
              "$top": 1
            },
            "authentication": "@parameters('$authentication')"
          }
        }
      },
      "outputs": {}
    },
    "templateName": ""
  },
  "schemaVersion": "1.0.0.0"
}