{
  "properties": {
    "connectionReferences": {
      "shared_commondataserviceforapps": {
        "runtimeSource": "embedded",
        "connection": {
          "connectionReferenceLogicalName": "esamk_sharedcommondataserviceforapps_23f36"
        },
        "api": {
          "name": "shared_commondataserviceforapps"
        }
      }
    },
    "definition": {
      "$schema": "https://schema.management.azure.com/providers/Microsoft.Logic/schemas/2016-06-01/workflowdefinition.json#",
      "contentVersion": "1.0.0.0",
      "parameters": {
        "$connections": {
          "defaultValue": {},
          "type": "Object"
        },
        "$authentication": {
          "defaultValue": {},
          "type": "SecureObject"
        },
        "BaseURL (esamk_BaseURL)": {
          "defaultValue": "https://scaleupdev.crm4.dynamics.com/",
          "type": "String",
          "metadata": {
            "schemaName": "esamk_BaseURL"
          }
        }
      },
      "triggers": {
        "When_a_row_is_added,_modified_or_deleted": {
          "metadata": {
            "operationMetadataId": "349b4dbf-ebf4-47c4-9d80-26d0d855a0ec"
          },
          "type": "OpenApiConnectionWebhook",
          "inputs": {
            "host": {
              "connectionName": "shared_commondataserviceforapps",
              "operationId": "SubscribeWebhookTrigger",
              "apiId": "/providers/Microsoft.PowerApps/apis/shared_commondataserviceforapps"
            },
            "parameters": {
              "subscriptionRequest/message": 4,
              "subscriptionRequest/entityname": "esamk_letterofsupport1",
              "subscriptionRequest/scope": 4,
              "subscriptionRequest/filteringattributes": "esamk_memberstate"
            },
            "authentication": "@parameters('$authentication')"
          }
        }
      },
      "actions": {
        "Find_Specifiers_from_member_State": {
          "runAfter": {},
          "metadata": {
            "operationMetadataId": "a838f49a-28c5-4c70-8321-9d1590c9b3f7"
          },
          "type": "OpenApiConnection",
          "inputs": {
            "host": {
              "connectionName": "shared_commondataserviceforapps",
              "operationId": "ListRecords",
              "apiId": "/providers/Microsoft.PowerApps/apis/shared_commondataserviceforapps"
            },
            "parameters": {
              "entityName": "esamk_lut_specifierses",
              "$filter": "_esamk_memberstate_value  eq '@{triggerOutputs()?['body/_esamk_memberstate_value']}'"
            },
            "authentication": "@parameters('$authentication')"
          }
        },
        "Count_of_Rows": {
          "runAfter": {
            "Find_Specifiers_from_member_State": [
              "Succeeded"
            ]
          },
          "metadata": {
            "operationMetadataId": "5eb91363-f1bb-4fb3-aafc-f6294bc35293"
          },
          "type": "Compose",
          "inputs": "@length(outputs('Find_Specifiers_from_member_State')?['body/value'])\r\n"
        },
        "Condition": {
          "actions": {
            "Compose_Relate_With": {
              "runAfter": {},
              "metadata": {
                "operationMetadataId": "9e09144d-c7bf-4356-8fbc-d3b9c008702b"
              },
              "type": "Compose",
              "inputs": "@json(concat(\r\n  '{ \"@odata.id\": \"',\r\n  outputs('BaseURL'),\r\n  '/api/data/v9.1/esamk_lut_specifiers(',\r\n  first(outputs('Find_Specifiers_from_member_State')?['body/value'])?['esamk_lut_specifiersid'],\r\n  ')\" }'\r\n))\r\n"
            },
            "Relate_rows": {
              "runAfter": {
                "Compose_Relate_With": [
                  "Succeeded"
                ]
              },
              "metadata": {
                "operationMetadataId": "54258cab-327f-4f47-9ac6-ecbf6d17827d"
              },
              "type": "OpenApiConnection",
              "inputs": {
                "host": {
                  "connectionName": "shared_commondataserviceforapps",
                  "operationId": "AssociateEntities",
                  "apiId": "/providers/Microsoft.PowerApps/apis/shared_commondataserviceforapps"
                },
                "parameters": {
                  "entityName": "esamk_letterofsupport1s",
                  "recordId": "@triggerOutputs()?['body/esamk_letterofsupport1id']",
                  "associationEntityRelationship": "esamk_LetterOfSupport1_esamk_lut_specifiers_esamk_lut_specifiers",
                  "item/@odata.id": "@outputs('Compose_full_URL')"
                },
                "authentication": "@parameters('$authentication')"
              }
            }
          },
          "runAfter": {
            "Compose_full_URL": [
              "Succeeded"
            ]
          },
          "expression": {
            "equals": [
              "@outputs('Count_of_Rows')",
              1
            ]
          },
          "metadata": {
            "operationMetadataId": "85e2a9d0-aad7-4875-aaf5-0ec715fc4d46"
          },
          "type": "If"
        },
        "BaseURL": {
          "runAfter": {
            "Count_of_Rows": [
              "Succeeded"
            ]
          },
          "metadata": {
            "operationMetadataId": "dac6590f-2b68-41c7-815f-c4b74ca2103c"
          },
          "type": "Compose",
          "inputs": "@parameters('BaseURL (esamk_BaseURL)')"
        },
        "Compose_full_URL": {
          "runAfter": {
            "BaseURL": [
              "Succeeded"
            ]
          },
          "metadata": {
            "operationMetadataId": "6fda29e2-076f-4ffe-9d1d-0b642ed58d6e"
          },
          "type": "Compose",
          "inputs": "@concat(\r\n  outputs('BaseURL'),\r\n  '/api/data/v9.1/esamk_lut_specifierses(',\r\n  first(outputs('Find_Specifiers_from_member_State')?['body/value'])?['esamk_lut_specifiersid'],\r\n  ')'\r\n)\r\n"
        }
      }
    },
    "templateName": ""
  },
  "schemaVersion": "1.0.0.0"
}