{
  "properties": {
    "connectionReferences": {
      "shared_commondataserviceforapps": {
        "runtimeSource": "embedded",
        "connection": {
          "connectionReferenceLogicalName": "esamk_sharedcommondataserviceforapps_23f36"
        },
        "api": {
          "name": "shared_commondataserviceforapps"
        }
      }
    },
    "definition": {
      "$schema": "https://schema.management.azure.com/providers/Microsoft.Logic/schemas/2016-06-01/workflowdefinition.json#",
      "contentVersion": "1.0.0.0",
      "parameters": {
        "$connections": {
          "defaultValue": {},
          "type": "Object"
        },
        "$authentication": {
          "defaultValue": {},
          "type": "SecureObject"
        }
      },
      "triggers": {
        "Trigger": {
          "metadata": {
            "operationMetadataId": "2c72e462-1585-48b3-aba6-b61f9b21da1d"
          },
          "type": "OpenApiConnectionWebhook",
          "inputs": {
            "host": {
              "connectionName": "shared_commondataserviceforapps",
              "operationId": "SubscribeWebhookTrigger",
              "apiId": "/providers/Microsoft.PowerApps/apis/shared_commondataserviceforapps"
            },
            "parameters": {
              "subscriptionRequest/message": 3,
              "subscriptionRequest/entityname": "esamk_letterofsupport1",
              "subscriptionRequest/scope": 4,
              "subscriptionRequest/filteringattributes": "modifiedby"
            },
            "authentication": "@parameters('$authentication')"
          }
        }
      },
      "actions": {
        "Get_User_Details": {
          "runAfter": {},
          "metadata": {
            "operationMetadataId": "4c250ab3-15be-4ef2-9980-f54b248f36c9"
          },
          "type": "OpenApiConnection",
          "inputs": {
            "host": {
              "connectionName": "shared_commondataserviceforapps",
              "operationId": "GetItem",
              "apiId": "/providers/Microsoft.PowerApps/apis/shared_commondataserviceforapps"
            },
            "parameters": {
              "entityName": "systemusers",
              "recordId": "@triggerOutputs()?['body/_modifiedby_value']"
            },
            "authentication": "@parameters('$authentication')"
          }
        },
        "Condition": {
          "actions": {
            "Update_a_row": {
              "runAfter": {},
              "metadata": {
                "operationMetadataId": "4e4b8d0d-d5e7-49db-92c4-b545ba2db0c2"
              },
              "type": "OpenApiConnection",
              "inputs": {
                "host": {
                  "connectionName": "shared_commondataserviceforapps",
                  "operationId": "UpdateOnlyRecord",
                  "apiId": "/providers/Microsoft.PowerApps/apis/shared_commondataserviceforapps"
                },
                "parameters": {
                  "entityName": "esamk_letterofsupport1s",
                  "recordId": "@triggerOutputs()?['body/esamk_letterofsupport1id']",
                  "item/esamk_submitteremail": "@outputs('Get_User_Details')?['body/internalemailaddress']",
                  "item/esamk_submittername": "@outputs('Get_User_Details')?['body/fullname']",
                  "item/esamk_telephone": "@outputs('Get_User_Details')?['body/preferredphonecode']"
                },
                "authentication": "@parameters('$authentication')"
              }
            }
          },
          "runAfter": {
            "Get_User_Details": [
              "Succeeded"
            ]
          },
          "expression": {
            "equals": [
              "@empty(triggerOutputs()?['body/esamk_submittername'])",
              true
            ]
          },
          "metadata": {
            "operationMetadataId": "5fc135da-bfc7-416e-bee7-af104a250fcf"
          },
          "type": "If"
        }
      }
    },
    "templateName": ""
  },
  "schemaVersion": "1.0.0.0"
}