{"name":"d5830755-35f1-41f9-bc67-e0e0ec8e7dcb","id":"/providers/Microsoft.Flow/flows/d5830755-35f1-41f9-bc67-e0e0ec8e7dcb","type":"Microsoft.Flow/flows","properties":{"apiId":"/providers/Microsoft.PowerApps/apis/shared_logicflows","displayName":"Copy Files from OneDrive to D365","definition":{"metadata":{"workflowEntityId":null,"processAdvisorMetadata":null,"flowChargedByPaygo":null,"flowclientsuspensionreason":"None","flowclientsuspensiontime":null,"flowclientsuspensionreasondetails":null,"creator":{"id":"c31b2836-ab4e-4d0d-bd12-d12b6ea5b2f8","type":"User","tenantId":"9a5cacd0-2bef-4dd7-ac5c-7ebe1f54f495"},"provisioningMethod":"FromDefinition","failureAlertSubscription":true,"clientLastModifiedTime":"2025-01-24T16:42:43.6424853Z","connectionKeySavedTimeKey":"2025-01-24T16:42:43.6424853Z"},"$schema":"https://schema.management.azure.com/providers/Microsoft.Logic/schemas/2016-06-01/workflowdefinition.json#","contentVersion":"undefined","parameters":{"$authentication":{"defaultValue":{},"type":"SecureObject"},"$connections":{"defaultValue":{},"type":"Object"}},"triggers":{"manual":{"type":"Request","kind":"Button","inputs":{"schema":{"type":"object","properties":{},"required":[]}}}},"actions":{"List_files_in_folder":{"runAfter":{},"metadata":{"6e202211-2856-4d17-9ded-5beb8b8626b0":"/","b!r1qo4SRMv02Iy5Y4nOwHAxBxBPZOLyRFuLRCpDc-Kzzo445WnZCfRpzRNXB2bhVr.01STH5PJUWPX2XYGX2ZBGLQTKPQT3J5I55":"/Test"},"type":"OpenApiConnection","inputs":{"parameters":{"id":"b!r1qo4SRMv02Iy5Y4nOwHAxBxBPZOLyRFuLRCpDc-Kzzo445WnZCfRpzRNXB2bhVr.01STH5PJUWPX2XYGX2ZBGLQTKPQT3J5I55"},"host":{"apiId":"/providers/Microsoft.PowerApps/apis/shared_onedriveforbusiness","connectionName":"shared_onedriveforbusiness","operationId":"ListFolderV2"},"authentication":{"value":"@json(decodeBase64(triggerOutputs().headers['X-MS-APIM-Tokens']))['$ConnectionKey']","type":"Raw"}}},"For_Each_File_in_Folder":{"foreach":"@outputs('List_files_in_folder')?['body/value']","actions":{"Get_file_content":{"type":"OpenApiConnection","inputs":{"parameters":{"id":"@item()?['Path']","inferContentType":true},"host":{"apiId":"/providers/Microsoft.PowerApps/apis/shared_onedriveforbusiness","connectionName":"shared_onedriveforbusiness","operationId":"GetFileContent"},"authentication":{"value":"@json(decodeBase64(triggerOutputs().headers['X-MS-APIM-Tokens']))['$ConnectionKey']","type":"Raw"}}},"List_rows":{"runAfter":{"Get_file_content":["Succeeded"]},"type":"OpenApiConnection","inputs":{"parameters":{"entityName":"esamk_letterofsupport1s","$filter":"contains(description,'A')"},"host":{"apiId":"/providers/Microsoft.PowerApps/apis/shared_commondataserviceforapps","connectionName":"shared_commondataserviceforapps","operationId":"ListRecords"},"authentication":"@parameters('$authentication')"}},"UploadsFilesofLOS":{"foreach":"@outputs('List_rows')?['body/value']","actions":{"Create_file":{"type":"OpenApiConnection","inputs":{"parameters":{"dataset":"https://esait.sharepoint.com/sites/LetterofSupportDev/LOS2","folderPath":"@Concat('/esamk_letterofsupport1/',items('UploadsFilesofLOS')?['description'],\r\n'_',\r\nReplace(items('UploadsFilesofLOS')?['esamk_LetterOfSupport1Id'],'-','')\r\n)\r\n","name":"@item()?['Name']","body":"@body('Get_file_content')"},"host":{"apiId":"/providers/Microsoft.PowerApps/apis/shared_sharepointonline","connectionName":"shared_sharepointonline","operationId":"CreateFile"},"authentication":{"value":"@json(decodeBase64(triggerOutputs().headers['X-MS-APIM-Tokens']))['$ConnectionKey']","type":"Raw"}},"runtimeConfiguration":{"contentTransfer":{"transferMode":"Chunked"}}}},"runAfter":{"List_rows":["Succeeded"]},"type":"Foreach"}},"runAfter":{"List_files_in_folder":["Succeeded"]},"type":"Foreach"}}},"connectionReferences":{"shared_onedriveforbusiness":{"connectionName":"shared-onedriveforbu-083e5b17-4c1c-4f4e-964b-1868ea29b31d","source":"Invoker","id":"/providers/Microsoft.PowerApps/apis/shared_onedriveforbusiness","tier":"NotSpecified","apiName":"onedriveforbusiness"},"shared_commondataserviceforapps":{"connectionName":"shared-commondataser-56b7a840-cdb6-4c16-80d8-4e3d0d164062","source":"Embedded","id":"/providers/Microsoft.PowerApps/apis/shared_commondataserviceforapps","tier":"NotSpecified","apiName":"commondataserviceforapps"},"shared_sharepointonline":{"connectionName":"shared-sharepointonl-24c5cf33-b546-4a83-abd0-b9e66db684a0","source":"Invoker","id":"/providers/Microsoft.PowerApps/apis/shared_sharepointonline","tier":"NotSpecified","apiName":"sharepointonline"}},"flowFailureAlertSubscribed":false,"isManaged":false}}