<ImportExportXml version="9.2.25095.163" SolutionPackageVersion="9.2" languagecode="1033" generatedBy="CrmLive" xmlns:xsi="http://www.w3.org/2001/XMLSchema-instance" OrganizationVersion="9.2.25095.163" OrganizationSchemaType="Full" CRMServerServiceabilityVersion="9.2.25095.00163">
  <SolutionManifest>
    <UniqueName>LOS_Ribbon</UniqueName>
    <LocalizedNames>
      <LocalizedName description="LOS_Ribbon" languagecode="1033" />
    </LocalizedNames>
    <Descriptions />
    <Version>1.0.0.9</Version>
    <Managed>0</Managed>
    <Publisher>
      <UniqueName>ESA</UniqueName>
      <LocalizedNames>
        <LocalizedName description="ESA" languagecode="1033" />
      </LocalizedNames>
      <Descriptions />
      <EMailAddress xsi:nil="true"></EMailAddress>
      <SupportingWebsiteUrl xsi:nil="true"></SupportingWebsiteUrl>
      <CustomizationPrefix>esamk</CustomizationPrefix>
      <CustomizationOptionValuePrefix>30529</CustomizationOptionValuePrefix>
      <Addresses>
        <Address>
          <AddressNumber>1</AddressNumber>
          <AddressTypeCode>1</AddressTypeCode>
          <City xsi:nil="true"></City>
          <County xsi:nil="true"></County>
          <Country xsi:nil="true"></Country>
          <Fax xsi:nil="true"></Fax>
          <FreightTermsCode xsi:nil="true"></FreightTermsCode>
          <ImportSequenceNumber xsi:nil="true"></ImportSequenceNumber>
          <Latitude xsi:nil="true"></Latitude>
          <Line1 xsi:nil="true"></Line1>
          <Line2 xsi:nil="true"></Line2>
          <Line3 xsi:nil="true"></Line3>
          <Longitude xsi:nil="true"></Longitude>
          <Name xsi:nil="true"></Name>
          <PostalCode xsi:nil="true"></PostalCode>
          <PostOfficeBox xsi:nil="true"></PostOfficeBox>
          <PrimaryContactName xsi:nil="true"></PrimaryContactName>
          <ShippingMethodCode>1</ShippingMethodCode>
          <StateOrProvince xsi:nil="true"></StateOrProvince>
          <Telephone1 xsi:nil="true"></Telephone1>
          <Telephone2 xsi:nil="true"></Telephone2>
          <Telephone3 xsi:nil="true"></Telephone3>
          <TimeZoneRuleVersionNumber xsi:nil="true"></TimeZoneRuleVersionNumber>
          <UPSZone xsi:nil="true"></UPSZone>
          <UTCOffset xsi:nil="true"></UTCOffset>
          <UTCConversionTimeZoneCode xsi:nil="true"></UTCConversionTimeZoneCode>
        </Address>
        <Address>
          <AddressNumber>2</AddressNumber>
          <AddressTypeCode>1</AddressTypeCode>
          <City xsi:nil="true"></City>
          <County xsi:nil="true"></County>
          <Country xsi:nil="true"></Country>
          <Fax xsi:nil="true"></Fax>
          <FreightTermsCode xsi:nil="true"></FreightTermsCode>
          <ImportSequenceNumber xsi:nil="true"></ImportSequenceNumber>
          <Latitude xsi:nil="true"></Latitude>
          <Line1 xsi:nil="true"></Line1>
          <Line2 xsi:nil="true"></Line2>
          <Line3 xsi:nil="true"></Line3>
          <Longitude xsi:nil="true"></Longitude>
          <Name xsi:nil="true"></Name>
          <PostalCode xsi:nil="true"></PostalCode>
          <PostOfficeBox xsi:nil="true"></PostOfficeBox>
          <PrimaryContactName xsi:nil="true"></PrimaryContactName>
          <ShippingMethodCode>1</ShippingMethodCode>
          <StateOrProvince xsi:nil="true"></StateOrProvince>
          <Telephone1 xsi:nil="true"></Telephone1>
          <Telephone2 xsi:nil="true"></Telephone2>
          <Telephone3 xsi:nil="true"></Telephone3>
          <TimeZoneRuleVersionNumber xsi:nil="true"></TimeZoneRuleVersionNumber>
          <UPSZone xsi:nil="true"></UPSZone>
          <UTCOffset xsi:nil="true"></UTCOffset>
          <UTCConversionTimeZoneCode xsi:nil="true"></UTCConversionTimeZoneCode>
        </Address>
      </Addresses>
    </Publisher>
    <RootComponents>
      <RootComponent type="1" schemaName="esamk_letterofsupport1" behavior="0" />
      <RootComponent type="60" id="{cc4ffcad-63da-ef11-8eea-000d3ab1b72b}" />
    </RootComponents>
    <MissingDependencies>
      <MissingDependency>
        <Required type="1" schemaName="esamk_letterofsupportprocess" displayName="Letter of Support Process" solution="Active" />
        <Dependent type="1" schemaName="esamk_letterofsupport1" displayName="AuthorisationOfFunding" />
      </MissingDependency>
      <MissingDependency>
        <Required type="1" schemaName="esamk_lut_domain" displayName="Domain" solution="Active" />
        <Dependent type="60" displayName="New Main Form" parentDisplayName="AuthorisationOfFunding" id="{2bb3b08d-f9f8-ef11-bae2-002248a05bc5}" />
      </MissingDependency>
      <MissingDependency>
        <Required type="1" schemaName="esamk_lut_programme" displayName="Programme" solution="Active" />
        <Dependent type="60" displayName="New Main Form" parentDisplayName="AuthorisationOfFunding" id="{2bb3b08d-f9f8-ef11-bae2-002248a05bc5}" />
      </MissingDependency>
      <MissingDependency>
        <Required type="1" schemaName="esamk_lut_programme_component" displayName="lut_programme_component" solution="Active" />
        <Dependent type="60" displayName="New Main Form" parentDisplayName="AuthorisationOfFunding" id="{2bb3b08d-f9f8-ef11-bae2-002248a05bc5}" />
      </MissingDependency>
      <MissingDependency>
        <Required type="1" schemaName="esamk_lut_programme_element" displayName="lut_programme_element" solution="Active" />
        <Dependent type="60" displayName="New Main Form" parentDisplayName="AuthorisationOfFunding" id="{2bb3b08d-f9f8-ef11-bae2-002248a05bc5}" />
      </MissingDependency>
      <MissingDependency>
        <Required type="10" schemaName="esamk_lut_programme_esamk_lut_domain_esamk_lut_domain" displayName="esamk_lut_programme_esamk_lut_domain_esamk_lut_domain" parentSchemaName="esamk_lut_domain" parentDisplayName="Domain" solution="Active" />
        <Dependent type="60" displayName="New Main Form" parentDisplayName="AuthorisationOfFunding" id="{2bb3b08d-f9f8-ef11-bae2-002248a05bc5}" />
      </MissingDependency>
      <MissingDependency>
        <Required type="10" schemaName="esamk_lut_programme_element_esamk_lut_programme_esamk_lut_programme" displayName="esamk_lut_programme_element_esamk_lut_programme_esamk_lut_programme" parentSchemaName="esamk_lut_programme" parentDisplayName="Programme" solution="Active" />
        <Dependent type="60" displayName="New Main Form" parentDisplayName="AuthorisationOfFunding" id="{2bb3b08d-f9f8-ef11-bae2-002248a05bc5}" />
      </MissingDependency>
      <MissingDependency>
        <Required type="10" schemaName="esamk_lut_activity_esamk_lut_programme_component_esamk_lut_programme_component" displayName="esamk_lut_activity_esamk_lut_programme_component_esamk_lut_programme_component" parentSchemaName="esamk_lut_programme_component" parentDisplayName="lut_programme_component" solution="Active" />
        <Dependent type="60" displayName="New Main Form" parentDisplayName="AuthorisationOfFunding" id="{2bb3b08d-f9f8-ef11-bae2-002248a05bc5}" />
      </MissingDependency>
      <MissingDependency>
        <Required type="10" schemaName="esamk_lut_programme_component_esamk_lut_programme_element_esamk_lut_programme_element" displayName="esamk_lut_programme_component_esamk_lut_programme_element_esamk_lut_programme_element" parentSchemaName="esamk_lut_programme_element" parentDisplayName="lut_programme_element" solution="Active" />
        <Dependent type="60" displayName="New Main Form" parentDisplayName="AuthorisationOfFunding" id="{2bb3b08d-f9f8-ef11-bae2-002248a05bc5}" />
      </MissingDependency>
      <MissingDependency>
        <Required type="2" schemaName="esamk_name" displayName="name" parentSchemaName="esamk_lut_activity" parentDisplayName="Activity" solution="Active" />
        <Dependent type="10" schemaName="esamk_LetterOfSupport1_esamk_lut_activity_esamk_lut_activity" displayName="esamk_LetterOfSupport1_esamk_lut_activity_esamk_lut_activity" parentSchemaName="esamk_lut_activity" parentDisplayName="Activity" />
      </MissingDependency>
      <MissingDependency>
        <Required type="2" schemaName="esamk_name" displayName="name" parentSchemaName="esamk_lut_domain" parentDisplayName="Domain" solution="Active" />
        <Dependent type="10" schemaName="esamk_LetterOfSupport1_esamk_lut_domain_esamk_lut_domain" displayName="esamk_LetterOfSupport1_esamk_lut_domain_esamk_lut_domain" parentSchemaName="esamk_lut_domain" parentDisplayName="Domain" />
      </MissingDependency>
      <MissingDependency>
        <Required type="2" schemaName="esamk_name" displayName="name" parentSchemaName="esamk_lut_programme" parentDisplayName="Programme" solution="Active" />
        <Dependent type="10" schemaName="esamk_LetterOfSupport1_esamk_lut_programme_esamk_lut_programme" displayName="esamk_LetterOfSupport1_esamk_lut_programme_esamk_lut_programme" parentSchemaName="esamk_lut_programme" parentDisplayName="Programme" />
      </MissingDependency>
      <MissingDependency>
        <Required type="2" schemaName="esamk_name" displayName="name" parentSchemaName="esamk_lut_programme_component" parentDisplayName="lut_programme_component" solution="Active" />
        <Dependent type="10" schemaName="esamk_LetterOfSupport1_esamk_lut_programme_component_esamk_lut_programme_component" displayName="esamk_LetterOfSupport1_esamk_lut_programme_component_esamk_lut_programme_component" parentSchemaName="esamk_lut_programme_component" parentDisplayName="lut_programme_component" />
      </MissingDependency>
      <MissingDependency>
        <Required type="2" schemaName="esamk_name" displayName="name" parentSchemaName="esamk_lut_programme_element" parentDisplayName="lut_programme_element" solution="Active" />
        <Dependent type="10" schemaName="esamk_LetterOfSupport1_esamk_lut_programme_element_esamk_lut_programme_element" displayName="esamk_LetterOfSupport1_esamk_lut_programme_element_esamk_lut_programme_element" parentSchemaName="esamk_lut_programme_element" parentDisplayName="lut_programme_element" />
      </MissingDependency>
      <MissingDependency>
        <Required type="2" schemaName="esamk_countryname" displayName="Country Name" parentSchemaName="esamk_memberstate" parentDisplayName="Member State" solution="Active" />
        <Dependent type="10" schemaName="esamk_LetterOfSupport1_esamk_MemberState_esamk_MemberState" displayName="esamk_LetterOfSupport1_esamk_MemberState_esamk_MemberState" parentSchemaName="esamk_memberstate" parentDisplayName="Member State" />
      </MissingDependency>
      <MissingDependency>
        <Required type="60" displayName="Programme Legal" parentDisplayName="Activity" solution="Active" id="{54a0c506-9ffa-ef11-bae2-7c1e52350c34}" />
        <Dependent type="60" displayName="New Main Form" parentDisplayName="AuthorisationOfFunding" id="{2bb3b08d-f9f8-ef11-bae2-002248a05bc5}" />
      </MissingDependency>
      <MissingDependency>
        <Required type="61" schemaName="crecc_functionSetOwnerAndTriggerFlowexe" displayName="crecc_functionSetOwnerAndTriggerFlowexe" solution="Active" />
        <Dependent type="60" displayName="New Main Form" parentDisplayName="AuthorisationOfFunding" id="{2bb3b08d-f9f8-ef11-bae2-002248a05bc5}" />
      </MissingDependency>
      <MissingDependency>
        <Required type="61" schemaName="crecc_functionUpdateOwnerAndBusinessUnit" displayName="crecc_functionUpdateOwnerAndBusinessUnit" solution="Active" />
        <Dependent type="60" displayName="New Main Form" parentDisplayName="AuthorisationOfFunding" id="{2bb3b08d-f9f8-ef11-bae2-002248a05bc5}" />
      </MissingDependency>
      <MissingDependency>
        <Required type="61" schemaName="crecc_getuser1" displayName="crecc_getuser1" solution="Active" />
        <Dependent type="60" displayName="New Main Form" parentDisplayName="AuthorisationOfFunding" id="{2bb3b08d-f9f8-ef11-bae2-002248a05bc5}" />
      </MissingDependency>
      <MissingDependency>
        <Required type="61" schemaName="crecc_SetOwningBusinessUnit" displayName="crecc_SetOwningBusinessUnit" solution="Active" />
        <Dependent type="60" displayName="New Main Form" parentDisplayName="AuthorisationOfFunding" id="{2bb3b08d-f9f8-ef11-bae2-002248a05bc5}" />
      </MissingDependency>
      <MissingDependency>
        <Required type="61" schemaName="esamk_esamk_buttoncontrol" displayName="esamk_esamk_buttoncontrol" solution="Active" />
        <Dependent type="50" schemaName="esamk_letterofsupport1:RibbonDiffXml" displayName="esamk_letterofsupport1:RibbonDiffXml" parentSchemaName="ribboncustomization" parentDisplayName="Application Ribbons" />
      </MissingDependency>
      <MissingDependency>
        <Required type="61" schemaName="esamk_esamk_buttoncontrol" displayName="esamk_esamk_buttoncontrol" solution="Active" />
        <Dependent type="60" displayName="New Main Form" parentDisplayName="AuthorisationOfFunding" id="{2bb3b08d-f9f8-ef11-bae2-002248a05bc5}" />
      </MissingDependency>
      <MissingDependency>
        <Required type="61" schemaName="esamk_esamk_HideDeleteOnSubmit" displayName="esamk_esamk_HideDeleteOnSubmit" solution="Active" />
        <Dependent type="60" displayName="New Main Form" parentDisplayName="AuthorisationOfFunding" id="{2bb3b08d-f9f8-ef11-bae2-002248a05bc5}" />
      </MissingDependency>
      <MissingDependency>
        <Required type="61" schemaName="esamk_functionGetUserexecutionContext" displayName="esamk_functionGetUserexecutionContext" solution="Active" />
        <Dependent type="60" displayName="New Main Form" parentDisplayName="AuthorisationOfFunding" id="{2bb3b08d-f9f8-ef11-bae2-002248a05bc5}" />
      </MissingDependency>
      <MissingDependency>
        <Required type="61" schemaName="esamk_initspecifiersgridvisibility" displayName="esamk_initspecifiersgridvisibility" solution="Active" />
        <Dependent type="60" displayName="New Main Form" parentDisplayName="AuthorisationOfFunding" id="{2bb3b08d-f9f8-ef11-bae2-002248a05bc5}" />
      </MissingDependency>
      <MissingDependency>
        <Required type="61" schemaName="esamk_refreshcanvasapp" displayName="esamk_refreshcanvasapp" solution="Active" />
        <Dependent type="60" displayName="New Main Form" parentDisplayName="AuthorisationOfFunding" id="{2bb3b08d-f9f8-ef11-bae2-002248a05bc5}" />
      </MissingDependency>
      <MissingDependency>
        <Required type="66" schemaName="MscrmControls.Canvas.CanvasControl" displayName="MscrmControls.Canvas.CanvasControl" solution="BaseCustomControlsCore (9.0.2510.1500)">
          <package appName="Base Custom Controls" version="9.0.2510.1500">BaseCustomControlsCore (9.0.2510.1500)</package>
        </Required>
        <Dependent type="60" displayName="New Main Form" parentDisplayName="AuthorisationOfFunding" id="{2bb3b08d-f9f8-ef11-bae2-002248a05bc5}" />
      </MissingDependency>
      <MissingDependency>
        <Required type="66" schemaName="MscrmControls.FieldControls.CheckboxControl" displayName="MscrmControls.FieldControls.CheckboxControl" solution="BaseCustomControlsCore (9.0.2510.1500)">
          <package appName="Base Custom Controls" version="9.0.2510.1500">BaseCustomControlsCore (9.0.2510.1500)</package>
        </Required>
        <Dependent type="60" displayName="New Main Form" parentDisplayName="AuthorisationOfFunding" id="{2bb3b08d-f9f8-ef11-bae2-002248a05bc5}" />
      </MissingDependency>
    </MissingDependencies>
  </SolutionManifest>
</ImportExportXml>