<ImportExportXml version="9.2.25031.216" SolutionPackageVersion="9.2" languagecode="1033" generatedBy="CrmLive" xmlns:xsi="http://www.w3.org/2001/XMLSchema-instance" OrganizationVersion="9.2.25031.216" OrganizationSchemaType="Full" CRMServerServiceabilityVersion="9.2.25031.00216">
  <SolutionManifest>
    <UniqueName>LOS_FLOWS</UniqueName>
    <LocalizedNames>
      <LocalizedName description="LOS_FLOWS" languagecode="1033" />
    </LocalizedNames>
    <Descriptions />
    <Version>1.0.0.2</Version>
    <Managed>0</Managed>
    <Publisher>
      <UniqueName>ESA</UniqueName>
      <LocalizedNames>
        <LocalizedName description="ESA" languagecode="1033" />
      </LocalizedNames>
      <Descriptions />
      <EMailAddress xsi:nil="true"></EMailAddress>
      <SupportingWebsiteUrl xsi:nil="true"></SupportingWebsiteUrl>
      <CustomizationPrefix>esamk</CustomizationPrefix>
      <CustomizationOptionValuePrefix>30529</CustomizationOptionValuePrefix>
      <Addresses>
        <Address>
          <AddressNumber>1</AddressNumber>
          <AddressTypeCode>1</AddressTypeCode>
          <City xsi:nil="true"></City>
          <County xsi:nil="true"></County>
          <Country xsi:nil="true"></Country>
          <Fax xsi:nil="true"></Fax>
          <FreightTermsCode xsi:nil="true"></FreightTermsCode>
          <ImportSequenceNumber xsi:nil="true"></ImportSequenceNumber>
          <Latitude xsi:nil="true"></Latitude>
          <Line1 xsi:nil="true"></Line1>
          <Line2 xsi:nil="true"></Line2>
          <Line3 xsi:nil="true"></Line3>
          <Longitude xsi:nil="true"></Longitude>
          <Name xsi:nil="true"></Name>
          <PostalCode xsi:nil="true"></PostalCode>
          <PostOfficeBox xsi:nil="true"></PostOfficeBox>
          <PrimaryContactName xsi:nil="true"></PrimaryContactName>
          <ShippingMethodCode>1</ShippingMethodCode>
          <StateOrProvince xsi:nil="true"></StateOrProvince>
          <Telephone1 xsi:nil="true"></Telephone1>
          <Telephone2 xsi:nil="true"></Telephone2>
          <Telephone3 xsi:nil="true"></Telephone3>
          <TimeZoneRuleVersionNumber xsi:nil="true"></TimeZoneRuleVersionNumber>
          <UPSZone xsi:nil="true"></UPSZone>
          <UTCOffset xsi:nil="true"></UTCOffset>
          <UTCConversionTimeZoneCode xsi:nil="true"></UTCConversionTimeZoneCode>
        </Address>
        <Address>
          <AddressNumber>2</AddressNumber>
          <AddressTypeCode>1</AddressTypeCode>
          <City xsi:nil="true"></City>
          <County xsi:nil="true"></County>
          <Country xsi:nil="true"></Country>
          <Fax xsi:nil="true"></Fax>
          <FreightTermsCode xsi:nil="true"></FreightTermsCode>
          <ImportSequenceNumber xsi:nil="true"></ImportSequenceNumber>
          <Latitude xsi:nil="true"></Latitude>
          <Line1 xsi:nil="true"></Line1>
          <Line2 xsi:nil="true"></Line2>
          <Line3 xsi:nil="true"></Line3>
          <Longitude xsi:nil="true"></Longitude>
          <Name xsi:nil="true"></Name>
          <PostalCode xsi:nil="true"></PostalCode>
          <PostOfficeBox xsi:nil="true"></PostOfficeBox>
          <PrimaryContactName xsi:nil="true"></PrimaryContactName>
          <ShippingMethodCode>1</ShippingMethodCode>
          <StateOrProvince xsi:nil="true"></StateOrProvince>
          <Telephone1 xsi:nil="true"></Telephone1>
          <Telephone2 xsi:nil="true"></Telephone2>
          <Telephone3 xsi:nil="true"></Telephone3>
          <TimeZoneRuleVersionNumber xsi:nil="true"></TimeZoneRuleVersionNumber>
          <UPSZone xsi:nil="true"></UPSZone>
          <UTCOffset xsi:nil="true"></UTCOffset>
          <UTCConversionTimeZoneCode xsi:nil="true"></UTCConversionTimeZoneCode>
        </Address>
      </Addresses>
    </Publisher>
    <RootComponents>
      <RootComponent type="29" id="{15f89532-2900-f011-bae3-7c1e52216c84}" behavior="0" />
      <RootComponent type="29" id="{37941467-0ddf-ef11-8eea-6045bddf725a}" behavior="0" />
      <RootComponent type="29" id="{38941467-0ddf-ef11-8eea-6045bddf725a}" behavior="0" />
      <RootComponent type="29" id="{50a6d660-fff8-ef11-bae2-7c1e52768cb0}" behavior="0" />
      <RootComponent type="29" id="{58d2c5b1-69fb-ef11-bae2-7c1e52768cb0}" behavior="0" />
      <RootComponent type="29" id="{843af4a9-e8e2-ef11-9342-6045bd13613d}" behavior="0" />
      <RootComponent type="29" id="{8590e6e7-72fb-ef11-bae2-7c1e52216c84}" behavior="0" />
      <RootComponent type="29" id="{cc6b57d7-d008-f011-bae3-7c1e52350c34}" behavior="0" />
    </RootComponents>
    <MissingDependencies>
      <MissingDependency>
        <Required type="1" schemaName="esamk_letterofsupport1" displayName="AuthorisationOfFunding" solution="Active" />
        <Dependent type="29" displayName="Specifiers" id="{15f89532-2900-f011-bae3-7c1e52216c84}" />
      </MissingDependency>
      <MissingDependency>
        <Required type="1" schemaName="esamk_letterofsupport1" displayName="AuthorisationOfFunding" solution="Active" />
        <Dependent type="29" displayName="ESA Letter of Support - Send for Signature" id="{37941467-0ddf-ef11-8eea-6045bddf725a}" />
      </MissingDependency>
      <MissingDependency>
        <Required type="1" schemaName="esamk_letterofsupport1" displayName="AuthorisationOfFunding" solution="Active" />
        <Dependent type="29" displayName="ESA - LoS - Completed" id="{38941467-0ddf-ef11-8eea-6045bddf725a}" />
      </MissingDependency>
      <MissingDependency>
        <Required type="1" schemaName="esamk_letterofsupport1" displayName="AuthorisationOfFunding" solution="Active" />
        <Dependent type="29" displayName="Pull through Specifiers" id="{58d2c5b1-69fb-ef11-bae2-7c1e52768cb0}" />
      </MissingDependency>
      <MissingDependency>
        <Required type="1" schemaName="esamk_letterofsupport1" displayName="AuthorisationOfFunding" solution="Active" />
        <Dependent type="29" displayName="ESA - LoS - Delivered" id="{843af4a9-e8e2-ef11-9342-6045bd13613d}" />
      </MissingDependency>
      <MissingDependency>
        <Required type="1" schemaName="esamk_letterofsupport1" displayName="AuthorisationOfFunding" solution="Active" />
        <Dependent type="29" displayName="Set User Type" id="{8590e6e7-72fb-ef11-bae2-7c1e52216c84}" />
      </MissingDependency>
      <MissingDependency>
        <Required type="1" schemaName="esamk_letterofsupport1" displayName="AuthorisationOfFunding" solution="Active" />
        <Dependent type="29" displayName="Send Email to Specifiers" id="{cc6b57d7-d008-f011-bae3-7c1e52350c34}" />
      </MissingDependency>
      <MissingDependency>
        <Required type="1" schemaName="esamk_letterofsupportprocess" displayName="Letter of Support Process" solution="Active" />
        <Dependent type="29" displayName="ESA Letter of Support - Send for Signature" id="{37941467-0ddf-ef11-8eea-6045bddf725a}" />
      </MissingDependency>
      <MissingDependency>
        <Required type="1" schemaName="esamk_letterofsupportprocess" displayName="Letter of Support Process" solution="Active" />
        <Dependent type="29" displayName="ESA - LoS - Completed" id="{38941467-0ddf-ef11-8eea-6045bddf725a}" />
      </MissingDependency>
      <MissingDependency>
        <Required type="1" schemaName="esamk_letterofsupportprocess" displayName="Letter of Support Process" solution="Active" />
        <Dependent type="29" displayName="ESA - LoS - Delivered" id="{843af4a9-e8e2-ef11-9342-6045bd13613d}" />
      </MissingDependency>
      <MissingDependency>
        <Required type="1" schemaName="esamk_letterofsupportprocess" displayName="Letter of Support Process" solution="Active" />
        <Dependent type="29" displayName="Send Email to Specifiers" id="{cc6b57d7-d008-f011-bae3-7c1e52350c34}" />
      </MissingDependency>
      <MissingDependency>
        <Required type="1" schemaName="esamk_lut_activity" displayName="lut_activity" solution="Active" />
        <Dependent type="29" displayName="ESA Letter of Support - Send for Signature" id="{37941467-0ddf-ef11-8eea-6045bddf725a}" />
      </MissingDependency>
      <MissingDependency>
        <Required type="1" schemaName="esamk_lut_activity" displayName="lut_activity" solution="Active" />
        <Dependent type="29" displayName="ESA - LoS - Completed" id="{38941467-0ddf-ef11-8eea-6045bddf725a}" />
      </MissingDependency>
      <MissingDependency>
        <Required type="1" schemaName="esamk_lut_activity" displayName="lut_activity" solution="Active" />
        <Dependent type="29" displayName="Import Workplans" id="{50a6d660-fff8-ef11-bae2-7c1e52768cb0}" />
      </MissingDependency>
      <MissingDependency>
        <Required type="1" schemaName="esamk_lut_directorgeneral" displayName="lut_directorgeneral" solution="Active" />
        <Dependent type="29" displayName="ESA Letter of Support - Send for Signature" id="{37941467-0ddf-ef11-8eea-6045bddf725a}" />
      </MissingDependency>
      <MissingDependency>
        <Required type="1" schemaName="esamk_lut_domain" displayName="lut_domain" solution="Active" />
        <Dependent type="29" displayName="Import Workplans" id="{50a6d660-fff8-ef11-bae2-7c1e52768cb0}" />
      </MissingDependency>
      <MissingDependency>
        <Required type="1" schemaName="esamk_lut_programme" displayName="lut_programme" solution="Active" />
        <Dependent type="29" displayName="ESA Letter of Support - Send for Signature" id="{37941467-0ddf-ef11-8eea-6045bddf725a}" />
      </MissingDependency>
      <MissingDependency>
        <Required type="1" schemaName="esamk_lut_programme" displayName="lut_programme" solution="Active" />
        <Dependent type="29" displayName="Import Workplans" id="{50a6d660-fff8-ef11-bae2-7c1e52768cb0}" />
      </MissingDependency>
      <MissingDependency>
        <Required type="1" schemaName="esamk_lut_programme_component" displayName="lut_programme_component" solution="Active" />
        <Dependent type="29" displayName="Import Workplans" id="{50a6d660-fff8-ef11-bae2-7c1e52768cb0}" />
      </MissingDependency>
      <MissingDependency>
        <Required type="1" schemaName="esamk_lut_programme_element" displayName="lut_programme_element" solution="Active" />
        <Dependent type="29" displayName="ESA Letter of Support - Send for Signature" id="{37941467-0ddf-ef11-8eea-6045bddf725a}" />
      </MissingDependency>
      <MissingDependency>
        <Required type="1" schemaName="esamk_lut_programme_element" displayName="lut_programme_element" solution="Active" />
        <Dependent type="29" displayName="Import Workplans" id="{50a6d660-fff8-ef11-bae2-7c1e52768cb0}" />
      </MissingDependency>
      <MissingDependency>
        <Required type="1" schemaName="esamk_memberstate" displayName="Member State" solution="Active" />
        <Dependent type="29" displayName="Specifiers" id="{15f89532-2900-f011-bae3-7c1e52216c84}" />
      </MissingDependency>
      <MissingDependency>
        <Required type="1" schemaName="esamk_memberstate" displayName="Member State" solution="Active" />
        <Dependent type="29" displayName="ESA Letter of Support - Send for Signature" id="{37941467-0ddf-ef11-8eea-6045bddf725a}" />
      </MissingDependency>
      <MissingDependency>
        <Required type="1" schemaName="esamk_memberstate" displayName="Member State" solution="Active" />
        <Dependent type="29" displayName="Pull through Specifiers" id="{58d2c5b1-69fb-ef11-bae2-7c1e52768cb0}" />
      </MissingDependency>
      <MissingDependency>
        <Required type="1" schemaName="esamk_memberstate" displayName="Member State" solution="Active" />
        <Dependent type="29" displayName="Set User Type" id="{8590e6e7-72fb-ef11-bae2-7c1e52216c84}" />
      </MissingDependency>
      <MissingDependency>
        <Required type="1" schemaName="esamk_workplans" displayName="Workplans" solution="Active" />
        <Dependent type="29" displayName="Import Workplans" id="{50a6d660-fff8-ef11-bae2-7c1e52768cb0}" />
      </MissingDependency>
      <MissingDependency>
        <Required type="2" schemaName="esamk_submit" displayName="Submit" parentSchemaName="esamk_letterofsupport1" parentDisplayName="AuthorisationOfFunding" solution="Active" />
        <Dependent type="29" displayName="ESA Letter of Support - Send for Signature" id="{37941467-0ddf-ef11-8eea-6045bddf725a}" />
      </MissingDependency>
      <MissingDependency>
        <Required type="2" schemaName="esamk_submit" displayName="Submit" parentSchemaName="esamk_letterofsupport1" parentDisplayName="AuthorisationOfFunding" solution="Active" />
        <Dependent type="29" displayName="Send Email to Specifiers" id="{cc6b57d7-d008-f011-bae3-7c1e52350c34}" />
      </MissingDependency>
    </MissingDependencies>
  </SolutionManifest>
</ImportExportXml>