<ImportExportXml version="9.2.25013.198" SolutionPackageVersion="9.2" languagecode="1033" generatedBy="CrmLive" xmlns:xsi="http://www.w3.org/2001/XMLSchema-instance" OrganizationVersion="9.2.25013.198" OrganizationSchemaType="Full" CRMServerServiceabilityVersion="9.2.25013.00198">
  <SolutionManifest>
    <UniqueName>LetterOfSupport</UniqueName>
    <LocalizedNames>
      <LocalizedName description="LetterOfSupport" languagecode="1033" />
    </LocalizedNames>
    <Descriptions />
    <Version>1.0.0.14</Version>
    <Managed>0</Managed>
    <Publisher>
      <UniqueName>ESA</UniqueName>
      <LocalizedNames>
        <LocalizedName description="ESA" languagecode="1033" />
      </LocalizedNames>
      <Descriptions />
      <EMailAddress xsi:nil="true"></EMailAddress>
      <SupportingWebsiteUrl xsi:nil="true"></SupportingWebsiteUrl>
      <CustomizationPrefix>esamk</CustomizationPrefix>
      <CustomizationOptionValuePrefix>30529</CustomizationOptionValuePrefix>
      <Addresses>
        <Address>
          <AddressNumber>1</AddressNumber>
          <AddressTypeCode>1</AddressTypeCode>
          <City xsi:nil="true"></City>
          <County xsi:nil="true"></County>
          <Country xsi:nil="true"></Country>
          <Fax xsi:nil="true"></Fax>
          <FreightTermsCode xsi:nil="true"></FreightTermsCode>
          <ImportSequenceNumber xsi:nil="true"></ImportSequenceNumber>
          <Latitude xsi:nil="true"></Latitude>
          <Line1 xsi:nil="true"></Line1>
          <Line2 xsi:nil="true"></Line2>
          <Line3 xsi:nil="true"></Line3>
          <Longitude xsi:nil="true"></Longitude>
          <Name xsi:nil="true"></Name>
          <PostalCode xsi:nil="true"></PostalCode>
          <PostOfficeBox xsi:nil="true"></PostOfficeBox>
          <PrimaryContactName xsi:nil="true"></PrimaryContactName>
          <ShippingMethodCode>1</ShippingMethodCode>
          <StateOrProvince xsi:nil="true"></StateOrProvince>
          <Telephone1 xsi:nil="true"></Telephone1>
          <Telephone2 xsi:nil="true"></Telephone2>
          <Telephone3 xsi:nil="true"></Telephone3>
          <TimeZoneRuleVersionNumber xsi:nil="true"></TimeZoneRuleVersionNumber>
          <UPSZone xsi:nil="true"></UPSZone>
          <UTCOffset xsi:nil="true"></UTCOffset>
          <UTCConversionTimeZoneCode xsi:nil="true"></UTCConversionTimeZoneCode>
        </Address>
        <Address>
          <AddressNumber>2</AddressNumber>
          <AddressTypeCode>1</AddressTypeCode>
          <City xsi:nil="true"></City>
          <County xsi:nil="true"></County>
          <Country xsi:nil="true"></Country>
          <Fax xsi:nil="true"></Fax>
          <FreightTermsCode xsi:nil="true"></FreightTermsCode>
          <ImportSequenceNumber xsi:nil="true"></ImportSequenceNumber>
          <Latitude xsi:nil="true"></Latitude>
          <Line1 xsi:nil="true"></Line1>
          <Line2 xsi:nil="true"></Line2>
          <Line3 xsi:nil="true"></Line3>
          <Longitude xsi:nil="true"></Longitude>
          <Name xsi:nil="true"></Name>
          <PostalCode xsi:nil="true"></PostalCode>
          <PostOfficeBox xsi:nil="true"></PostOfficeBox>
          <PrimaryContactName xsi:nil="true"></PrimaryContactName>
          <ShippingMethodCode>1</ShippingMethodCode>
          <StateOrProvince xsi:nil="true"></StateOrProvince>
          <Telephone1 xsi:nil="true"></Telephone1>
          <Telephone2 xsi:nil="true"></Telephone2>
          <Telephone3 xsi:nil="true"></Telephone3>
          <TimeZoneRuleVersionNumber xsi:nil="true"></TimeZoneRuleVersionNumber>
          <UPSZone xsi:nil="true"></UPSZone>
          <UTCOffset xsi:nil="true"></UTCOffset>
          <UTCConversionTimeZoneCode xsi:nil="true"></UTCConversionTimeZoneCode>
        </Address>
      </Addresses>
    </Publisher>
    <RootComponents>
      <RootComponent type="1" schemaName="account" behavior="1" />
      <RootComponent type="1" schemaName="activitypointer" behavior="1" />
      <RootComponent type="1" schemaName="esamk_activityrecord" behavior="0" />
      <RootComponent type="1" schemaName="esamk_letterofsupport" behavior="0" />
      <RootComponent type="1" schemaName="esamk_letterofsupport1" behavior="0" />
      <RootComponent type="1" schemaName="esamk_letterofsupportprocess" behavior="0" />
      <RootComponent type="1" schemaName="esamk_memberstate" behavior="0" />
      <RootComponent type="1" schemaName="expiredprocess" behavior="1" />
      <RootComponent type="1" schemaName="knowledgearticle" behavior="1" />
      <RootComponent type="20" behavior="0" parentId="{119f245c-3cc8-4b62-b31c-d1a046ced15d}" />
      <RootComponent type="29" id="{121c6172-37e9-ef11-9342-6045bdd2a0ba}" behavior="0" />
      <RootComponent type="29" id="{37941467-0ddf-ef11-8eea-6045bddf725a}" behavior="0" />
      <RootComponent type="29" id="{38941467-0ddf-ef11-8eea-6045bddf725a}" behavior="0" />
      <RootComponent type="29" id="{6a787ad3-d2dc-ef11-8eea-000d3ad99341}" behavior="0" />
      <RootComponent type="29" id="{843af4a9-e8e2-ef11-9342-6045bd13613d}" behavior="0" />
      <RootComponent type="29" id="{96d9c329-50e9-ef11-9342-6045bd13613d}" behavior="0" />
      <RootComponent type="29" id="{bcd43793-5686-4fd4-b3b4-c0c26d6f7e40}" behavior="0" />
      <RootComponent type="29" id="{c06947bf-3ee9-ef11-9342-6045bd13613d}" behavior="0" />
      <RootComponent type="31" id="{2d47e859-cee3-ef11-9342-6045bdd1ad2e}" behavior="0" />
      <RootComponent type="60" id="{01abded7-2dea-ef11-9341-002248a3ea94}" behavior="0" />
      <RootComponent type="60" id="{023280c8-c6ea-ef11-9341-7c1e5220e965}" behavior="0" />
      <RootComponent type="60" id="{92822f0e-28ea-ef11-9341-6045bddea954}" behavior="0" />
      <RootComponent type="60" id="{954704b5-c6ea-ef11-9341-7c1e5220e965}" behavior="0" />
      <RootComponent type="60" id="{a4640db1-4962-4e79-92c6-690e627924d7}" />
      <RootComponent type="60" id="{cc4ffcad-63da-ef11-8eea-000d3ab1b72b}" />
      <RootComponent type="61" schemaName="esamk_esa1" behavior="0" />
      <RootComponent type="61" schemaName="esamk_esa2" behavior="0" />
      <RootComponent type="61" schemaName="esamk_lockscreen" behavior="0" />
      <RootComponent type="61" schemaName="esamk_LOS" behavior="0" />
      <RootComponent type="61" schemaName="msdyncrm_/libs/ckeditor/plugins/preview/preview.html" behavior="0" />
      <RootComponent type="61" schemaName="msdyn_/Images/AppModule_Default_Icon.png" behavior="0" />
      <RootComponent type="62" schemaName="esamk_LetterOfSupport" behavior="0" />
      <RootComponent type="80" schemaName="esamk_LetterOfSupport" behavior="0" />
      <RootComponent type="300" schemaName="esamk_letterofsupportdefaultcommandlibrary_a974d" behavior="0" />
      <RootComponent type="300" schemaName="esamk_saleshubdefaultcommandlibrary_42bbd" behavior="0" />
    </RootComponents>
    <MissingDependencies>
      <MissingDependency>
        <Required type="60" displayName="Activities Dashboard" parentDisplayName="Activity" solution="msdynce_Service (9.0.5.56)" id="{a4640db1-4962-4e79-92c6-690e627924d7}">
          <package appName="msdynce_Service" version="9.0.25013.1004">msdynce_ServiceAnchor (9.0.25013.1004)</package>
        </Required>
        <Dependent type="60" displayName="Activities Dashboard" parentDisplayName="Activity" id="{a4640db1-4962-4e79-92c6-690e627924d7}" />
      </MissingDependency>
      <MissingDependency>
        <Required type="61" schemaName="msdyn_/Images/AppModule_Default_Icon.png" displayName="msdyn_/Images/AppModule_Default_Icon.png" solution="AppModuleWebResources (2.5)" />
        <Dependent type="61" schemaName="msdyn_/Images/AppModule_Default_Icon.png" displayName="msdyn_/Images/AppModule_Default_Icon.png" />
      </MissingDependency>
      <MissingDependency>
        <Required type="61" schemaName="msdyn_/Images/AppModule_Default_Icon.png" displayName="msdyn_/Images/AppModule_Default_Icon.png" solution="AppModuleWebResources (2.5)" />
        <Dependent type="80" schemaName="esamk_LetterOfSupport" displayName="Letter Of Support" />
      </MissingDependency>
      <MissingDependency>
        <Required type="61" schemaName="msdyncrm_/libs/ckeditor/plugins/preview/preview.html" displayName="msdyncrm_/libs/ckeditor/plugins/preview/preview.html" solution="SampleEditorCustomControl (1.70.180.0)">
          <package appName="Base Html Content Designer" version="1.70.180.0">SampleEditorCustomControl (1.70.180.0)</package>
        </Required>
        <Dependent type="61" schemaName="msdyncrm_/libs/ckeditor/plugins/preview/preview.html" displayName="msdyncrm_/libs/ckeditor/plugins/preview/preview.html" />
      </MissingDependency>
      <MissingDependency>
        <Required type="80" schemaName="msdynce_saleshub" displayName="Sales Hub" solution="msdyn_SalesApp (9.0.25012.10001)">
          <package appName="msdynce_SalesInsights" version="9.0.25012.10005">msdynce_SalesInsightsAnchor (9.0.25012.10005)</package>
        </Required>
        <Dependent type="appaction" displayName="esamk__SubmitDocusign!cddbd11b58a946ac8cf35b847a10d70e!msdynce_saleshub!esamk_letterofsupport1!0" id.uniquename="esamk__SubmitDocusign!cddbd11b58a946ac8cf35b847a10d70e!msdynce_saleshub!esamk_letterofsupport1!0" />
      </MissingDependency>
      <MissingDependency>
        <Required type="SettingDefinition" displayName="AppChannel" solution="msdyn_AppFrameworkInfraExtensions (1.0.0.12)" id.uniquename="AppChannel">
          <package appName="PowerAppsAppFramework Package" version="1.0.0.16">PowerAppsAppFramework_Anchor (1.0.0.16)</package>
        </Required>
        <Dependent type="AppSetting" displayName="parentappmoduleid.uniquename=esamk_LetterOfSupport,settingdefinitionid.uniquename=AppChannel" id.parentappmoduleid.uniquename="esamk_LetterOfSupport" id.settingdefinitionid.uniquename="AppChannel" />
      </MissingDependency>
    </MissingDependencies>
  </SolutionManifest>
</ImportExportXml>