<aiskillconfig uniquename="ais_FormFillFieldOptOut_esamk_letterofsupport1_esamk_numberofsignerschoice">
  <aiskill>FormFillFieldOptOut</aiskill>
  <attribute>
    <entityid.logicalname>esamk_letterofsupport1</entityid.logicalname>
    <logicalname>esamk_numberofsignerschoice</logicalname>
  </attribute>
  <description>esamk_letterofsupport1 - NumberOfSignersChoice Form fill opt out</description>
  <entity>
    <logicalname>esamk_letterofsupport1</logicalname>
  </entity>
  <iscustomizable>1</iscustomizable>
  <scope>1</scope>
  <statecode>0</statecode>
  <statuscode>1</statuscode>
</aiskillconfig>