<?xml version='1.0' encoding='UTF-8'?>
<ImportExportXml xmlns="http://www.w3.org/2001/XMLSchema-instance">
  <Entities>
    <Entity>
      <Name LocalizedName="User" OriginalName="">SystemUser</Name>
      <FormXml>
        <forms type="main">
          <systemform type="2">
            <formid>{00000000-0000-0000-0000-000000000000}</formid>
            <IntroducedVersion>1.0.0.0</IntroducedVersion>
            <FormPresentation>1</FormPresentation>
            <FormActivationState>1</FormActivationState>
            <form showImage="false" headerdensity="High">
              <tabs>
                <tab name="general" verticallayout="true" id="{11111111-1111-1111-1111-111111111111}">
                  <labels>
                    <label description="General" languagecode="1033"/>
                  </labels>
                  <columns>
                    <column width="100%">
                      <sections>
                        <section name="authorization_of_funding" showlabel="true" showbar="true" id="{22222222-2222-2222-2222-222222222222}">
                          <labels>
                            <label description="Authorisation of Funding" languagecode="1033"/>
                          </labels>
                          <rows>
                            <row>
                              <cell id="{33333333-3333-3333-3333-333333333333}" colspan="1" rowspan="1">
                                <labels>
                                  <label description="User Name" languagecode="1033"/>
                                </labels>
                                <control id="domainname" classid="{4273EDBD-AC1D-40d3-9FB2-095C621B552D}" datafieldname="domainname"/>
                              </cell>
                            </row>
                            <row>
                              <cell id="{44444444-4444-4444-4444-444444444444}" colspan="1" rowspan="1">
                                <labels>
                                  <label description="User Type" languagecode="1033"/>
                                </labels>
                                <control id="esamk_usertype" classid="{3EF39988-22BB-4F0B-BBBE-64B5A3748AEE}" datafieldname="esamk_usertype"/>
                              </cell>
                            </row>
                          </rows>
                        </section>
                      </sections>
                    </column>
                  </columns>
                </tab>
              </tabs>
              <footer id="{00000000-0000-0000-0000-000000000001}"/>
              <header id="{00000000-0000-0000-0000-000000000000}" celllabelposition="Top" columns="1"/>
              <DisplayConditions Order="1" FallbackForm="true">
                <Everyone/>
              </DisplayConditions>
            </form>
            <formLibraries/>
            <events/>
            <IsCustomizable>1</IsCustomizable>
            <CanBeDeleted>1</CanBeDeleted>
            <LocalizedNames>
              <LocalizedName description="Authorisation of Funding" languagecode="1033"/>
            </LocalizedNames>
            <Descriptions>
              <Description description="Minimal form with required structure" languagecode="1033"/>
            </Descriptions>
          </systemform>
        </forms>
      </FormXml>
    </Entity>
  </Entities>
</ImportExportXml>
