<ImportExportXml version="9.2.24123.230" SolutionPackageVersion="9.2" languagecode="1033" generatedBy="CrmLive" xmlns:xsi="http://www.w3.org/2001/XMLSchema-instance" OrganizationVersion="9.2.24123.230" OrganizationSchemaType="Full" CRMServerServiceabilityVersion="9.2.24123.00230">
  <SolutionManifest>
    <UniqueName>LetterOfSupport</UniqueName>
    <LocalizedNames>
      <LocalizedName description="LetterOfSupport" languagecode="1033" />
    </LocalizedNames>
    <Descriptions />
    <Version>1.0.0.5</Version>
    <Managed>0</Managed>
    <Publisher>
      <UniqueName>ESA</UniqueName>
      <LocalizedNames>
        <LocalizedName description="ESA" languagecode="1033" />
      </LocalizedNames>
      <Descriptions />
      <EMailAddress xsi:nil="true"></EMailAddress>
      <SupportingWebsiteUrl xsi:nil="true"></SupportingWebsiteUrl>
      <CustomizationPrefix>esamk</CustomizationPrefix>
      <CustomizationOptionValuePrefix>30529</CustomizationOptionValuePrefix>
      <Addresses>
        <Address>
          <AddressNumber>1</AddressNumber>
          <AddressTypeCode>1</AddressTypeCode>
          <City xsi:nil="true"></City>
          <County xsi:nil="true"></County>
          <Country xsi:nil="true"></Country>
          <Fax xsi:nil="true"></Fax>
          <FreightTermsCode xsi:nil="true"></FreightTermsCode>
          <ImportSequenceNumber xsi:nil="true"></ImportSequenceNumber>
          <Latitude xsi:nil="true"></Latitude>
          <Line1 xsi:nil="true"></Line1>
          <Line2 xsi:nil="true"></Line2>
          <Line3 xsi:nil="true"></Line3>
          <Longitude xsi:nil="true"></Longitude>
          <Name xsi:nil="true"></Name>
          <PostalCode xsi:nil="true"></PostalCode>
          <PostOfficeBox xsi:nil="true"></PostOfficeBox>
          <PrimaryContactName xsi:nil="true"></PrimaryContactName>
          <ShippingMethodCode>1</ShippingMethodCode>
          <StateOrProvince xsi:nil="true"></StateOrProvince>
          <Telephone1 xsi:nil="true"></Telephone1>
          <Telephone2 xsi:nil="true"></Telephone2>
          <Telephone3 xsi:nil="true"></Telephone3>
          <TimeZoneRuleVersionNumber xsi:nil="true"></TimeZoneRuleVersionNumber>
          <UPSZone xsi:nil="true"></UPSZone>
          <UTCOffset xsi:nil="true"></UTCOffset>
          <UTCConversionTimeZoneCode xsi:nil="true"></UTCConversionTimeZoneCode>
        </Address>
        <Address>
          <AddressNumber>2</AddressNumber>
          <AddressTypeCode>1</AddressTypeCode>
          <City xsi:nil="true"></City>
          <County xsi:nil="true"></County>
          <Country xsi:nil="true"></Country>
          <Fax xsi:nil="true"></Fax>
          <FreightTermsCode xsi:nil="true"></FreightTermsCode>
          <ImportSequenceNumber xsi:nil="true"></ImportSequenceNumber>
          <Latitude xsi:nil="true"></Latitude>
          <Line1 xsi:nil="true"></Line1>
          <Line2 xsi:nil="true"></Line2>
          <Line3 xsi:nil="true"></Line3>
          <Longitude xsi:nil="true"></Longitude>
          <Name xsi:nil="true"></Name>
          <PostalCode xsi:nil="true"></PostalCode>
          <PostOfficeBox xsi:nil="true"></PostOfficeBox>
          <PrimaryContactName xsi:nil="true"></PrimaryContactName>
          <ShippingMethodCode>1</ShippingMethodCode>
          <StateOrProvince xsi:nil="true"></StateOrProvince>
          <Telephone1 xsi:nil="true"></Telephone1>
          <Telephone2 xsi:nil="true"></Telephone2>
          <Telephone3 xsi:nil="true"></Telephone3>
          <TimeZoneRuleVersionNumber xsi:nil="true"></TimeZoneRuleVersionNumber>
          <UPSZone xsi:nil="true"></UPSZone>
          <UTCOffset xsi:nil="true"></UTCOffset>
          <UTCConversionTimeZoneCode xsi:nil="true"></UTCConversionTimeZoneCode>
        </Address>
      </Addresses>
    </Publisher>
    <RootComponents>
      <RootComponent type="1" schemaName="contact" behavior="1" />
      <RootComponent type="1" schemaName="esamk_account" behavior="0" />
      <RootComponent type="1" schemaName="esamk_activityrecord" behavior="0" />
      <RootComponent type="1" schemaName="esamk_letterofsupport1" behavior="0" />
      <RootComponent type="1" schemaName="esamk_memberstate" behavior="0" />
      <RootComponent type="29" id="{6a787ad3-d2dc-ef11-8eea-000d3ad99341}" behavior="0" />
      <RootComponent type="60" id="{3457a79a-5eda-ef11-8eea-000d3adb2292}" behavior="0" />
      <RootComponent type="60" id="{a03379e5-58da-ef11-8eea-000d3ad99341}" behavior="0" />
      <RootComponent type="60" id="{cc4ffcad-63da-ef11-8eea-000d3ab1b72b}" />
      <RootComponent type="62" schemaName="SalesHubSitemap" behavior="0" />
      <RootComponent type="80" schemaName="msdynce_saleshub" behavior="0" />
    </RootComponents>
    <MissingDependencies>
      <MissingDependency>
        <Required type="1" schemaName="adminsettingsentity" displayName="admin_settings_entity" solution="msdynce_SalesPatch (9.0.1904.3002)">
          <package appName="msdynce_Sales" version="9.0.24114.10004">msdynce_SalesAnchor (9.0.24114.10004)</package>
        </Required>
        <Dependent type="62" schemaName="SalesHubSitemap" />
      </MissingDependency>
      <MissingDependency>
        <Required type="1" schemaName="adminsettingsentity" displayName="admin_settings_entity" solution="msdynce_SalesPatch (9.0.1904.3002)">
          <package appName="msdynce_Sales" version="9.0.24114.10004">msdynce_SalesAnchor (9.0.24114.10004)</package>
        </Required>
        <Dependent type="80" schemaName="msdynce_saleshub" displayName="Sales Hub" />
      </MissingDependency>
      <MissingDependency>
        <Required type="1" schemaName="bulkoperation" displayName="Quick Campaign" solution="msdynce_Marketing (9.0.4.37)">
          <package appName="msdynce_Marketing" version="9.0.24123.10001">msdynce_MarketingAnchor (9.0.24123.10001)</package>
        </Required>
        <Dependent type="62" schemaName="SalesHubSitemap" />
      </MissingDependency>
      <MissingDependency>
        <Required type="1" schemaName="bulkoperation" displayName="Quick Campaign" solution="msdynce_Marketing (9.0.4.37)">
          <package appName="msdynce_Marketing" version="9.0.24123.10001">msdynce_MarketingAnchor (9.0.24123.10001)</package>
        </Required>
        <Dependent type="80" schemaName="msdynce_saleshub" displayName="Sales Hub" />
      </MissingDependency>
      <MissingDependency>
        <Required type="1" schemaName="campaign" displayName="Campaign" solution="msdynce_Marketing (9.0.4.37)">
          <package appName="msdynce_Marketing" version="9.0.24123.10001">msdynce_MarketingAnchor (9.0.24123.10001)</package>
        </Required>
        <Dependent type="62" schemaName="SalesHubSitemap" />
      </MissingDependency>
      <MissingDependency>
        <Required type="1" schemaName="campaign" displayName="Campaign" solution="msdynce_Marketing (9.0.4.37)">
          <package appName="msdynce_Marketing" version="9.0.24123.10001">msdynce_MarketingAnchor (9.0.24123.10001)</package>
        </Required>
        <Dependent type="80" schemaName="msdynce_saleshub" displayName="Sales Hub" />
      </MissingDependency>
      <MissingDependency>
        <Required type="1" schemaName="competitor" displayName="Competitor" solution="msdynce_Sales (9.0.4.0076)">
          <package appName="msdynce_Sales" version="9.0.24114.10004">msdynce_SalesAnchor (9.0.24114.10004)</package>
        </Required>
        <Dependent type="62" schemaName="SalesHubSitemap" />
      </MissingDependency>
      <MissingDependency>
        <Required type="1" schemaName="competitor" displayName="Competitor" solution="msdynce_Sales (9.0.4.0076)">
          <package appName="msdynce_Sales" version="9.0.24114.10004">msdynce_SalesAnchor (9.0.24114.10004)</package>
        </Required>
        <Dependent type="80" schemaName="msdynce_saleshub" displayName="Sales Hub" />
      </MissingDependency>
      <MissingDependency>
        <Required type="1" schemaName="discounttype" displayName="Discount List" solution="msdynce_Sales (9.0.4.0076)">
          <package appName="msdynce_Sales" version="9.0.24114.10004">msdynce_SalesAnchor (9.0.24114.10004)</package>
        </Required>
        <Dependent type="62" schemaName="SalesHubSitemap" />
      </MissingDependency>
      <MissingDependency>
        <Required type="1" schemaName="discounttype" displayName="Discount List" solution="msdynce_Sales (9.0.4.0076)">
          <package appName="msdynce_Sales" version="9.0.24114.10004">msdynce_SalesAnchor (9.0.24114.10004)</package>
        </Required>
        <Dependent type="80" schemaName="msdynce_saleshub" displayName="Sales Hub" />
      </MissingDependency>
      <MissingDependency>
        <Required type="1" schemaName="dynamicpropertyoptionsetitem" displayName="Property Option Set Item" solution="msdynce_ProductManagement (9.0.4.0066)">
          <package appName="msdynce_ProductManagement" version="9.0.24114.10001">msdynce_ProductManagementAnchor (9.0.24114.10001)</package>
        </Required>
        <Dependent type="80" schemaName="msdynce_saleshub" displayName="Sales Hub" />
      </MissingDependency>
      <MissingDependency>
        <Required type="1" schemaName="entitlement" displayName="Entitlement" solution="msdynce_Service (9.0.5.56)">
          <package appName="msdynce_Service" version="9.0.24122.1003">msdynce_ServiceAnchor (9.0.24122.1003)</package>
        </Required>
        <Dependent type="80" schemaName="msdynce_saleshub" displayName="Sales Hub" />
      </MissingDependency>
      <MissingDependency>
        <Required type="1" schemaName="incident" displayName="Case" solution="msdynce_Service (9.0.5.56)">
          <package appName="msdynce_Service" version="9.0.24122.1003">msdynce_ServiceAnchor (9.0.24122.1003)</package>
        </Required>
        <Dependent type="62" schemaName="SalesHubSitemap" />
      </MissingDependency>
      <MissingDependency>
        <Required type="1" schemaName="incident" displayName="Case" solution="msdynce_Service (9.0.5.56)">
          <package appName="msdynce_Service" version="9.0.24122.1003">msdynce_ServiceAnchor (9.0.24122.1003)</package>
        </Required>
        <Dependent type="80" schemaName="msdynce_saleshub" displayName="Sales Hub" />
      </MissingDependency>
      <MissingDependency>
        <Required type="1" schemaName="incidentresolution" displayName="Case Resolution" solution="msdynce_Service (9.0.5.56)">
          <package appName="msdynce_Service" version="9.0.24122.1003">msdynce_ServiceAnchor (9.0.24122.1003)</package>
        </Required>
        <Dependent type="80" schemaName="msdynce_saleshub" displayName="Sales Hub" />
      </MissingDependency>
      <MissingDependency>
        <Required type="1" schemaName="invoice" displayName="Invoice" solution="msdynce_Sales (9.0.4.0076)">
          <package appName="msdynce_Sales" version="9.0.24114.10004">msdynce_SalesAnchor (9.0.24114.10004)</package>
        </Required>
        <Dependent type="62" schemaName="SalesHubSitemap" />
      </MissingDependency>
      <MissingDependency>
        <Required type="1" schemaName="invoice" displayName="Invoice" solution="msdynce_Sales (9.0.4.0076)">
          <package appName="msdynce_Sales" version="9.0.24114.10004">msdynce_SalesAnchor (9.0.24114.10004)</package>
        </Required>
        <Dependent type="80" schemaName="msdynce_saleshub" displayName="Sales Hub" />
      </MissingDependency>
      <MissingDependency>
        <Required type="1" schemaName="invoicedetail" displayName="Invoice Product" solution="msdynce_Sales (9.0.4.0076)">
          <package appName="msdynce_Sales" version="9.0.24114.10004">msdynce_SalesAnchor (9.0.24114.10004)</package>
        </Required>
        <Dependent type="80" schemaName="msdynce_saleshub" displayName="Sales Hub" />
      </MissingDependency>
      <MissingDependency>
        <Required type="1" schemaName="lead" displayName="Lead" solution="msdynce_LeadManagement (9.0.4.0066)">
          <package appName="msdynce_LeadManagement" version="9.0.24114.10001">msdynce_LeadManagementAnchor (9.0.24114.10001)</package>
        </Required>
        <Dependent type="62" schemaName="SalesHubSitemap" />
      </MissingDependency>
      <MissingDependency>
        <Required type="1" schemaName="lead" displayName="Lead" solution="msdynce_LeadManagement (9.0.4.0066)">
          <package appName="msdynce_LeadManagement" version="9.0.24114.10001">msdynce_LeadManagementAnchor (9.0.24114.10001)</package>
        </Required>
        <Dependent type="80" schemaName="msdynce_saleshub" displayName="Sales Hub" />
      </MissingDependency>
      <MissingDependency>
        <Required type="1" schemaName="leadtoopportunitysalesprocess" displayName="Lead To Opportunity Sales Process" solution="msdynce_Sales (9.0.4.0076)">
          <package appName="msdynce_Sales" version="9.0.24114.10004">msdynce_SalesAnchor (9.0.24114.10004)</package>
        </Required>
        <Dependent type="80" schemaName="msdynce_saleshub" displayName="Sales Hub" />
      </MissingDependency>
      <MissingDependency>
        <Required type="1" schemaName="list" displayName="Marketing list" solution="msdynce_Marketing (9.0.4.37)">
          <package appName="msdynce_Marketing" version="9.0.24123.10001">msdynce_MarketingAnchor (9.0.24123.10001)</package>
        </Required>
        <Dependent type="62" schemaName="SalesHubSitemap" />
      </MissingDependency>
      <MissingDependency>
        <Required type="1" schemaName="list" displayName="Marketing list" solution="msdynce_Marketing (9.0.4.37)">
          <package appName="msdynce_Marketing" version="9.0.24123.10001">msdynce_MarketingAnchor (9.0.24123.10001)</package>
        </Required>
        <Dependent type="80" schemaName="msdynce_saleshub" displayName="Sales Hub" />
      </MissingDependency>
      <MissingDependency>
        <Required type="1" schemaName="msdyn_callablecontext" displayName="Playbook Callable Context" solution="msdyn_Playbook (9.0.2404.3002 )">
          <package appName="msdynce_Sales" version="9.0.24114.10004">msdynce_SalesAnchor (9.0.24114.10004)</package>
        </Required>
        <Dependent type="80" schemaName="msdynce_saleshub" displayName="Sales Hub" />
      </MissingDependency>
      <MissingDependency>
        <Required type="1" schemaName="msdyn_channelinstance" displayName="Channel Instance" solution="msdyn_D365ChannelDefinitions (1.1.51539.138)">
          <package appName="App profile manager" version="10.1.24122.1008">msdyn_AppProfileManagerAnchor (10.1.24122.1008)</package>
          <package appName="CXP" version="1.1.51539.138">DynamicsMKT_AnchorSolution (1.1.51539.138)</package>
          <package appName="Dynamics 365 CXP Sales" version="1.1.40197.75">DynamicsMKT_CxpSalesAnchorSolution (1.1.40197.75)</package>
        </Required>
        <Dependent type="62" schemaName="SalesHubSitemap" />
      </MissingDependency>
      <MissingDependency>
        <Required type="1" schemaName="msdyn_channelinstance" displayName="Channel Instance" solution="msdyn_D365ChannelDefinitions (1.1.51539.138)">
          <package appName="App profile manager" version="10.1.24122.1008">msdyn_AppProfileManagerAnchor (10.1.24122.1008)</package>
          <package appName="CXP" version="1.1.51539.138">DynamicsMKT_AnchorSolution (1.1.51539.138)</package>
          <package appName="Dynamics 365 CXP Sales" version="1.1.40197.75">DynamicsMKT_CxpSalesAnchorSolution (1.1.40197.75)</package>
        </Required>
        <Dependent type="80" schemaName="msdynce_saleshub" displayName="Sales Hub" />
      </MissingDependency>
      <MissingDependency>
        <Required type="1" schemaName="msdyn_datahygienesettinginfo" displayName="Data Hygiene Setting Info" solution="msdyn_leadhygiene (9.1.2412.3002)">
          <package appName="msdyn_AcceleratedSales" version="9.1.24123.10004">msdyn_AcceleratedSalesAnchor (9.1.24123.10004)</package>
        </Required>
        <Dependent type="62" schemaName="SalesHubSitemap" />
      </MissingDependency>
      <MissingDependency>
        <Required type="1" schemaName="msdyn_datahygienesettinginfo" displayName="Data Hygiene Setting Info" solution="msdyn_leadhygiene (9.1.2412.3002)">
          <package appName="msdyn_AcceleratedSales" version="9.1.24123.10004">msdyn_AcceleratedSalesAnchor (9.1.24123.10004)</package>
        </Required>
        <Dependent type="80" schemaName="msdynce_saleshub" displayName="Sales Hub" />
      </MissingDependency>
      <MissingDependency>
        <Required type="1" schemaName="msdyn_extendedusersetting" displayName="Extended User Setting" solution="msdyn_acceleratedsales (9.1.24123.10004)">
          <package appName="msdynce_SalesInsights" version="9.0.24123.10007">msdynce_SalesInsightsAnchor (9.0.24123.10007)</package>
          <package appName="msdyn_AcceleratedSales" version="9.1.24123.10004">msdyn_AcceleratedSalesAnchor (9.1.24123.10004)</package>
        </Required>
        <Dependent type="62" schemaName="SalesHubSitemap" />
      </MissingDependency>
      <MissingDependency>
        <Required type="1" schemaName="msdyn_extendedusersetting" displayName="Extended User Setting" solution="msdyn_acceleratedsales (9.1.24123.10004)">
          <package appName="msdynce_SalesInsights" version="9.0.24123.10007">msdynce_SalesInsightsAnchor (9.0.24123.10007)</package>
          <package appName="msdyn_AcceleratedSales" version="9.1.24123.10004">msdyn_AcceleratedSalesAnchor (9.1.24123.10004)</package>
        </Required>
        <Dependent type="80" schemaName="msdynce_saleshub" displayName="Sales Hub" />
      </MissingDependency>
      <MissingDependency>
        <Required type="1" schemaName="msdyn_forecastconfiguration" displayName="Forecast Configuration" solution="msdyn_Forecasting (9.0.24111.10004)">
          <package appName="msdyn_SalesIntegrationsAndAddOns" version="9.0.24123.10001">msdyn_SalesIntegrationsAddOns (9.0.24123.10001)</package>
        </Required>
        <Dependent type="62" schemaName="SalesHubSitemap" />
      </MissingDependency>
      <MissingDependency>
        <Required type="1" schemaName="msdyn_forecastconfiguration" displayName="Forecast Configuration" solution="msdyn_Forecasting (9.0.24111.10004)">
          <package appName="msdyn_SalesIntegrationsAndAddOns" version="9.0.24123.10001">msdyn_SalesIntegrationsAddOns (9.0.24123.10001)</package>
        </Required>
        <Dependent type="80" schemaName="msdynce_saleshub" displayName="Sales Hub" />
      </MissingDependency>
      <MissingDependency>
        <Required type="1" schemaName="msdyn_forecastdefinition" displayName="Forecast definition" solution="msdyn_Forecasting (9.0.24111.10004)">
          <package appName="msdyn_SalesIntegrationsAndAddOns" version="9.0.24123.10001">msdyn_SalesIntegrationsAddOns (9.0.24123.10001)</package>
        </Required>
        <Dependent type="80" schemaName="msdynce_saleshub" displayName="Sales Hub" />
      </MissingDependency>
      <MissingDependency>
        <Required type="1" schemaName="msdyn_forecastinstance" displayName="Forecast" solution="msdyn_Forecasting (9.0.24111.10004)">
          <package appName="msdyn_SalesIntegrationsAndAddOns" version="9.0.24123.10001">msdyn_SalesIntegrationsAddOns (9.0.24123.10001)</package>
        </Required>
        <Dependent type="80" schemaName="msdynce_saleshub" displayName="Sales Hub" />
      </MissingDependency>
      <MissingDependency>
        <Required type="1" schemaName="msdyn_forecastrecurrence" displayName="Forecast recurrence" solution="msdyn_Forecasting (9.0.24111.10004)">
          <package appName="msdyn_SalesIntegrationsAndAddOns" version="9.0.24123.10001">msdyn_SalesIntegrationsAddOns (9.0.24123.10001)</package>
        </Required>
        <Dependent type="80" schemaName="msdynce_saleshub" displayName="Sales Hub" />
      </MissingDependency>
      <MissingDependency>
        <Required type="1" schemaName="msdyn_leadhygienesetting" displayName="Lead Hygiene Setting" solution="msdyn_leadhygiene (9.1.2412.3002)">
          <package appName="msdyn_AcceleratedSales" version="9.1.24123.10004">msdyn_AcceleratedSalesAnchor (9.1.24123.10004)</package>
        </Required>
        <Dependent type="62" schemaName="SalesHubSitemap" />
      </MissingDependency>
      <MissingDependency>
        <Required type="1" schemaName="msdyn_leadhygienesetting" displayName="Lead Hygiene Setting" solution="msdyn_leadhygiene (9.1.2412.3002)">
          <package appName="msdyn_AcceleratedSales" version="9.1.24123.10004">msdyn_AcceleratedSalesAnchor (9.1.24123.10004)</package>
        </Required>
        <Dependent type="80" schemaName="msdynce_saleshub" displayName="Sales Hub" />
      </MissingDependency>
      <MissingDependency>
        <Required type="1" schemaName="msdyn_ocliveworkitem" displayName="Conversation" solution="OmnichannelBase (1.10.0.84)">
          <package appName="CXP" version="1.1.51539.138">DynamicsMKT_AnchorSolution (1.1.51539.138)</package>
          <package appName="UnifiedRoutingPrime" version="1.5.26.158">UnifiedRoutingPrimeAnchor (1.5.26.158)</package>
        </Required>
        <Dependent type="80" schemaName="msdynce_saleshub" displayName="Sales Hub" />
      </MissingDependency>
      <MissingDependency>
        <Required type="1" schemaName="msdyn_playbookactivity" displayName="Playbook activity" solution="msdyn_Playbook (9.0.2404.3002 )">
          <package appName="msdynce_Sales" version="9.0.24114.10004">msdynce_SalesAnchor (9.0.24114.10004)</package>
        </Required>
        <Dependent type="80" schemaName="msdynce_saleshub" displayName="Sales Hub" />
      </MissingDependency>
      <MissingDependency>
        <Required type="1" schemaName="msdyn_playbookactivityattribute" displayName="Playbook activity attribute" solution="msdyn_Playbook (9.0.2404.3002 )">
          <package appName="msdynce_Sales" version="9.0.24114.10004">msdynce_SalesAnchor (9.0.24114.10004)</package>
        </Required>
        <Dependent type="80" schemaName="msdynce_saleshub" displayName="Sales Hub" />
      </MissingDependency>
      <MissingDependency>
        <Required type="1" schemaName="msdyn_playbookcategory" displayName="[DEPRECATED] Playbook category" solution="msdyn_Playbook (9.0.2404.3002 )">
          <package appName="msdynce_Sales" version="9.0.24114.10004">msdynce_SalesAnchor (9.0.24114.10004)</package>
        </Required>
        <Dependent type="80" schemaName="msdynce_saleshub" displayName="Sales Hub" />
      </MissingDependency>
      <MissingDependency>
        <Required type="1" schemaName="msdyn_playbookinstance" displayName="Playbook" solution="msdyn_Playbook (9.0.2404.3002 )">
          <package appName="msdynce_Sales" version="9.0.24114.10004">msdynce_SalesAnchor (9.0.24114.10004)</package>
        </Required>
        <Dependent type="80" schemaName="msdynce_saleshub" displayName="Sales Hub" />
      </MissingDependency>
      <MissingDependency>
        <Required type="1" schemaName="msdyn_playbooktemplate" displayName="[DEPRECATED] Playbook template" solution="msdyn_Playbook (9.0.2404.3002 )">
          <package appName="msdynce_Sales" version="9.0.24114.10004">msdynce_SalesAnchor (9.0.24114.10004)</package>
        </Required>
        <Dependent type="80" schemaName="msdynce_saleshub" displayName="Sales Hub" />
      </MissingDependency>
      <MissingDependency>
        <Required type="1" schemaName="msdyn_salescopilotorgsettings" displayName="Org level settings for Sales Copilot apps" solution="msdyn_SalesCopilot (9.1.24114.10003)">
          <package appName="msdynce_Sales" version="9.0.24114.10004">msdynce_SalesAnchor (9.0.24114.10004)</package>
        </Required>
        <Dependent type="62" schemaName="SalesHubSitemap" />
      </MissingDependency>
      <MissingDependency>
        <Required type="1" schemaName="msdyn_salescopilotorgsettings" displayName="Org level settings for Sales Copilot apps" solution="msdyn_SalesCopilot (9.1.24114.10003)">
          <package appName="msdynce_Sales" version="9.0.24114.10004">msdynce_SalesAnchor (9.0.24114.10004)</package>
        </Required>
        <Dependent type="80" schemaName="msdynce_saleshub" displayName="Sales Hub" />
      </MissingDependency>
      <MissingDependency>
        <Required type="1" schemaName="msdyn_salesocsmstemplate" displayName="Text message template" solution="msdyn_SalesOmniChannel (9.1.24123.10004)">
          <package appName="msdyn_AcceleratedSales" version="9.1.24123.10004">msdyn_AcceleratedSalesAnchor (9.1.24123.10004)</package>
        </Required>
        <Dependent type="62" schemaName="SalesHubSitemap" />
      </MissingDependency>
      <MissingDependency>
        <Required type="1" schemaName="msdyn_salesocsmstemplate" displayName="Text message template" solution="msdyn_SalesOmniChannel (9.1.24123.10004)">
          <package appName="msdyn_AcceleratedSales" version="9.1.24123.10004">msdyn_AcceleratedSalesAnchor (9.1.24123.10004)</package>
        </Required>
        <Dependent type="80" schemaName="msdynce_saleshub" displayName="Sales Hub" />
      </MissingDependency>
      <MissingDependency>
        <Required type="1" schemaName="opportunity" displayName="Opportunity" solution="msdynce_Sales (9.0.4.0076)">
          <package appName="msdynce_Sales" version="9.0.24114.10004">msdynce_SalesAnchor (9.0.24114.10004)</package>
        </Required>
        <Dependent type="62" schemaName="SalesHubSitemap" />
      </MissingDependency>
      <MissingDependency>
        <Required type="1" schemaName="opportunity" displayName="Opportunity" solution="msdynce_Sales (9.0.4.0076)">
          <package appName="msdynce_Sales" version="9.0.24114.10004">msdynce_SalesAnchor (9.0.24114.10004)</package>
        </Required>
        <Dependent type="80" schemaName="msdynce_saleshub" displayName="Sales Hub" />
      </MissingDependency>
      <MissingDependency>
        <Required type="1" schemaName="opportunityclose" displayName="Opportunity Close" solution="msdynce_Sales (9.0.4.0076)">
          <package appName="msdynce_Sales" version="9.0.24114.10004">msdynce_SalesAnchor (9.0.24114.10004)</package>
        </Required>
        <Dependent type="80" schemaName="msdynce_saleshub" displayName="Sales Hub" />
      </MissingDependency>
      <MissingDependency>
        <Required type="1" schemaName="opportunityproduct" displayName="Opportunity Product" solution="msdynce_Sales (9.0.4.0076)">
          <package appName="msdynce_Sales" version="9.0.24114.10004">msdynce_SalesAnchor (9.0.24114.10004)</package>
        </Required>
        <Dependent type="80" schemaName="msdynce_saleshub" displayName="Sales Hub" />
      </MissingDependency>
      <MissingDependency>
        <Required type="1" schemaName="opportunitysalesprocess" displayName="Opportunity Sales Process" solution="msdynce_Sales (9.0.4.0076)">
          <package appName="msdynce_Sales" version="9.0.24114.10004">msdynce_SalesAnchor (9.0.24114.10004)</package>
        </Required>
        <Dependent type="80" schemaName="msdynce_saleshub" displayName="Sales Hub" />
      </MissingDependency>
      <MissingDependency>
        <Required type="1" schemaName="phonetocaseprocess" displayName="Phone To Case Process" solution="msdynce_Service (9.0.5.56)">
          <package appName="msdynce_Service" version="9.0.24122.1003">msdynce_ServiceAnchor (9.0.24122.1003)</package>
        </Required>
        <Dependent type="80" schemaName="msdynce_saleshub" displayName="Sales Hub" />
      </MissingDependency>
      <MissingDependency>
        <Required type="1" schemaName="pricelevel" displayName="Price List" solution="msdynce_ProductManagement (9.0.4.0066)">
          <package appName="msdynce_ProductManagement" version="9.0.24114.10001">msdynce_ProductManagementAnchor (9.0.24114.10001)</package>
        </Required>
        <Dependent type="62" schemaName="SalesHubSitemap" />
      </MissingDependency>
      <MissingDependency>
        <Required type="1" schemaName="pricelevel" displayName="Price List" solution="msdynce_ProductManagement (9.0.4.0066)">
          <package appName="msdynce_ProductManagement" version="9.0.24114.10001">msdynce_ProductManagementAnchor (9.0.24114.10001)</package>
        </Required>
        <Dependent type="80" schemaName="msdynce_saleshub" displayName="Sales Hub" />
      </MissingDependency>
      <MissingDependency>
        <Required type="1" schemaName="product" displayName="Product" solution="msdynce_ProductManagement (9.0.4.0066)">
          <package appName="msdynce_ProductManagement" version="9.0.24114.10001">msdynce_ProductManagementAnchor (9.0.24114.10001)</package>
        </Required>
        <Dependent type="62" schemaName="SalesHubSitemap" />
      </MissingDependency>
      <MissingDependency>
        <Required type="1" schemaName="product" displayName="Product" solution="msdynce_ProductManagement (9.0.4.0066)">
          <package appName="msdynce_ProductManagement" version="9.0.24114.10001">msdynce_ProductManagementAnchor (9.0.24114.10001)</package>
        </Required>
        <Dependent type="80" schemaName="msdynce_saleshub" displayName="Sales Hub" />
      </MissingDependency>
      <MissingDependency>
        <Required type="1" schemaName="productpricelevel" displayName="Price List Item" solution="msdynce_ProductManagement (9.0.4.0066)">
          <package appName="msdynce_ProductManagement" version="9.0.24114.10001">msdynce_ProductManagementAnchor (9.0.24114.10001)</package>
        </Required>
        <Dependent type="80" schemaName="msdynce_saleshub" displayName="Sales Hub" />
      </MissingDependency>
      <MissingDependency>
        <Required type="1" schemaName="productsubstitute" displayName="Product Relationship" solution="msdynce_ProductManagement (9.0.4.0066)">
          <package appName="msdynce_ProductManagement" version="9.0.24114.10001">msdynce_ProductManagementAnchor (9.0.24114.10001)</package>
        </Required>
        <Dependent type="80" schemaName="msdynce_saleshub" displayName="Sales Hub" />
      </MissingDependency>
      <MissingDependency>
        <Required type="1" schemaName="quote" displayName="Quote" solution="msdynce_Sales (9.0.4.0076)">
          <package appName="msdynce_Sales" version="9.0.24114.10004">msdynce_SalesAnchor (9.0.24114.10004)</package>
        </Required>
        <Dependent type="62" schemaName="SalesHubSitemap" />
      </MissingDependency>
      <MissingDependency>
        <Required type="1" schemaName="quote" displayName="Quote" solution="msdynce_Sales (9.0.4.0076)">
          <package appName="msdynce_Sales" version="9.0.24114.10004">msdynce_SalesAnchor (9.0.24114.10004)</package>
        </Required>
        <Dependent type="80" schemaName="msdynce_saleshub" displayName="Sales Hub" />
      </MissingDependency>
      <MissingDependency>
        <Required type="1" schemaName="quotedetail" displayName="Quote Product" solution="msdynce_Sales (9.0.4.0076)">
          <package appName="msdynce_Sales" version="9.0.24114.10004">msdynce_SalesAnchor (9.0.24114.10004)</package>
        </Required>
        <Dependent type="80" schemaName="msdynce_saleshub" displayName="Sales Hub" />
      </MissingDependency>
      <MissingDependency>
        <Required type="1" schemaName="salesliterature" displayName="Sales Literature" solution="msdynce_Sales (9.0.4.0076)">
          <package appName="msdynce_Sales" version="9.0.24114.10004">msdynce_SalesAnchor (9.0.24114.10004)</package>
        </Required>
        <Dependent type="62" schemaName="SalesHubSitemap" />
      </MissingDependency>
      <MissingDependency>
        <Required type="1" schemaName="salesliterature" displayName="Sales Literature" solution="msdynce_Sales (9.0.4.0076)">
          <package appName="msdynce_Sales" version="9.0.24114.10004">msdynce_SalesAnchor (9.0.24114.10004)</package>
        </Required>
        <Dependent type="80" schemaName="msdynce_saleshub" displayName="Sales Hub" />
      </MissingDependency>
      <MissingDependency>
        <Required type="1" schemaName="salesorder" displayName="Order" solution="msdynce_Sales (9.0.4.0076)">
          <package appName="msdynce_Sales" version="9.0.24114.10004">msdynce_SalesAnchor (9.0.24114.10004)</package>
        </Required>
        <Dependent type="62" schemaName="SalesHubSitemap" />
      </MissingDependency>
      <MissingDependency>
        <Required type="1" schemaName="salesorder" displayName="Order" solution="msdynce_Sales (9.0.4.0076)">
          <package appName="msdynce_Sales" version="9.0.24114.10004">msdynce_SalesAnchor (9.0.24114.10004)</package>
        </Required>
        <Dependent type="80" schemaName="msdynce_saleshub" displayName="Sales Hub" />
      </MissingDependency>
      <MissingDependency>
        <Required type="1" schemaName="salesorderdetail" displayName="Order Product" solution="msdynce_Sales (9.0.4.0076)">
          <package appName="msdynce_Sales" version="9.0.24114.10004">msdynce_SalesAnchor (9.0.24114.10004)</package>
        </Required>
        <Dependent type="80" schemaName="msdynce_saleshub" displayName="Sales Hub" />
      </MissingDependency>
      <MissingDependency>
        <Required type="1" schemaName="territory" displayName="Territory" solution="msdynce_AppCommon (9.0.4.0066)">
          <package appName="msdynce_AppCommon" version="9.0.24123.10001">msdynce_AppCommonAnchor (9.0.24123.10001)</package>
        </Required>
        <Dependent type="62" schemaName="SalesHubSitemap" />
      </MissingDependency>
      <MissingDependency>
        <Required type="1" schemaName="territory" displayName="Territory" solution="msdynce_AppCommon (9.0.4.0066)">
          <package appName="msdynce_AppCommon" version="9.0.24123.10001">msdynce_AppCommonAnchor (9.0.24123.10001)</package>
        </Required>
        <Dependent type="80" schemaName="msdynce_saleshub" displayName="Sales Hub" />
      </MissingDependency>
      <MissingDependency>
        <Required type="1" schemaName="uom" displayName="Unit" solution="msdynce_ProductManagement (9.0.4.0066)">
          <package appName="msdynce_ProductManagement" version="9.0.24114.10001">msdynce_ProductManagementAnchor (9.0.24114.10001)</package>
        </Required>
        <Dependent type="80" schemaName="msdynce_saleshub" displayName="Sales Hub" />
      </MissingDependency>
      <MissingDependency>
        <Required type="1" schemaName="uomschedule" displayName="Unit Group" solution="msdynce_ProductManagement (9.0.4.0066)">
          <package appName="msdynce_ProductManagement" version="9.0.24114.10001">msdynce_ProductManagementAnchor (9.0.24114.10001)</package>
        </Required>
        <Dependent type="62" schemaName="SalesHubSitemap" />
      </MissingDependency>
      <MissingDependency>
        <Required type="1" schemaName="uomschedule" displayName="Unit Group" solution="msdynce_ProductManagement (9.0.4.0066)">
          <package appName="msdynce_ProductManagement" version="9.0.24114.10001">msdynce_ProductManagementAnchor (9.0.24114.10001)</package>
        </Required>
        <Dependent type="80" schemaName="msdynce_saleshub" displayName="Sales Hub" />
      </MissingDependency>
      <MissingDependency>
        <Required type="26" schemaName="All text messages" displayName="All text messages" parentSchemaName="msdyn_ocliveworkitem" parentDisplayName="Conversation" solution="msdyn_SalesOmniChannel (9.1.24123.10004)" id="{a6960a25-1a4a-ed11-bba2-000d3a98dd1f}">
          <package appName="msdyn_AcceleratedSales" version="9.1.24123.10004">msdyn_AcceleratedSalesAnchor (9.1.24123.10004)</package>
        </Required>
        <Dependent type="80" schemaName="msdynce_saleshub" displayName="Sales Hub" />
      </MissingDependency>
      <MissingDependency>
        <Required type="26" schemaName="My text messages" displayName="My text messages" parentSchemaName="msdyn_ocliveworkitem" parentDisplayName="Conversation" solution="msdyn_SalesOmniChannel (9.1.24123.10004)" id="{b7a71b36-1a4a-fe22-bba2-111d3a98dd1f}">
          <package appName="msdyn_AcceleratedSales" version="9.1.24123.10004">msdyn_AcceleratedSalesAnchor (9.1.24123.10004)</package>
        </Required>
        <Dependent type="80" schemaName="msdynce_saleshub" displayName="Sales Hub" />
      </MissingDependency>
      <MissingDependency>
        <Required type="29" displayName="Phone to Case Process" solution="msdynce_Service (9.0.5.56)" id="{0ffbcde4-61c1-4355-aa89-aa1d7b2b8792}">
          <package appName="msdynce_Service" version="9.0.24122.1003">msdynce_ServiceAnchor (9.0.24122.1003)</package>
        </Required>
        <Dependent type="80" schemaName="msdynce_saleshub" displayName="Sales Hub" />
      </MissingDependency>
      <MissingDependency>
        <Required type="29" displayName="Sales Process" solution="msdynce_Sales (9.0.4.0076)" id="{3e8ebee6-a2bc-4451-9c5f-b146b085413a}">
          <package appName="msdynce_Sales" version="9.0.24114.10004">msdynce_SalesAnchor (9.0.24114.10004)</package>
        </Required>
        <Dependent type="80" schemaName="msdynce_saleshub" displayName="Sales Hub" />
      </MissingDependency>
      <MissingDependency>
        <Required type="29" displayName="Lead to Opportunity Sales Process" solution="msdynce_Sales (9.0.4.0076)" id="{919e14d1-6489-4852-abd0-a63a6ecaac5d}">
          <package appName="msdynce_Sales" version="9.0.24114.10004">msdynce_SalesAnchor (9.0.24114.10004)</package>
        </Required>
        <Dependent type="80" schemaName="msdynce_saleshub" displayName="Sales Hub" />
      </MissingDependency>
      <MissingDependency>
        <Required type="60" displayName="Sales Performance Dashboard" solution="msdynce_Sales (9.0.4.0076)" id="{25b754f5-7563-df11-ae90-00155d2e3002}">
          <package appName="msdynce_Sales" version="9.0.24114.10004">msdynce_SalesAnchor (9.0.24114.10004)</package>
        </Required>
        <Dependent type="80" schemaName="msdynce_saleshub" displayName="Sales Hub" />
      </MissingDependency>
      <MissingDependency>
        <Required type="60" displayName="Sales Activity Social Dashboard" solution="msdynce_Sales (9.0.4.0076)" id="{2701de60-8f2a-48a4-8262-4a35ca7441fa}">
          <package appName="msdynce_Sales" version="9.0.24114.10004">msdynce_SalesAnchor (9.0.24114.10004)</package>
        </Required>
        <Dependent type="80" schemaName="msdynce_saleshub" displayName="Sales Hub" />
      </MissingDependency>
      <MissingDependency>
        <Required type="60" displayName="Sales Activity Dashboard" solution="msdynce_Sales (9.0.4.0076)" id="{45f88f83-0e67-443b-bd05-81d49719f6b1}">
          <package appName="msdynce_Sales" version="9.0.24114.10004">msdynce_SalesAnchor (9.0.24114.10004)</package>
        </Required>
        <Dependent type="80" schemaName="msdynce_saleshub" displayName="Sales Hub" />
      </MissingDependency>
      <MissingDependency>
        <Required type="60" displayName="Sales Dashboard" solution="msdynce_Sales (9.0.4.0076)" id="{d1f511a8-1ead-e211-bb72-00155da9a201}">
          <package appName="msdynce_Sales" version="9.0.24114.10004">msdynce_SalesAnchor (9.0.24114.10004)</package>
        </Required>
        <Dependent type="80" schemaName="msdynce_saleshub" displayName="Sales Hub" />
      </MissingDependency>
      <MissingDependency>
        <Required type="61" schemaName="Forecasting/Images/msdyn_ForecastDefinitionEntityIcon.svg" displayName="Forecasting/Images/msdyn_ForecastDefinitionEntityIcon.svg" solution="msdyn_Forecasting (9.0.24111.10004)">
          <package appName="msdyn_SalesIntegrationsAndAddOns" version="9.0.24123.10001">msdyn_SalesIntegrationsAddOns (9.0.24123.10001)</package>
        </Required>
        <Dependent type="62" schemaName="SalesHubSitemap" />
      </MissingDependency>
      <MissingDependency>
        <Required type="61" schemaName="Forecasting/Images/msdyn_ForecastInstanceEntityIcon.svg" displayName="Forecasting/Images/msdyn_ForecastInstanceEntityIcon.svg" solution="msdyn_Forecasting (9.0.24111.10004)">
          <package appName="msdyn_SalesIntegrationsAndAddOns" version="9.0.24123.10001">msdyn_SalesIntegrationsAddOns (9.0.24123.10001)</package>
        </Required>
        <Dependent type="62" schemaName="SalesHubSitemap" />
      </MissingDependency>
      <MissingDependency>
        <Required type="61" schemaName="msdyn_/Images/AppModule_Default_Icon.png" displayName="msdyn_/Images/AppModule_Default_Icon.png" solution="AppModuleWebResources (2.5)" />
        <Dependent type="80" schemaName="msdynce_saleshub" displayName="Sales Hub" />
      </MissingDependency>
      <MissingDependency>
        <Required type="61" schemaName="msdyn_/Images/Area_Default_Icon.png" displayName="msdyn_/Images/Area_Default_Icon.png" solution="AppModuleWebResources (2.5)" />
        <Dependent type="62" schemaName="SalesHubSitemap" />
      </MissingDependency>
      <MissingDependency>
        <Required type="61" schemaName="Sales/_imgs/goalmanagement/RollupQuery.svg" displayName="Sales/_imgs/goalmanagement/RollupQuery.svg" solution="msdynce_SalesPatch (9.0.1904.3002)">
          <package appName="msdynce_Sales" version="9.0.24114.10004">msdynce_SalesAnchor (9.0.24114.10004)</package>
        </Required>
        <Dependent type="62" schemaName="SalesHubSitemap" />
      </MissingDependency>
      <MissingDependency>
        <Required type="61" schemaName="Sales/_imgs/partnerapps/PartnerApps.svg" displayName="Sales/_imgs/partnerapps/PartnerApps.svg" solution="msdynce_SalesPatch (9.0.1904.3002)">
          <package appName="msdynce_Sales" version="9.0.24114.10004">msdynce_SalesAnchor (9.0.24114.10004)</package>
        </Required>
        <Dependent type="62" schemaName="SalesHubSitemap" />
      </MissingDependency>
      <MissingDependency>
        <Required type="61" schemaName="Sales/_imgs/productgrid/DiscountLists.svg" displayName="Sales/_imgs/productgrid/DiscountLists.svg" solution="msdynce_SalesPatch (9.0.1904.3002)">
          <package appName="msdynce_Sales" version="9.0.24114.10004">msdynce_SalesAnchor (9.0.24114.10004)</package>
        </Required>
        <Dependent type="62" schemaName="SalesHubSitemap" />
      </MissingDependency>
      <MissingDependency>
        <Required type="61" schemaName="Sales/_imgs/productgrid/GoalMetrics.svg" displayName="Sales/_imgs/productgrid/GoalMetrics.svg" solution="msdynce_SalesPatch (9.0.1904.3002)">
          <package appName="msdynce_Sales" version="9.0.24114.10004">msdynce_SalesAnchor (9.0.24114.10004)</package>
        </Required>
        <Dependent type="62" schemaName="SalesHubSitemap" />
      </MissingDependency>
      <MissingDependency>
        <Required type="61" schemaName="Sales/_imgs/productgrid/GoalSettings.svg" displayName="Sales/_imgs/productgrid/GoalSettings.svg" solution="msdynce_SalesPatch (9.0.1904.3002)">
          <package appName="msdynce_Sales" version="9.0.24114.10004">msdynce_SalesAnchor (9.0.24114.10004)</package>
        </Required>
        <Dependent type="62" schemaName="SalesHubSitemap" />
      </MissingDependency>
      <MissingDependency>
        <Required type="61" schemaName="Sales/_imgs/productgrid/PriceLists.svg" displayName="Sales/_imgs/productgrid/PriceLists.svg" solution="msdynce_SalesPatch (9.0.1904.3002)">
          <package appName="msdynce_Sales" version="9.0.24114.10004">msdynce_SalesAnchor (9.0.24114.10004)</package>
        </Required>
        <Dependent type="62" schemaName="SalesHubSitemap" />
      </MissingDependency>
      <MissingDependency>
        <Required type="61" schemaName="Sales/_imgs/productgrid/productCatalogSettings.svg" displayName="Sales/_imgs/productgrid/productCatalogSettings.svg" solution="msdynce_SalesPatch (9.0.1904.3002)">
          <package appName="msdynce_Sales" version="9.0.24114.10004">msdynce_SalesAnchor (9.0.24114.10004)</package>
        </Required>
        <Dependent type="62" schemaName="SalesHubSitemap" />
      </MissingDependency>
      <MissingDependency>
        <Required type="61" schemaName="Sales/_imgs/productgrid/SalesTerritories.svg" displayName="Sales/_imgs/productgrid/SalesTerritories.svg" solution="msdynce_SalesPatch (9.0.1904.3002)">
          <package appName="msdynce_Sales" version="9.0.24114.10004">msdynce_SalesAnchor (9.0.24114.10004)</package>
        </Required>
        <Dependent type="62" schemaName="SalesHubSitemap" />
      </MissingDependency>
      <MissingDependency>
        <Required type="61" schemaName="Sales/_imgs/productgrid/UnitGroups.svg" displayName="Sales/_imgs/productgrid/UnitGroups.svg" solution="msdynce_SalesPatch (9.0.1904.3002)">
          <package appName="msdynce_Sales" version="9.0.24114.10004">msdynce_SalesAnchor (9.0.24114.10004)</package>
        </Required>
        <Dependent type="62" schemaName="SalesHubSitemap" />
      </MissingDependency>
      <MissingDependency>
        <Required type="61" schemaName="Sales/_imgs/saleAdminSetting/GsAnalyticsIcon.svg" displayName="Sales/_imgs/saleAdminSetting/GsAnalyticsIcon.svg" solution="msdynce_SalesPatch202001 (9.0.24114.10004)">
          <package appName="msdynce_Sales" version="9.0.24114.10004">msdynce_SalesAnchor (9.0.24114.10004)</package>
        </Required>
        <Dependent type="62" schemaName="SalesHubSitemap" />
      </MissingDependency>
      <MissingDependency>
        <Required type="61" schemaName="Sales/_imgs/saleAdminSetting/GsChatCollabIcon.svg" displayName="Sales/_imgs/saleAdminSetting/GsChatCollabIcon.svg" solution="msdynce_SalesPatch202001 (9.0.24114.10004)">
          <package appName="msdynce_Sales" version="9.0.24114.10004">msdynce_SalesAnchor (9.0.24114.10004)</package>
        </Required>
        <Dependent type="62" schemaName="SalesHubSitemap" />
      </MissingDependency>
      <MissingDependency>
        <Required type="61" schemaName="Sales/_imgs/saleAdminSetting/GsLinkedInIcon.svg" displayName="Sales/_imgs/saleAdminSetting/GsLinkedInIcon.svg" solution="msdynce_SalesPatch202001 (9.0.24114.10004)">
          <package appName="msdynce_Sales" version="9.0.24114.10004">msdynce_SalesAnchor (9.0.24114.10004)</package>
        </Required>
        <Dependent type="62" schemaName="SalesHubSitemap" />
      </MissingDependency>
      <MissingDependency>
        <Required type="61" schemaName="Sales/_imgs/saleAdminSetting/GsLnOIcon.svg" displayName="Sales/_imgs/saleAdminSetting/GsLnOIcon.svg" solution="msdynce_SalesPatch202001 (9.0.24114.10004)">
          <package appName="msdynce_Sales" version="9.0.24114.10004">msdynce_SalesAnchor (9.0.24114.10004)</package>
        </Required>
        <Dependent type="62" schemaName="SalesHubSitemap" />
      </MissingDependency>
      <MissingDependency>
        <Required type="61" schemaName="Sales/_imgs/saleAdminSetting/GsOverviewIcon.svg" displayName="Sales/_imgs/saleAdminSetting/GsOverviewIcon.svg" solution="msdynce_SalesPatch202001 (9.0.24114.10004)">
          <package appName="msdynce_Sales" version="9.0.24114.10004">msdynce_SalesAnchor (9.0.24114.10004)</package>
        </Required>
        <Dependent type="62" schemaName="SalesHubSitemap" />
      </MissingDependency>
      <MissingDependency>
        <Required type="61" schemaName="Sales/_imgs/saleAdminSetting/GsProductivityToolsIcon.svg" displayName="Sales/_imgs/saleAdminSetting/GsProductivityToolsIcon.svg" solution="msdynce_SalesPatch202001 (9.0.24114.10004)">
          <package appName="msdynce_Sales" version="9.0.24114.10004">msdynce_SalesAnchor (9.0.24114.10004)</package>
        </Required>
        <Dependent type="62" schemaName="SalesHubSitemap" />
      </MissingDependency>
      <MissingDependency>
        <Required type="61" schemaName="Sales/_imgs/saleAdminSetting/GsTeamsCallsIcon.svg" displayName="Sales/_imgs/saleAdminSetting/GsTeamsCallsIcon.svg" solution="msdynce_SalesPatch202001 (9.0.24114.10004)">
          <package appName="msdynce_Sales" version="9.0.24114.10004">msdynce_SalesAnchor (9.0.24114.10004)</package>
        </Required>
        <Dependent type="62" schemaName="SalesHubSitemap" />
      </MissingDependency>
      <MissingDependency>
        <Required type="61" schemaName="Sales/_imgs/saleAdminSetting/InsightIcon.svg" displayName="Sales/_imgs/saleAdminSetting/InsightIcon.svg" solution="msdynce_SalesPatch202001 (9.0.24114.10004)">
          <package appName="msdynce_Sales" version="9.0.24114.10004">msdynce_SalesAnchor (9.0.24114.10004)</package>
        </Required>
        <Dependent type="62" schemaName="SalesHubSitemap" />
      </MissingDependency>
      <MissingDependency>
        <Required type="61" schemaName="Sales/_imgs/saleAdminSetting/SettingsIcon.svg" displayName="Sales/_imgs/saleAdminSetting/SettingsIcon.svg" solution="msdynce_SalesPatch (9.0.1904.3002)">
          <package appName="msdynce_Sales" version="9.0.24114.10004">msdynce_SalesAnchor (9.0.24114.10004)</package>
        </Required>
        <Dependent type="62" schemaName="SalesHubSitemap" />
      </MissingDependency>
      <MissingDependency>
        <Required type="61" schemaName="Sales/_imgs/SiteMap/OpportunityPipelineView.svg" displayName="Sales/_imgs/SiteMap/OpportunityPipelineView.svg" solution="msdyn_SalesApp (9.0.24123.10001)">
          <package appName="msdynce_SalesInsights" version="9.0.24123.10007">msdynce_SalesInsightsAnchor (9.0.24123.10007)</package>
        </Required>
        <Dependent type="62" schemaName="SalesHubSitemap" />
      </MissingDependency>
      <MissingDependency>
        <Required type="61" schemaName="Sales/_imgs/SiteMap/OrgChartIcon.svg" displayName="Sales/_imgs/SiteMap/OrgChartIcon.svg" solution="msdyn_SalesApp (9.0.24123.10001)">
          <package appName="msdynce_SalesInsights" version="9.0.24123.10007">msdynce_SalesInsightsAnchor (9.0.24123.10007)</package>
        </Required>
        <Dependent type="62" schemaName="SalesHubSitemap" />
      </MissingDependency>
      <MissingDependency>
        <Required type="61" schemaName="Sales/_imgs/SiteMap/SalesCopilotIconBlack.svg" displayName="Sales/_imgs/SiteMap/SalesCopilotIconBlack.svg" solution="msdyn_SalesApp (9.0.24123.10001)">
          <package appName="msdynce_SalesInsights" version="9.0.24123.10007">msdynce_SalesInsightsAnchor (9.0.24123.10007)</package>
        </Required>
        <Dependent type="62" schemaName="SalesHubSitemap" />
      </MissingDependency>
      <MissingDependency>
        <Required type="62" schemaName="SalesHubSitemap" solution="msdyn_SalesApp (9.0.24123.10001)">
          <package appName="msdynce_SalesInsights" version="9.0.24123.10007">msdynce_SalesInsightsAnchor (9.0.24123.10007)</package>
        </Required>
        <Dependent type="62" schemaName="SalesHubSitemap" />
      </MissingDependency>
      <MissingDependency>
        <Required type="80" schemaName="msdynce_saleshub" displayName="Sales Hub" solution="msdyn_SalesApp (9.0.24123.10001)">
          <package appName="msdynce_SalesInsights" version="9.0.24123.10007">msdynce_SalesInsightsAnchor (9.0.24123.10007)</package>
        </Required>
        <Dependent type="80" schemaName="msdynce_saleshub" displayName="Sales Hub" />
      </MissingDependency>
      <MissingDependency>
        <Required type="SettingDefinition" displayName="msdyn_EnableSMSButtonInActivity" solution="msdyn_SalesOmniChannel (9.1.24123.10004)" id.uniquename="msdyn_EnableSMSButtonInActivity">
          <package appName="msdyn_AcceleratedSales" version="9.1.24123.10004">msdyn_AcceleratedSalesAnchor (9.1.24123.10004)</package>
        </Required>
        <Dependent type="AppSetting" displayName="parentappmoduleid.uniquename=msdynce_saleshub,settingdefinitionid.uniquename=msdyn_EnableSMSButtonInActivity" id.parentappmoduleid.uniquename="msdynce_saleshub" id.settingdefinitionid.uniquename="msdyn_EnableSMSButtonInActivity" />
      </MissingDependency>
    </MissingDependencies>
  </SolutionManifest>
</ImportExportXml>