<ImportExportXml xmlns:xsi="http://www.w3.org/2001/XMLSchema-instance" OrganizationVersion="9.2.25093.154" OrganizationSchemaType="Full" CRMServerServiceabilityVersion="9.2.25094.00162">
  <Entities>
    <Entity>
      <Name LocalizedName="AuthorisationOfFunding" OriginalName="AuthorisationOfFunding">esamk_LetterOfSupport1</Name>
      <EntityInfo>
        <entity Name="esamk_LetterOfSupport1" unmodified="1">
          <attributes />
        </entity>
      </EntityInfo>
      <RibbonDiffXml>
        <CustomActions>
          <CustomAction Id="esamk.esamk_letterofsupport1.Button3.Button.CustomAction" Location="Mscrm.Form.esamk_letterofsupport1.MainTab.Save.Controls._children" Sequence="100">
            <CommandUIDefinition>
              <Button Alt="$LocLabels:esamk.esamk_letterofsupport1.Button3.Button.Alt" Command="Send to DocuSign" Id="esamk.esamk_letterofsupport1.Button3.Button" LabelText="$LocLabels:esamk.esamk_letterofsupport1.Button3.Button.LabelText" Sequence="100" TemplateAlias="o2" ToolTipTitle="$LocLabels:esamk.esamk_letterofsupport1.Button3.Button.ToolTipTitle" ToolTipDescription="$LocLabels:esamk.esamk_letterofsupport1.Button3.Button.ToolTipDescription" />
            </CommandUIDefinition>
          </CustomAction>
          <CustomAction Id="esamk.esamk_letterofsupport1.Button6.Button.CustomAction" Location="Mscrm.Form.esamk_letterofsupport1.MainTab.Save.Controls._children" Sequence="95">
            <CommandUIDefinition>
              <Button Alt="$LocLabels:esamk.esamk_letterofsupport1.Button6.Button.Alt" Command="Send To Specifiers" Id="esamk.esamk_letterofsupport1.Button6.Button" LabelText="$LocLabels:esamk.esamk_letterofsupport1.Button6.Button.LabelText" Sequence="95" TemplateAlias="o2" ToolTipTitle="$LocLabels:esamk.esamk_letterofsupport1.Button6.Button.ToolTipTitle" ToolTipDescription="$LocLabels:esamk.esamk_letterofsupport1.Button6.Button.ToolTipDescription" />
            </CommandUIDefinition>
          </CustomAction>
          <CustomAction Id="esamk.esamk_letterofsupport1.Button8.Button.CustomAction" Location="Mscrm.Form.esamk_letterofsupport1.MainTab.Save.Controls._children" Sequence="93">
            <CommandUIDefinition>
              <Button Alt="$LocLabels:esamk.esamk_letterofsupport1.Button8.Button.Alt" Command="Change Specifiers" Id="esamk.esamk_letterofsupport1.Button8.Button" LabelText="$LocLabels:esamk.esamk_letterofsupport1.Button8.Button.LabelText" Sequence="93" TemplateAlias="o2" ToolTipTitle="$LocLabels:esamk.esamk_letterofsupport1.Button8.Button.ToolTipTitle" ToolTipDescription="$LocLabels:esamk.esamk_letterofsupport1.Button8.Button.ToolTipDescription" />
            </CommandUIDefinition>
          </CustomAction>
          <CustomAction Id="esamk.esamk_letterofsupport1.Delete.CustomAction" Location="Mscrm.Form.esamk_letterofsupport1.MainTab.Save.Controls._children" Sequence="0">
            <CommandUIDefinition>
              <Button Alt="$Resources:Ribbon.HomepageGrid.MainTab.Management.Delete" Command="esamk.esamk_letterofsupport1.Delete" Id="esamk.esamk_letterofsupport1.Delete" Image32by32="/_imgs/Workplace/remove_32.png" Image16by16="/_imgs/ribbon/Delete_16.png" LabelText="$Resources:Ribbon.HomepageGrid.MainTab.Management.Delete" Sequence="0" TemplateAlias="o2" ToolTipTitle="$Resources:Mscrm_Form_Other_MainTab_Management_Delete_ToolTipTitle" ToolTipDescription="$Resources(EntityDisplayName):Ribbon.Form.Tooltip.Delete" ModernImage="Remove" />
            </CommandUIDefinition>
          </CustomAction>
          <CustomAction Id="esamk.Mscrm.Form.esamk_letterofsupport1.Delete.CustomAction" Location="Mscrm.Form.esamk_letterofsupport1.MainTab.Save.Controls._children" Sequence="70">
            <CommandUIDefinition>
              <Button Alt="$Resources:Ribbon.HomepageGrid.MainTab.Management.Delete" Command="esamk.esamk_letterofsupport1.Delete" Id="Mscrm.Form.esamk_letterofsupport1.Delete" Image32by32="/_imgs/Workplace/remove_32.png" Image16by16="/_imgs/ribbon/Delete_16.png" LabelText="$Resources:Ribbon.HomepageGrid.MainTab.Management.Delete" Sequence="70" TemplateAlias="o2" ToolTipTitle="$Resources:Mscrm_Form_Other_MainTab_Management_Delete_ToolTipTitle" ToolTipDescription="$Resources(EntityDisplayName):Ribbon.Form.Tooltip.Delete" ModernImage="Remove" />
            </CommandUIDefinition>
          </CustomAction>
        </CustomActions>
        <Templates>
          <RibbonTemplates Id="Mscrm.Templates"></RibbonTemplates>
        </Templates>
        <CommandDefinitions>
          <CommandDefinition Id="Change Specifiers">
            <EnableRules>
              <EnableRule Id="esamk.esamk_letterofsupport1.EnableRule2.EnableRule" />
              <EnableRule Id="esamk.esamk_letterofsupport1.EnableRule4.EnableRule" />
            </EnableRules>
            <DisplayRules />
            <Actions>
              <JavaScriptFunction FunctionName="ESAMK.openSpecifierPicker" Library="$webresource:esamk_specifierpickerlauncher">
                <CrmParameter Value="PrimaryControl" />
              </JavaScriptFunction>
            </Actions>
          </CommandDefinition>
          <CommandDefinition Id="esamk.esamk_letterofsupport1.Delete">
            <EnableRules>
              <EnableRule Id="esamk_hideDeleteForm.HideDeleteEnableRule" />
            </EnableRules>
            <DisplayRules />
            <Actions>
              <JavaScriptFunction FunctionName="XrmCore.Commands.Delete.deletePrimaryRecord" Library="$webresource:Main_system_library.js">
                <CrmParameter Value="FirstPrimaryItemId" />
                <CrmParameter Value="PrimaryEntityTypeName" />
              </JavaScriptFunction>
            </Actions>
          </CommandDefinition>
          <CommandDefinition Id="Mscrm.AssignPrimaryRecord">
            <EnableRules>
              <EnableRule Id="Mscrm.FormStateNotNew" />
              <EnableRule Id="esamk.esamk_letterofsupport1.EnableRule4.EnableRule" />
            </EnableRules>
            <DisplayRules />
            <Actions>
              <JavaScriptFunction FunctionName="XrmCore.Commands.Assign.assignObject" Library="$webresource:Main_system_library.js">
                <CrmParameter Value="PrimaryEntityTypeName" />
              </JavaScriptFunction>
            </Actions>
          </CommandDefinition>
          <CommandDefinition Id="Mscrm.DeletePrimaryRecord">
            <EnableRules>
              <EnableRule Id="esamk_hideDeleteForm.HideDeleteEnableRule" />
            </EnableRules>
            <DisplayRules />
            <Actions>
              <JavaScriptFunction FunctionName="XrmCore.Commands.Delete.deletePrimaryRecord" Library="$webresource:Main_system_library.js">
                <CrmParameter Value="FirstPrimaryItemId" />
                <CrmParameter Value="PrimaryEntityTypeName" />
              </JavaScriptFunction>
            </Actions>
          </CommandDefinition>
          <CommandDefinition Id="Mscrm.Form.Deactivate">
            <EnableRules>
              <EnableRule Id="esamk.esamk_letterofsupport1.EnableRule4.EnableRule" />
            </EnableRules>
            <DisplayRules />
            <Actions>
              <JavaScriptFunction FunctionName="XrmCore.Commands.Deactivate.deactivatePrimaryRecord" Library="$webresource:Main_system_library.js">
                <CrmParameter Value="FirstPrimaryItemId" />
                <CrmParameter Value="PrimaryEntityTypeName" />
              </JavaScriptFunction>
            </Actions>
          </CommandDefinition>
          <CommandDefinition Id="Mscrm.Form.Flows">
            <EnableRules>
              <EnableRule Id="Mscrm.IsMicrosoftFlowIntegrationEnabled" />
              <EnableRule Id="esamk.esamk_letterofsupport1.EnableRule4.EnableRule" />
            </EnableRules>
            <DisplayRules />
            <Actions />
          </CommandDefinition>
          <CommandDefinition Id="Mscrm.Form.Flows.ManageRunFlow">
            <EnableRules>
              <EnableRule Id="Mscrm.IsMicrosoftFlowIntegrationEnabled" />
              <EnableRule Id="esamk.esamk_letterofsupport1.EnableRule4.EnableRule" />
            </EnableRules>
            <DisplayRules />
            <Actions />
          </CommandDefinition>
          <CommandDefinition Id="Mscrm.Form.Process">
            <EnableRules>
              <EnableRule Id="Mscrm.FormStateNotNew" />
              <EnableRule Id="Mscrm.IsBPFCommandsAvaialableOffline" />
              <EnableRule Id="esamk.esamk_letterofsupport1.EnableRule4.EnableRule" />
            </EnableRules>
            <DisplayRules />
            <Actions />
          </CommandDefinition>
          <CommandDefinition Id="Mscrm.ReportMenu.Form">
            <EnableRules>
              <EnableRule Id="Mscrm.FormStateNotNew" />
              <EnableRule Id="Mscrm.ShowOnNonModernAndModernIfAllowed" />
              <EnableRule Id="esamk.esamk_letterofsupport1.EnableRule4.EnableRule" />
            </EnableRules>
            <DisplayRules />
            <Actions />
          </CommandDefinition>
          <CommandDefinition Id="Send to DocuSign">
            <EnableRules>
              <EnableRule Id="enablesendtodocusign" />
            </EnableRules>
            <DisplayRules />
            <Actions>
              <JavaScriptFunction FunctionName="updateAndNotify" Library="$webresource:esamk_sendtodocusign">
                <CrmParameter Value="PrimaryControl" />
              </JavaScriptFunction>
            </Actions>
          </CommandDefinition>
          <CommandDefinition Id="Send To Specifiers">
            <EnableRules>
              <EnableRule Id="enablesendtospecifier" />
              <EnableRule Id="esamk.esamk_letterofsupport1.EnableRule4.EnableRule" />
            </EnableRules>
            <DisplayRules />
            <Actions>
              <JavaScriptFunction FunctionName="sendtospecifier" Library="$webresource:esamk_sendtospecifier">
                <CrmParameter Value="PrimaryControl" />
              </JavaScriptFunction>
            </Actions>
          </CommandDefinition>
        </CommandDefinitions>
        <RuleDefinitions>
          <TabDisplayRules />
          <DisplayRules />
          <EnableRules>
            <EnableRule Id="enablesendtodocusign">
              <CustomRule FunctionName="isNotSubmitted" Library="$webresource:esamk_sendtodocusign">
                <CrmParameter Value="PrimaryControl" />
              </CustomRule>
            </EnableRule>
            <EnableRule Id="enablesendtospecifier">
              <CustomRule FunctionName="isButtonEnabled2" Library="$webresource:esamk_sendtospecifier">
                <CrmParameter Value="PrimaryControl" />
              </CustomRule>
            </EnableRule>
            <EnableRule Id="esamk.esamk_letterofsupport1.EnableRule2.EnableRule">
              <CustomRule FunctionName="showIfESA" Library="$webresource:esamk_hidespecifierbutton" Default="false" InvertResult="false">
                <CrmParameter Value="PrimaryControl" />
              </CustomRule>
            </EnableRule>
            <EnableRule Id="esamk.esamk_letterofsupport1.EnableRule4.EnableRule">
              <CustomRule FunctionName="UserTypeVisibility.enableForDelegates" Library="new_HideButtonsByType.js" Default="true" />
            </EnableRule>
            <EnableRule Id="esamk_hideDeleteForm.HideDeleteEnableRule">
              <CustomRule FunctionName="hideDeleteEnableRule" Library="esamk_hideDeleteForm.js" Default="true" InvertResult="false">
                <CrmParameter Value="PrimaryControl" />
              </CustomRule>
            </EnableRule>
            <EnableRule Id="Mscrm.FormStateNotNew">
              <FormStateRule State="Create" InvertResult="true" />
            </EnableRule>
            <EnableRule Id="Mscrm.IsBPFCommandsAvaialableOffline">
              <CustomRule FunctionName="Mscrm.WorkflowWebResource.IsBPFCommandsAvaialableOffline" Library="$webresource:Main_system_library.js" />
            </EnableRule>
            <EnableRule Id="Mscrm.IsMicrosoftFlowIntegrationEnabled">
              <CustomRule FunctionName="XrmCore.Commands.Flows.isMicrosoftFlowEnabled" Library="$webresource:Main_system_library.js" />
            </EnableRule>
            <EnableRule Id="Mscrm.ShowOnNonModernAndModernIfAllowed">
              <OrRule>
                <Or>
                  <CommandClientTypeRule Type="Modern" InvertResult="true" />
                </Or>
                <Or>
                  <CustomRule FunctionName="XrmCore.InternalUtilities.DialogUtilities.isAllowLegacyDialogsEmbedding" Library="$webresource:Main_system_library.js" />
                </Or>
              </OrRule>
            </EnableRule>
          </EnableRules>
        </RuleDefinitions>
        <LocLabels>
          <LocLabel Id="esamk.esamk_letterofsupport1.Button3.Button.Alt">
            <Titles>
              <Title description="Alt  Label" languagecode="1033" />
            </Titles>
          </LocLabel>
          <LocLabel Id="esamk.esamk_letterofsupport1.Button3.Button.LabelText">
            <Titles>
              <Title description="Send To DocuSign" languagecode="1033" />
            </Titles>
          </LocLabel>
          <LocLabel Id="esamk.esamk_letterofsupport1.Button3.Button.ToolTipDescription">
            <Titles>
              <Title description="Send Record to Docusign for Processing" languagecode="1033" />
            </Titles>
          </LocLabel>
          <LocLabel Id="esamk.esamk_letterofsupport1.Button3.Button.ToolTipTitle">
            <Titles>
              <Title description="Send Record to Docusign for Processing" languagecode="1033" />
            </Titles>
          </LocLabel>
          <LocLabel Id="esamk.esamk_letterofsupport1.Button6.Button.Alt">
            <Titles>
              <Title description="Alt" languagecode="1033" />
            </Titles>
          </LocLabel>
          <LocLabel Id="esamk.esamk_letterofsupport1.Button6.Button.LabelText">
            <Titles>
              <Title description="Send To Specifier" languagecode="1033" />
            </Titles>
          </LocLabel>
          <LocLabel Id="esamk.esamk_letterofsupport1.Button6.Button.ToolTipDescription">
            <Titles>
              <Title description="Send EMail to Specifiers to Add Signatories" languagecode="1033" />
            </Titles>
          </LocLabel>
          <LocLabel Id="esamk.esamk_letterofsupport1.Button6.Button.ToolTipTitle">
            <Titles>
              <Title description="Send To Specifier" languagecode="1033" />
            </Titles>
          </LocLabel>
          <LocLabel Id="esamk.esamk_letterofsupport1.Button8.Button.Alt">
            <Titles>
              <Title description="Alt" languagecode="1033" />
            </Titles>
          </LocLabel>
          <LocLabel Id="esamk.esamk_letterofsupport1.Button8.Button.LabelText">
            <Titles>
              <Title description="Change Specifiers" languagecode="1033" />
            </Titles>
          </LocLabel>
          <LocLabel Id="esamk.esamk_letterofsupport1.Button8.Button.ToolTipDescription">
            <Titles>
              <Title description="Change Specifiers" languagecode="1033" />
            </Titles>
          </LocLabel>
          <LocLabel Id="esamk.esamk_letterofsupport1.Button8.Button.ToolTipTitle">
            <Titles>
              <Title description="Change Specifiers" languagecode="1033" />
            </Titles>
          </LocLabel>
        </LocLabels>
      </RibbonDiffXml>
    </Entity>
  </Entities>
  <Roles></Roles>
  <Workflows></Workflows>
  <FieldSecurityProfiles></FieldSecurityProfiles>
  <Templates />
  <EntityMaps />
  <EntityRelationships />
  <OrganizationSettings />
  <optionsets />
  <CustomControls />
  <EntityDataProviders />
  <Languages>
    <Language>1033</Language>
  </Languages>
</ImportExportXml>